=== TE SRC Sat Sep 19 03:52:06 UTC 2026 ===
Cloning into '/dev/shm/TransformerEngine'...
Submodule '3rdparty/cutlass' (https://github.com/NVIDIA/cutlass.git) registered for path '3rdparty/cutlass'
Submodule '3rdparty/googletest' (https://github.com/google/googletest.git) registered for path '3rdparty/googletest'
Submodule '3rdparty/nccl-extensions' (https://github.com/NVIDIA/nccl-extensions.git) registered for path '3rdparty/nccl-extensions'
Cloning into '/dev/shm/TransformerEngine/3rdparty/cutlass'...
Cloning into '/dev/shm/TransformerEngine/3rdparty/googletest'...
Cloning into '/dev/shm/TransformerEngine/3rdparty/nccl-extensions'...
From https://github.com/NVIDIA/cutlass
 * branch            57e3cfb47a2d9e0d46eb6335c3dc411498efa198 -> FETCH_HEAD
Submodule path '3rdparty/cutlass': checked out '57e3cfb47a2d9e0d46eb6335c3dc411498efa198'
From https://github.com/google/googletest
 * branch            f8d7d77c06936315286eb55f8de22cd23c188571 -> FETCH_HEAD
Submodule path '3rdparty/googletest': checked out 'f8d7d77c06936315286eb55f8de22cd23c188571'
From https://github.com/NVIDIA/nccl-extensions
 * branch            9f47d6eb3b60962d8157a579b4caaaa4ae6b19f4 -> FETCH_HEAD
Submodule path '3rdparty/nccl-extensions': checked out '9f47d6eb3b60962d8157a579b4caaaa4ae6b19f4'
Submodule 'third_party/googletest' (https://github.com/google/googletest.git) registered for path '3rdparty/nccl-extensions/third_party/googletest'
Submodule 'third_party/nccl' (https://github.com/NVIDIA/nccl.git) registered for path '3rdparty/nccl-extensions/third_party/nccl'
Cloning into '/dev/shm/TransformerEngine/3rdparty/nccl-extensions/third_party/googletest'...
Cloning into '/dev/shm/TransformerEngine/3rdparty/nccl-extensions/third_party/nccl'...
From https://github.com/google/googletest
 * branch            52eb8108c5bdec04579160ae17225d66034bd723 -> FETCH_HEAD
Submodule path '3rdparty/nccl-extensions/third_party/googletest': checked out '52eb8108c5bdec04579160ae17225d66034bd723'
From https://github.com/NVIDIA/nccl
 * branch            73cf112295c33aee2b895f329f592f2a9b4b0f97 -> FETCH_HEAD
Submodule path '3rdparty/nccl-extensions/third_party/nccl': checked out '73cf112295c33aee2b895f329f592f2a9b4b0f97'
HEAD 555d721
Using Python 3.12.14 environment at: /venv/main
Resolved 1 package in 7.57s
   Building transformer-engine @ file:///dev/shm/TransformerEngine
      Built transformer-engine @ file:///dev/shm/TransformerEngine
Prepared 1 package in 18m 18s
Uninstalled 1 package in 5ms
Installed 1 package in 125ms
 - transformer-engine==2.19.0
 + transformer-engine==2.19.0+555d721 (from file:///dev/shm/TransformerEngine)
  File "<string>", line 1
    import transformer_engine.pytorch as p; print(pytorch
                                                 ^
SyntaxError: '(' was never closed
fallback pip pytorch extension
Using Python 3.12.14 environment at: /venv/main
Resolved 1 package in 36ms
   Building transformer-engine-torch==2.19.0
      Built transformer-engine-torch==2.19.0
Prepared 1 package in 1m 18s
Installed 1 package in 2ms
 + transformer-engine-torch==2.19.0
  File "<string>", line 1
    import transformer_engine.pytorch as p; print(pytorch
                                                 ^
SyntaxError: '(' was never closed
{
  "python": "3.12.14",
  "torch": "2.11.0+cu128",
  "cuda": "12.8",
  "cap": [
    10,
    0
  ],
  "compute_family": "sm100",
  "nvfp4_training_capable": true,
  "te_recipe_kwargs": {},
  "float4_dtype": true,
  "float4_cast": false,
  "scaled_mm": true,
  "functional_scaled_mm": true,
  "grouped_mm": true,
  "te": null,
  "te_pytorch": false,
  "te_nvfp4_recipe": false,
  "te_nvfp4_linear": false,
  "te_nvfp4_linear_copy_once": false,
  "te_nvfp4_linear_64x2048": false,
  "te_grouped_linear": false,
  "hw_nvfp4_gemm": false,
  "errors": {
    "float4_cast": "RuntimeError: copy_() does not support casting Float4_e2m1fn_x2 to different types. Source dtype is BFloat16target dtype is Float4_e2m1fn_x2",
    "te": "AssertionError: Could not find `transformer-engine` PyPI package.",
    "te_pytorch": "AssertionError: Could not find `transformer-engine` PyPI package.",
    "te_nvfp4_recipe": "AssertionError: Could not find `transformer-engine` PyPI package."
  }
}
TE_SRC_DONE
Filesystem      Size  Used Avail Use% Mounted on
overlay          32G   14G   19G  44% /
shm             124G  555M  124G   1% /dev/shm
=== TE source build 2026-09-19T04:33:00Z ===
nvcc Build cuda_12.9.r12.9/compiler.36037853_0 CUDA_HOME=/usr/local/cuda-12.8 CUDACXX=/usr/local/cuda-12.9/bin/nvcc
Using Python 3.12.14 environment at: /venv/main
Checked 3 packages in 38ms
TE src 555d721 NVTE_CUDA_ARCHS=100
Using Python 3.12.14 environment at: /venv/main
Resolved 1 package in 2.28s
   Building transformer-engine @ file:///dev/shm/TransformerEngine
  × Failed to build `transformer-engine @ file:///dev/shm/TransformerEngine`
  ├─▶ The build backend returned an error
  ╰─▶ Call to `setuptools.build_meta:__legacy__.build_wheel` failed (exit
      status: 1)

      [stdout]
      running bdist_wheel
      running build
      running build_py
      creating build/lib.linux-x86_64-cpython-312/transformer_engine
      copying transformer_engine/__init__.py ->
      build/lib.linux-x86_64-cpython-312/transformer_engine
      creating build/lib.linux-x86_64-cpython-312/transformer_engine/pytorch
      copying transformer_engine/pytorch/utils.py ->
      build/lib.linux-x86_64-cpython-312/transformer_engine/pytorch
      copying transformer_engine/pytorch/transformer.py ->
      build/lib.linux-x86_64-cpython-312/transformer_engine/pytorch
      copying transformer_engine/pytorch/torch_version.py ->
      build/lib.linux-x86_64-cpython-312/transformer_engine/pytorch
      copying transformer_engine/pytorch/setup.py ->
      build/lib.linux-x86_64-cpython-312/transformer_engine/pytorch
      copying transformer_engine/pytorch/router.py ->
      build/lib.linux-x86_64-cpython-312/transformer_engine/pytorch
      copying transformer_engine/pytorch/quantized_tensor.py ->
      build/lib.linux-x86_64-cpython-312/transformer_engine/pytorch
      copying transformer_engine/pytorch/quantization.py ->
      build/lib.linux-x86_64-cpython-312/transformer_engine/pytorch
      copying transformer_engine/pytorch/permutation.py ->
      build/lib.linux-x86_64-cpython-312/transformer_engine/pytorch
      copying transformer_engine/pytorch/onnx_extensions.py ->
      build/lib.linux-x86_64-cpython-312/transformer_engine/pytorch
      copying transformer_engine/pytorch/numerics_debug.py ->
      build/lib.linux-x86_64-cpython-312/transformer_engine/pytorch
      copying transformer_engine/pytorch/newton_schulz.py ->
      build/lib.linux-x86_64-cpython-312/transformer_engine/pytorch
      copying transformer_engine/pytorch/jit.py ->
      build/lib.linux-x86_64-cpython-312/transformer_engine/pytorch
      copying transformer_engine/pytorch/graph.py ->
      build/lib.linux-x86_64-cpython-312/transformer_engine/pytorch
      copying transformer_engine/pytorch/fp8.py ->
      build/lib.linux-x86_64-cpython-312/transformer_engine/pytorch
      copying transformer_engine/pytorch/float8_tensor.py ->
      build/lib.linux-x86_64-cpython-312/transformer_engine/pytorch
      copying transformer_engine/pytorch/export.py ->
      build/lib.linux-x86_64-cpython-312/transformer_engine/pytorch
      copying transformer_engine/pytorch/ep.py ->
      build/lib.linux-x86_64-cpython-312/transformer_engine/pytorch
      copying transformer_engine/pytorch/distributed_weight.py ->
      build/lib.linux-x86_64-cpython-312/transformer_engine/pytorch
      copying transformer_engine/pytorch/distributed.py ->
      build/lib.linux-x86_64-cpython-312/transformer_engine/pytorch
      copying transformer_engine/pytorch/cross_entropy.py ->
      build/lib.linux-x86_64-cpython-312/transformer_engine/pytorch
      copying transformer_engine/pytorch/cpu_offload_v1.py ->
      build/lib.linux-x86_64-cpython-312/transformer_engine/pytorch
      copying transformer_engine/pytorch/cpu_offload.py ->
      build/lib.linux-x86_64-cpython-312/transformer_engine/pytorch
      copying transformer_engine/pytorch/constants.py ->
      build/lib.linux-x86_64-cpython-312/transformer_engine/pytorch
      copying transformer_engine/pytorch/_extra_state.py ->
      build/lib.linux-x86_64-cpython-312/transformer_engine/pytorch
      copying transformer_engine/pytorch/__init__.py ->
      build/lib.linux-x86_64-cpython-312/transformer_engine/pytorch
      creating build/lib.linux-x86_64-cpython-312/transformer_engine/jax
      copying transformer_engine/jax/version_utils.py ->
      build/lib.linux-x86_64-cpython-312/transformer_engine/jax
      copying transformer_engine/jax/softmax.py ->
      build/lib.linux-x86_64-cpython-312/transformer_engine/jax
      copying transformer_engine/jax/sharding.py ->
      build/lib.linux-x86_64-cpython-312/transformer_engine/jax
      copying transformer_engine/jax/setup.py ->
      build/lib.linux-x86_64-cpython-312/transformer_engine/jax
      copying transformer_engine/jax/router.py ->
      build/lib.linux-x86_64-cpython-312/transformer_engine/jax
      copying transformer_engine/jax/permutation.py ->
      build/lib.linux-x86_64-cpython-312/transformer_engine/jax
      copying transformer_engine/jax/moe.py ->
      build/lib.linux-x86_64-cpython-312/transformer_engine/jax
      copying transformer_engine/jax/layernorm_mlp.py ->
      build/lib.linux-x86_64-cpython-312/transformer_engine/jax
      copying transformer_engine/jax/layernorm_dense.py ->
      build/lib.linux-x86_64-cpython-312/transformer_engine/jax
      copying transformer_engine/jax/layernorm.py ->
      build/lib.linux-x86_64-cpython-312/transformer_engine/jax
      copying transformer_engine/jax/ep.py ->
      build/lib.linux-x86_64-cpython-312/transformer_engine/jax
      copying transformer_engine/jax/dense.py ->
      build/lib.linux-x86_64-cpython-312/transformer_engine/jax
      copying transformer_engine/jax/checkpoint_policies.py ->
      build/lib.linux-x86_64-cpython-312/transformer_engine/jax
      copying transformer_engine/jax/attention.py ->
      build/lib.linux-x86_64-cpython-312/transformer_engine/jax
      copying transformer_engine/jax/activation.py ->
      build/lib.linux-x86_64-cpython-312/transformer_engine/jax
      copying transformer_engine/jax/__init__.py ->
      build/lib.linux-x86_64-cpython-312/transformer_engine/jax
      creating build/lib.linux-x86_64-cpython-312/transformer_engine/debug
      copying transformer_engine/debug/__init__.py ->
      build/lib.linux-x86_64-cpython-312/transformer_engine/debug
      creating build/lib.linux-x86_64-cpython-312/transformer_engine/common
      copying transformer_engine/common/utils.py ->
      build/lib.linux-x86_64-cpython-312/transformer_engine/common
      copying transformer_engine/common/__init__.py ->
      build/lib.linux-x86_64-cpython-312/transformer_engine/common
      creating
      build/lib.linux-x86_64-cpython-312/transformer_engine/pytorch/triton
      copying transformer_engine/pytorch/triton/permutation.py ->
      build/lib.linux-x86_64-cpython-312/transformer_engine/pytorch/triton
      copying transformer_engine/pytorch/triton/pad.py ->
      build/lib.linux-x86_64-cpython-312/transformer_engine/pytorch/triton
      copying transformer_engine/pytorch/triton/mhc.py ->
      build/lib.linux-x86_64-cpython-312/transformer_engine/pytorch/triton
      copying transformer_engine/pytorch/triton/grouped_dbias_dscales.py ->
      build/lib.linux-x86_64-cpython-312/transformer_engine/pytorch/triton
      copying transformer_engine/pytorch/triton/cross_entropy.py ->
      build/lib.linux-x86_64-cpython-312/transformer_engine/pytorch/triton
      copying transformer_engine/pytorch/triton/__init__.py ->
      build/lib.linux-x86_64-cpython-312/transformer_engine/pytorch/triton
      creating
      build/lib.linux-x86_64-cpython-312/transformer_engine/pytorch/tensor
      copying transformer_engine/pytorch/tensor/utils.py ->
      build/lib.linux-x86_64-cpython-312/transformer_engine/pytorch/tensor
      copying transformer_engine/pytorch/tensor/nvfp4_tensor.py ->
      build/lib.linux-x86_64-cpython-312/transformer_engine/pytorch/tensor
      copying transformer_engine/pytorch/tensor/mxfp8_tensor.py ->
      build/lib.linux-x86_64-cpython-312/transformer_engine/pytorch/tensor
      copying transformer_engine/pytorch/tensor/identity_tensor.py ->
      build/lib.linux-x86_64-cpython-312/transformer_engine/pytorch/tensor
      copying transformer_engine/pytorch/tensor/hybrid_tensor.py ->
      build/lib.linux-x86_64-cpython-312/transformer_engine/pytorch/tensor
      copying transformer_engine/pytorch/tensor/grouped_tensor.py ->
      build/lib.linux-x86_64-cpython-312/transformer_engine/pytorch/tensor
      copying transformer_engine/pytorch/tensor/float8_tensor.py ->
      build/lib.linux-x86_64-cpython-312/transformer_engine/pytorch/tensor
      copying transformer_engine/pytorch/tensor/float8_blockwise_tensor.py ->
      build/lib.linux-x86_64-cpython-312/transformer_engine/pytorch/tensor
      copying transformer_engine/pytorch/tensor/_quantization_helpers.py ->
      build/lib.linux-x86_64-cpython-312/transformer_engine/pytorch/tensor
      copying transformer_engine/pytorch/tensor/__init__.py ->
      build/lib.linux-x86_64-cpython-312/transformer_engine/pytorch/tensor
      creating
      build/lib.linux-x86_64-cpython-312/transformer_engine/pytorch/optimizers
      copying transformer_engine/pytorch/optimizers/newton_schulz.py ->
      build/lib.linux-x86_64-cpython-312/transformer_engine/pytorch/optimizers
      copying transformer_engine/pytorch/optimizers/multi_tensor_apply.py ->
      build/lib.linux-x86_64-cpython-312/transformer_engine/pytorch/optimizers
      copying transformer_engine/pytorch/optimizers/fused_sgd.py ->
      build/lib.linux-x86_64-cpython-312/transformer_engine/pytorch/optimizers
      copying transformer_engine/pytorch/optimizers/fused_adam.py ->
      build/lib.linux-x86_64-cpython-312/transformer_engine/pytorch/optimizers
      copying transformer_engine/pytorch/optimizers/__init__.py ->
      build/lib.linux-x86_64-cpython-312/transformer_engine/pytorch/optimizers
      creating build/lib.linux-x86_64-cpython-312/transformer_engine/pytorch/ops
      copying transformer_engine/pytorch/ops/sequential.py ->
      build/lib.linux-x86_64-cpython-312/transformer_engine/pytorch/ops
      copying transformer_engine/pytorch/ops/op.py ->
      build/lib.linux-x86_64-cpython-312/transformer_engine/pytorch/ops
      copying transformer_engine/pytorch/ops/linear.py ->
      build/lib.linux-x86_64-cpython-312/transformer_engine/pytorch/ops
      copying transformer_engine/pytorch/ops/fuser.py ->
      build/lib.linux-x86_64-cpython-312/transformer_engine/pytorch/ops
      copying transformer_engine/pytorch/ops/_common.py ->
      build/lib.linux-x86_64-cpython-312/transformer_engine/pytorch/ops
      copying transformer_engine/pytorch/ops/__init__.py ->
      build/lib.linux-x86_64-cpython-312/transformer_engine/pytorch/ops
      creating
      build/lib.linux-x86_64-cpython-312/transformer_engine/pytorch/module
      copying transformer_engine/pytorch/module/rmsnorm.py ->
      build/lib.linux-x86_64-cpython-312/transformer_engine/pytorch/module
      copying transformer_engine/pytorch/module/linear.py ->
      build/lib.linux-x86_64-cpython-312/transformer_engine/pytorch/module
      copying transformer_engine/pytorch/module/layernorm_mlp.py ->
      build/lib.linux-x86_64-cpython-312/transformer_engine/pytorch/module
      copying transformer_engine/pytorch/module/layernorm_linear.py ->
      build/lib.linux-x86_64-cpython-312/transformer_engine/pytorch/module
      copying transformer_engine/pytorch/module/layernorm.py ->
      build/lib.linux-x86_64-cpython-312/transformer_engine/pytorch/module
      copying transformer_engine/pytorch/module/grouped_linear.py ->
      build/lib.linux-x86_64-cpython-312/transformer_engine/pytorch/module
      copying transformer_engine/pytorch/module/fp8_unpadding.py ->
      build/lib.linux-x86_64-cpython-312/transformer_engine/pytorch/module
      copying transformer_engine/pytorch/module/fp8_padding.py ->
      build/lib.linux-x86_64-cpython-312/transformer_engine/pytorch/module
      copying transformer_engine/pytorch/module/base.py ->
      build/lib.linux-x86_64-cpython-312/transformer_engine/pytorch/module
      copying transformer_engine/pytorch/module/_common.py ->
      build/lib.linux-x86_64-cpython-312/transformer_engine/pytorch/module
      copying transformer_engine/pytorch/module/__init__.py ->
      build/lib.linux-x86_64-cpython-312/transformer_engine/pytorch/module
      creating
      build/lib.linux-x86_64-cpython-312/transformer_engine/pytorch/dynamo
      copying transformer_engine/pytorch/dynamo/tensor_spec.py ->
      build/lib.linux-x86_64-cpython-312/transformer_engine/pytorch/dynamo
      copying transformer_engine/pytorch/dynamo/quantizer_opaque.py ->
      build/lib.linux-x86_64-cpython-312/transformer_engine/pytorch/dynamo
      copying transformer_engine/pytorch/dynamo/__init__.py ->
      build/lib.linux-x86_64-cpython-312/transformer_engine/pytorch/dynamo
      creating
      build/lib.linux-x86_64-cpython-312/transformer_engine/pytorch/custom_recipes
      copying transformer_engine/pytorch/custom_recipes/reference_utils.py ->
      build/lib.linux-x86_64-cpython-312/transformer_engine/pytorch/custom_recipes
      copying transformer_engine/pytorch/custom_recipes/reference_nvfp4.py ->
      build/lib.linux-x86_64-cpython-312/transformer_engine/pytorch/custom_recipes
      copying
      transformer_engine/pytorch/custom_recipes/reference_current_scaling.py ->
      build/lib.linux-x86_64-cpython-312/transformer_engine/pytorch/custom_recipes
      copying
      transformer_engine/pytorch/custom_recipes/quantizer_factory_zoo.py ->
      build/lib.linux-x86_64-cpython-312/transformer_engine/pytorch/custom_recipes
      copying
      transformer_engine/pytorch/custom_recipes/quantizer_factories.py ->
      build/lib.linux-x86_64-cpython-312/transformer_engine/pytorch/custom_recipes
      copying transformer_engine/pytorch/custom_recipes/gemm.py ->
      build/lib.linux-x86_64-cpython-312/transformer_engine/pytorch/custom_recipes
      copying transformer_engine/pytorch/custom_recipes/__init__.py ->
      build/lib.linux-x86_64-cpython-312/transformer_engine/pytorch/custom_recipes
      creating
      build/lib.linux-x86_64-cpython-312/transformer_engine/pytorch/cpp_extensions
      copying transformer_engine/pytorch/cpp_extensions/gemm.py ->
      build/lib.linux-x86_64-cpython-312/transformer_engine/pytorch/cpp_extensions
      copying transformer_engine/pytorch/cpp_extensions/fused_attn.py ->
      build/lib.linux-x86_64-cpython-312/transformer_engine/pytorch/cpp_extensions
      copying transformer_engine/pytorch/cpp_extensions/__init__.py ->
      build/lib.linux-x86_64-cpython-312/transformer_engine/pytorch/cpp_extensions
      creating
      build/lib.linux-x86_64-cpython-312/transformer_engine/pytorch/attention
      copying transformer_engine/pytorch/attention/rope.py ->
      build/lib.linux-x86_64-cpython-312/transformer_engine/pytorch/attention
      copying transformer_engine/pytorch/attention/multi_head_attention.py ->
      build/lib.linux-x86_64-cpython-312/transformer_engine/pytorch/attention
      copying transformer_engine/pytorch/attention/inference.py ->
      build/lib.linux-x86_64-cpython-312/transformer_engine/pytorch/attention
      copying transformer_engine/pytorch/attention/fused_mla_q_uproj.py ->
      build/lib.linux-x86_64-cpython-312/transformer_engine/pytorch/attention
      copying transformer_engine/pytorch/attention/custom_ops.py ->
      build/lib.linux-x86_64-cpython-312/transformer_engine/pytorch/attention
      copying transformer_engine/pytorch/attention/__init__.py ->
      build/lib.linux-x86_64-cpython-312/transformer_engine/pytorch/attention
      creating
      build/lib.linux-x86_64-cpython-312/transformer_engine/pytorch/tensor/storage
      copying
      transformer_engine/pytorch/tensor/storage/nvfp4_tensor_storage.py ->
      build/lib.linux-x86_64-cpython-312/transformer_engine/pytorch/tensor/storage
      copying
      transformer_engine/pytorch/tensor/storage/mxfp8_tensor_storage.py ->
      build/lib.linux-x86_64-cpython-312/transformer_engine/pytorch/tensor/storage
      copying
      transformer_engine/pytorch/tensor/storage/identity_tensor_storage.py ->
      build/lib.linux-x86_64-cpython-312/transformer_engine/pytorch/tensor/storage
      copying
      transformer_engine/pytorch/tensor/storage/hybrid_tensor_storage.py ->
      build/lib.linux-x86_64-cpython-312/transformer_engine/pytorch/tensor/storage
      copying
      transformer_engine/pytorch/tensor/storage/grouped_tensor_storage.py ->
      build/lib.linux-x86_64-cpython-312/transformer_engine/pytorch/tensor/storage
      copying
      transformer_engine/pytorch/tensor/storage/float8_tensor_storage.py ->
      build/lib.linux-x86_64-cpython-312/transformer_engine/pytorch/tensor/storage
      copying
      transformer_engine/pytorch/tensor/storage/float8_blockwise_tensor_storage.py
      ->
      build/lib.linux-x86_64-cpython-312/transformer_engine/pytorch/tensor/storage
      copying transformer_engine/pytorch/tensor/storage/__init__.py ->
      build/lib.linux-x86_64-cpython-312/transformer_engine/pytorch/tensor/storage
      creating
      build/lib.linux-x86_64-cpython-312/transformer_engine/pytorch/ops/fused
      copying
      transformer_engine/pytorch/ops/fused/userbuffers_forward_linear.py ->
      build/lib.linux-x86_64-cpython-312/transformer_engine/pytorch/ops/fused
      copying
      transformer_engine/pytorch/ops/fused/userbuffers_backward_linear.py ->
      build/lib.linux-x86_64-cpython-312/transformer_engine/pytorch/ops/fused
      copying transformer_engine/pytorch/ops/fused/grouped_mlp.py ->
      build/lib.linux-x86_64-cpython-312/transformer_engine/pytorch/ops/fused
      copying transformer_engine/pytorch/ops/fused/forward_linear_scale_add.py
      -> build/lib.linux-x86_64-cpython-312/transformer_engine/pytorch/ops/fused
      copying transformer_engine/pytorch/ops/fused/forward_linear_bias_add.py ->
      build/lib.linux-x86_64-cpython-312/transformer_engine/pytorch/ops/fused
      copying
      transformer_engine/pytorch/ops/fused/forward_linear_bias_activation.py ->
      build/lib.linux-x86_64-cpython-312/transformer_engine/pytorch/ops/fused
      copying transformer_engine/pytorch/ops/fused/backward_linear_scale.py ->
      build/lib.linux-x86_64-cpython-312/transformer_engine/pytorch/ops/fused
      copying transformer_engine/pytorch/ops/fused/backward_linear_add.py ->
      build/lib.linux-x86_64-cpython-312/transformer_engine/pytorch/ops/fused
      copying transformer_engine/pytorch/ops/fused/backward_add_rmsnorm.py ->
      build/lib.linux-x86_64-cpython-312/transformer_engine/pytorch/ops/fused
      copying transformer_engine/pytorch/ops/fused/backward_activation_bias.py
      -> build/lib.linux-x86_64-cpython-312/transformer_engine/pytorch/ops/fused
      copying transformer_engine/pytorch/ops/fused/__init__.py ->
      build/lib.linux-x86_64-cpython-312/transformer_engine/pytorch/ops/fused
      creating
      build/lib.linux-x86_64-cpython-312/transformer_engine/pytorch/ops/basic
      copying transformer_engine/pytorch/ops/basic/swiglu.py ->
      build/lib.linux-x86_64-cpython-312/transformer_engine/pytorch/ops/basic
      copying transformer_engine/pytorch/ops/basic/rmsnorm.py ->
      build/lib.linux-x86_64-cpython-312/transformer_engine/pytorch/ops/basic
      copying transformer_engine/pytorch/ops/basic/reshape.py ->
      build/lib.linux-x86_64-cpython-312/transformer_engine/pytorch/ops/basic
      copying transformer_engine/pytorch/ops/basic/reduce_scatter.py ->
      build/lib.linux-x86_64-cpython-312/transformer_engine/pytorch/ops/basic
      copying transformer_engine/pytorch/ops/basic/quantize.py ->
      build/lib.linux-x86_64-cpython-312/transformer_engine/pytorch/ops/basic
      copying transformer_engine/pytorch/ops/basic/make_extra_output.py ->
      build/lib.linux-x86_64-cpython-312/transformer_engine/pytorch/ops/basic
      copying transformer_engine/pytorch/ops/basic/layer_norm.py ->
      build/lib.linux-x86_64-cpython-312/transformer_engine/pytorch/ops/basic
      copying transformer_engine/pytorch/ops/basic/l2normalization.py ->
      build/lib.linux-x86_64-cpython-312/transformer_engine/pytorch/ops/basic
      copying transformer_engine/pytorch/ops/basic/identity.py ->
      build/lib.linux-x86_64-cpython-312/transformer_engine/pytorch/ops/basic
      copying transformer_engine/pytorch/ops/basic/grouped_linear.py ->
      build/lib.linux-x86_64-cpython-312/transformer_engine/pytorch/ops/basic
      copying transformer_engine/pytorch/ops/basic/dropout.py ->
      build/lib.linux-x86_64-cpython-312/transformer_engine/pytorch/ops/basic
      copying transformer_engine/pytorch/ops/basic/constant_scale.py ->
      build/lib.linux-x86_64-cpython-312/transformer_engine/pytorch/ops/basic
      copying transformer_engine/pytorch/ops/basic/bias.py ->
      build/lib.linux-x86_64-cpython-312/transformer_engine/pytorch/ops/basic
      copying transformer_engine/pytorch/ops/basic/basic_linear.py ->
      build/lib.linux-x86_64-cpython-312/transformer_engine/pytorch/ops/basic
      copying transformer_engine/pytorch/ops/basic/all_reduce.py ->
      build/lib.linux-x86_64-cpython-312/transformer_engine/pytorch/ops/basic
      copying transformer_engine/pytorch/ops/basic/all_gather.py ->
      build/lib.linux-x86_64-cpython-312/transformer_engine/pytorch/ops/basic
      copying transformer_engine/pytorch/ops/basic/add_extra_input.py ->
      build/lib.linux-x86_64-cpython-312/transformer_engine/pytorch/ops/basic
      copying transformer_engine/pytorch/ops/basic/activation.py ->
      build/lib.linux-x86_64-cpython-312/transformer_engine/pytorch/ops/basic
      copying transformer_engine/pytorch/ops/basic/__init__.py ->
      build/lib.linux-x86_64-cpython-312/transformer_engine/pytorch/ops/basic
      creating
      build/lib.linux-x86_64-cpython-312/transformer_engine/pytorch/attention/linear_attention
      copying transformer_engine/pytorch/attention/linear_attention/gdn.py ->
      build/lib.linux-x86_64-cpython-312/transformer_engine/pytorch/attention/linear_attention
      copying
      transformer_engine/pytorch/attention/linear_attention/__init__.py ->
      build/lib.linux-x86_64-cpython-312/transformer_engine/pytorch/attention/linear_attention
      creating
      build/lib.linux-x86_64-cpython-312/transformer_engine/pytorch/attention/dot_product_attention
      copying
      transformer_engine/pytorch/attention/dot_product_attention/utils.py ->
      build/lib.linux-x86_64-cpython-312/transformer_engine/pytorch/attention/dot_product_attention
      copying
      transformer_engine/pytorch/attention/dot_product_attention/softmax.py ->
      build/lib.linux-x86_64-cpython-312/transformer_engine/pytorch/attention/dot_product_attention
      copying
      transformer_engine/pytorch/attention/dot_product_attention/flex_attention.py
      ->
      build/lib.linux-x86_64-cpython-312/transformer_engine/pytorch/attention/dot_product_attention
      copying
      transformer_engine/pytorch/attention/dot_product_attention/dot_product_attention.py
      ->
      build/lib.linux-x86_64-cpython-312/transformer_engine/pytorch/attention/dot_product_attention
      copying
      transformer_engine/pytorch/attention/dot_product_attention/context_parallel.py
      ->
      build/lib.linux-x86_64-cpython-312/transformer_engine/pytorch/attention/dot_product_attention
      copying
      transformer_engine/pytorch/attention/dot_product_attention/backends.py ->
      build/lib.linux-x86_64-cpython-312/transformer_engine/pytorch/attention/dot_product_attention
      copying
      transformer_engine/pytorch/attention/dot_product_attention/__init__.py ->
      build/lib.linux-x86_64-cpython-312/transformer_engine/pytorch/attention/dot_product_attention
      creating
      build/lib.linux-x86_64-cpython-312/transformer_engine/jax/triton_extensions
      copying transformer_engine/jax/triton_extensions/utils.py ->
      build/lib.linux-x86_64-cpython-312/transformer_engine/jax/triton_extensions
      copying transformer_engine/jax/triton_extensions/permutation.py ->
      build/lib.linux-x86_64-cpython-312/transformer_engine/jax/triton_extensions
      copying transformer_engine/jax/triton_extensions/__init__.py ->
      build/lib.linux-x86_64-cpython-312/transformer_engine/jax/triton_extensions
      creating
      build/lib.linux-x86_64-cpython-312/transformer_engine/jax/quantize
      copying transformer_engine/jax/quantize/tensor.py ->
      build/lib.linux-x86_64-cpython-312/transformer_engine/jax/quantize
      copying transformer_engine/jax/quantize/scaling_modes.py ->
      build/lib.linux-x86_64-cpython-312/transformer_engine/jax/quantize
      copying transformer_engine/jax/quantize/quantizer.py ->
      build/lib.linux-x86_64-cpython-312/transformer_engine/jax/quantize
      copying transformer_engine/jax/quantize/misc.py ->
      build/lib.linux-x86_64-cpython-312/transformer_engine/jax/quantize
      copying transformer_engine/jax/quantize/metadata.py ->
      build/lib.linux-x86_64-cpython-312/transformer_engine/jax/quantize
      copying transformer_engine/jax/quantize/helper.py ->
      build/lib.linux-x86_64-cpython-312/transformer_engine/jax/quantize
      copying transformer_engine/jax/quantize/hadamard.py ->
      build/lib.linux-x86_64-cpython-312/transformer_engine/jax/quantize
      copying transformer_engine/jax/quantize/device_utils.py ->
      build/lib.linux-x86_64-cpython-312/transformer_engine/jax/quantize
      copying transformer_engine/jax/quantize/dequantizer.py ->
      build/lib.linux-x86_64-cpython-312/transformer_engine/jax/quantize
      copying transformer_engine/jax/quantize/__init__.py ->
      build/lib.linux-x86_64-cpython-312/transformer_engine/jax/quantize
      creating build/lib.linux-x86_64-cpython-312/transformer_engine/jax/flax
      copying transformer_engine/jax/flax/transformer.py ->
      build/lib.linux-x86_64-cpython-312/transformer_engine/jax/flax
      copying transformer_engine/jax/flax/moe.py ->
      build/lib.linux-x86_64-cpython-312/transformer_engine/jax/flax
      copying transformer_engine/jax/flax/module.py ->
      build/lib.linux-x86_64-cpython-312/transformer_engine/jax/flax
      copying transformer_engine/jax/flax/__init__.py ->
      build/lib.linux-x86_64-cpython-312/transformer_engine/jax/flax
      creating build/lib.linux-x86_64-cpython-312/transformer_engine/jax/debug
      copying transformer_engine/jax/debug/__init__.py ->
      build/lib.linux-x86_64-cpython-312/transformer_engine/jax/debug
      creating
      build/lib.linux-x86_64-cpython-312/transformer_engine/jax/cpp_extensions
      copying transformer_engine/jax/cpp_extensions/topk.py ->
      build/lib.linux-x86_64-cpython-312/transformer_engine/jax/cpp_extensions
      copying transformer_engine/jax/cpp_extensions/softmax.py ->
      build/lib.linux-x86_64-cpython-312/transformer_engine/jax/cpp_extensions
      copying transformer_engine/jax/cpp_extensions/router.py ->
      build/lib.linux-x86_64-cpython-312/transformer_engine/jax/cpp_extensions
      copying transformer_engine/jax/cpp_extensions/quantization.py ->
      build/lib.linux-x86_64-cpython-312/transformer_engine/jax/cpp_extensions
      copying transformer_engine/jax/cpp_extensions/normalization.py ->
      build/lib.linux-x86_64-cpython-312/transformer_engine/jax/cpp_extensions
      copying transformer_engine/jax/cpp_extensions/misc.py ->
      build/lib.linux-x86_64-cpython-312/transformer_engine/jax/cpp_extensions
      copying transformer_engine/jax/cpp_extensions/gemm.py ->
      build/lib.linux-x86_64-cpython-312/transformer_engine/jax/cpp_extensions
      copying transformer_engine/jax/cpp_extensions/flex_attention.py ->
      build/lib.linux-x86_64-cpython-312/transformer_engine/jax/cpp_extensions
      copying transformer_engine/jax/cpp_extensions/ep.py ->
      build/lib.linux-x86_64-cpython-312/transformer_engine/jax/cpp_extensions
      copying transformer_engine/jax/cpp_extensions/base.py ->
      build/lib.linux-x86_64-cpython-312/transformer_engine/jax/cpp_extensions
      copying transformer_engine/jax/cpp_extensions/attention.py ->
      build/lib.linux-x86_64-cpython-312/transformer_engine/jax/cpp_extensions
      copying transformer_engine/jax/cpp_extensions/amax.py ->
      build/lib.linux-x86_64-cpython-312/transformer_engine/jax/cpp_extensions
      copying transformer_engine/jax/cpp_extensions/activation.py ->
      build/lib.linux-x86_64-cpython-312/transformer_engine/jax/cpp_extensions
      copying transformer_engine/jax/cpp_extensions/__init__.py ->
      build/lib.linux-x86_64-cpython-312/transformer_engine/jax/cpp_extensions
      creating
      build/lib.linux-x86_64-cpython-312/transformer_engine/jax/debug/experimental
      copying transformer_engine/jax/debug/experimental/inspect.py ->
      build/lib.linux-x86_64-cpython-312/transformer_engine/jax/debug/experimental
      copying transformer_engine/jax/debug/experimental/__init__.py ->
      build/lib.linux-x86_64-cpython-312/transformer_engine/jax/debug/experimental
      creating
      build/lib.linux-x86_64-cpython-312/transformer_engine/debug/pytorch
      copying transformer_engine/debug/pytorch/utils.py ->
      build/lib.linux-x86_64-cpython-312/transformer_engine/debug/pytorch
      copying transformer_engine/debug/pytorch/debug_state.py ->
      build/lib.linux-x86_64-cpython-312/transformer_engine/debug/pytorch
      copying transformer_engine/debug/pytorch/debug_quantization.py ->
      build/lib.linux-x86_64-cpython-312/transformer_engine/debug/pytorch
      copying transformer_engine/debug/pytorch/__init__.py ->
      build/lib.linux-x86_64-cpython-312/transformer_engine/debug/pytorch
      creating
      build/lib.linux-x86_64-cpython-312/transformer_engine/debug/features
      copying transformer_engine/debug/features/per_tensor_scaling.py ->
      build/lib.linux-x86_64-cpython-312/transformer_engine/debug/features
      copying transformer_engine/debug/features/log_tensor_stats.py ->
      build/lib.linux-x86_64-cpython-312/transformer_engine/debug/features
      copying transformer_engine/debug/features/log_nvfp4_tensor_stats.py ->
      build/lib.linux-x86_64-cpython-312/transformer_engine/debug/features
      copying transformer_engine/debug/features/log_fp8_tensor_stats.py ->
      build/lib.linux-x86_64-cpython-312/transformer_engine/debug/features
      copying transformer_engine/debug/features/fake_quant.py ->
      build/lib.linux-x86_64-cpython-312/transformer_engine/debug/features
      copying transformer_engine/debug/features/dump_tensors.py ->
      build/lib.linux-x86_64-cpython-312/transformer_engine/debug/features
      copying transformer_engine/debug/features/disable_quantization_layer.py
      -> build/lib.linux-x86_64-cpython-312/transformer_engine/debug/features
      copying transformer_engine/debug/features/disable_quantization_gemm.py
      -> build/lib.linux-x86_64-cpython-312/transformer_engine/debug/features
      copying transformer_engine/debug/features/disable_fp8_layer.py ->
      build/lib.linux-x86_64-cpython-312/transformer_engine/debug/features
      copying transformer_engine/debug/features/disable_fp8_gemm.py ->
      build/lib.linux-x86_64-cpython-312/transformer_engine/debug/features
      copying transformer_engine/debug/features/api.py ->
      build/lib.linux-x86_64-cpython-312/transformer_engine/debug/features
      copying transformer_engine/debug/features/_test_dummy_feature.py ->
      build/lib.linux-x86_64-cpython-312/transformer_engine/debug/features
      copying transformer_engine/debug/features/__init__.py ->
      build/lib.linux-x86_64-cpython-312/transformer_engine/debug/features
      creating
      build/lib.linux-x86_64-cpython-312/transformer_engine/debug/features/utils
      copying transformer_engine/debug/features/utils/stats_computation.py ->
      build/lib.linux-x86_64-cpython-312/transformer_engine/debug/features/utils
      copying transformer_engine/debug/features/utils/stats_buffer.py ->
      build/lib.linux-x86_64-cpython-312/transformer_engine/debug/features/utils
      copying transformer_engine/debug/features/utils/__init__.py ->
      build/lib.linux-x86_64-cpython-312/transformer_engine/debug/features/utils
      creating
      build/lib.linux-x86_64-cpython-312/transformer_engine/common/triton
      copying transformer_engine/common/triton/permutation.py ->
      build/lib.linux-x86_64-cpython-312/transformer_engine/common/triton
      copying transformer_engine/common/triton/pad.py ->
      build/lib.linux-x86_64-cpython-312/transformer_engine/common/triton
      copying transformer_engine/common/triton/mhc.py ->
      build/lib.linux-x86_64-cpython-312/transformer_engine/common/triton
      copying transformer_engine/common/triton/grouped_dbias_dscales.py ->
      build/lib.linux-x86_64-cpython-312/transformer_engine/common/triton
      copying transformer_engine/common/triton/cross_entropy.py ->
      build/lib.linux-x86_64-cpython-312/transformer_engine/common/triton
      copying transformer_engine/common/triton/__init__.py ->
      build/lib.linux-x86_64-cpython-312/transformer_engine/common/triton
      creating
      build/lib.linux-x86_64-cpython-312/transformer_engine/common/recipe
      copying transformer_engine/common/recipe/__init__.py ->
      build/lib.linux-x86_64-cpython-312/transformer_engine/common/recipe
      running egg_info
      writing transformer_engine.egg-info/PKG-INFO
      writing dependency_links to
      transformer_engine.egg-info/dependency_links.txt
      writing requirements to transformer_engine.egg-info/requires.txt
      writing top-level names to transformer_engine.egg-info/top_level.txt
      reading manifest file 'transformer_engine.egg-info/SOURCES.txt'
      reading manifest template 'MANIFEST.in'
      adding license file 'LICENSE'
      writing manifest file 'transformer_engine.egg-info/SOURCES.txt'
      creating
      build/lib.linux-x86_64-cpython-312/transformer_engine/pytorch/csrc
      copying transformer_engine/pytorch/csrc/common.cpp ->
      build/lib.linux-x86_64-cpython-312/transformer_engine/pytorch/csrc
      copying transformer_engine/pytorch/csrc/quantizer.cpp ->
      build/lib.linux-x86_64-cpython-312/transformer_engine/pytorch/csrc
      copying transformer_engine/pytorch/csrc/type_converters.cpp ->
      build/lib.linux-x86_64-cpython-312/transformer_engine/pytorch/csrc
      creating
      build/lib.linux-x86_64-cpython-312/transformer_engine/pytorch/csrc/extensions
      copying transformer_engine/pytorch/csrc/extensions/activation.cpp ->
      build/lib.linux-x86_64-cpython-312/transformer_engine/pytorch/csrc/extensions
      copying transformer_engine/pytorch/csrc/extensions/allocate.cpp ->
      build/lib.linux-x86_64-cpython-312/transformer_engine/pytorch/csrc/extensions
      copying transformer_engine/pytorch/csrc/extensions/apply_rope.cpp ->
      build/lib.linux-x86_64-cpython-312/transformer_engine/pytorch/csrc/extensions
      copying transformer_engine/pytorch/csrc/extensions/attention.cpp ->
      build/lib.linux-x86_64-cpython-312/transformer_engine/pytorch/csrc/extensions
      copying transformer_engine/pytorch/csrc/extensions/bias.cpp ->
      build/lib.linux-x86_64-cpython-312/transformer_engine/pytorch/csrc/extensions
      copying transformer_engine/pytorch/csrc/extensions/cast.cpp ->
      build/lib.linux-x86_64-cpython-312/transformer_engine/pytorch/csrc/extensions
      copying
      transformer_engine/pytorch/csrc/extensions/comm_gemm_overlap.cpp ->
      build/lib.linux-x86_64-cpython-312/transformer_engine/pytorch/csrc/extensions
      copying transformer_engine/pytorch/csrc/extensions/dropout.cpp ->
      build/lib.linux-x86_64-cpython-312/transformer_engine/pytorch/csrc/extensions
      copying transformer_engine/pytorch/csrc/extensions/ep.cpp ->
      build/lib.linux-x86_64-cpython-312/transformer_engine/pytorch/csrc/extensions
      copying transformer_engine/pytorch/csrc/extensions/fp8_partial_cast.cpp ->
      build/lib.linux-x86_64-cpython-312/transformer_engine/pytorch/csrc/extensions
      copying transformer_engine/pytorch/csrc/extensions/gemm.cpp ->
      build/lib.linux-x86_64-cpython-312/transformer_engine/pytorch/csrc/extensions
      copying
      transformer_engine/pytorch/csrc/extensions/grouped_mlp_experimental.cpp ->
      build/lib.linux-x86_64-cpython-312/transformer_engine/pytorch/csrc/extensions
      copying transformer_engine/pytorch/csrc/extensions/misc.cpp ->
      build/lib.linux-x86_64-cpython-312/transformer_engine/pytorch/csrc/extensions
      copying transformer_engine/pytorch/csrc/extensions/newton_schulz.cpp ->
      build/lib.linux-x86_64-cpython-312/transformer_engine/pytorch/csrc/extensions
      copying transformer_engine/pytorch/csrc/extensions/normalization.cpp ->
      build/lib.linux-x86_64-cpython-312/transformer_engine/pytorch/csrc/extensions
      copying
      transformer_engine/pytorch/csrc/extensions/nvfp4_2d_partial_cast.cpp ->
      build/lib.linux-x86_64-cpython-312/transformer_engine/pytorch/csrc/extensions
      copying transformer_engine/pytorch/csrc/extensions/nvshmem_comm.cpp ->
      build/lib.linux-x86_64-cpython-312/transformer_engine/pytorch/csrc/extensions
      copying transformer_engine/pytorch/csrc/extensions/padding.cpp ->
      build/lib.linux-x86_64-cpython-312/transformer_engine/pytorch/csrc/extensions
      copying transformer_engine/pytorch/csrc/extensions/permutation.cpp ->
      build/lib.linux-x86_64-cpython-312/transformer_engine/pytorch/csrc/extensions
      copying transformer_engine/pytorch/csrc/extensions/pybind.cpp ->
      build/lib.linux-x86_64-cpython-312/transformer_engine/pytorch/csrc/extensions
      copying transformer_engine/pytorch/csrc/extensions/recipe.cpp ->
      build/lib.linux-x86_64-cpython-312/transformer_engine/pytorch/csrc/extensions
      copying transformer_engine/pytorch/csrc/extensions/router.cpp ->
      build/lib.linux-x86_64-cpython-312/transformer_engine/pytorch/csrc/extensions
      copying transformer_engine/pytorch/csrc/extensions/softmax.cpp ->
      build/lib.linux-x86_64-cpython-312/transformer_engine/pytorch/csrc/extensions
      copying transformer_engine/pytorch/csrc/extensions/swizzle.cpp ->
      build/lib.linux-x86_64-cpython-312/transformer_engine/pytorch/csrc/extensions
      copying transformer_engine/pytorch/csrc/extensions/transpose.cpp ->
      build/lib.linux-x86_64-cpython-312/transformer_engine/pytorch/csrc/extensions
      creating
      build/lib.linux-x86_64-cpython-312/transformer_engine/pytorch/csrc/extensions/multi_tensor
      copying
      transformer_engine/pytorch/csrc/extensions/multi_tensor/adam.cpp ->
      build/lib.linux-x86_64-cpython-312/transformer_engine/pytorch/csrc/extensions/multi_tensor
      copying
      transformer_engine/pytorch/csrc/extensions/multi_tensor/compute_scale.cpp
      ->
      build/lib.linux-x86_64-cpython-312/transformer_engine/pytorch/csrc/extensions/multi_tensor
      copying
      transformer_engine/pytorch/csrc/extensions/multi_tensor/l2norm.cpp ->
      build/lib.linux-x86_64-cpython-312/transformer_engine/pytorch/csrc/extensions/multi_tensor
      copying
      transformer_engine/pytorch/csrc/extensions/multi_tensor/scale.cpp ->
      build/lib.linux-x86_64-cpython-312/transformer_engine/pytorch/csrc/extensions/multi_tensor
      copying transformer_engine/pytorch/csrc/extensions/multi_tensor/sgd.cpp ->
      build/lib.linux-x86_64-cpython-312/transformer_engine/pytorch/csrc/extensions/multi_tensor
      creating
      build/lib.linux-x86_64-cpython-312/transformer_engine/common/cmake
      copying transformer_engine/common/cmake/cuDNN.cmake ->
      build/lib.linux-x86_64-cpython-312/transformer_engine/common/cmake
      creating
      build/lib.linux-x86_64-cpython-312/transformer_engine/common/include/transformer_engine
      copying
      transformer_engine/common/include/transformer_engine/activation.h ->
      build/lib.linux-x86_64-cpython-312/transformer_engine/common/include/transformer_engine
      copying transformer_engine/common/include/transformer_engine/cast.h ->
      build/lib.linux-x86_64-cpython-312/transformer_engine/common/include/transformer_engine
      copying
      transformer_engine/common/include/transformer_engine/cast_transpose_noop.h
      ->
      build/lib.linux-x86_64-cpython-312/transformer_engine/common/include/transformer_engine
      copying
      transformer_engine/common/include/transformer_engine/comm_gemm.h ->
      build/lib.linux-x86_64-cpython-312/transformer_engine/common/include/transformer_engine
      copying
      transformer_engine/common/include/transformer_engine/comm_gemm_overlap.h
      ->
      build/lib.linux-x86_64-cpython-312/transformer_engine/common/include/transformer_engine
      copying
      transformer_engine/common/include/transformer_engine/comm_window.h ->
      build/lib.linux-x86_64-cpython-312/transformer_engine/common/include/transformer_engine
      copying transformer_engine/common/include/transformer_engine/cudnn.h ->
      build/lib.linux-x86_64-cpython-312/transformer_engine/common/include/transformer_engine
      copying transformer_engine/common/include/transformer_engine/dropout.h ->
      build/lib.linux-x86_64-cpython-312/transformer_engine/common/include/transformer_engine
      copying transformer_engine/common/include/transformer_engine/ep.h ->
      build/lib.linux-x86_64-cpython-312/transformer_engine/common/include/transformer_engine
      copying
      transformer_engine/common/include/transformer_engine/fused_attn.h ->
      build/lib.linux-x86_64-cpython-312/transformer_engine/common/include/transformer_engine
      copying
      transformer_engine/common/include/transformer_engine/fused_rope.h ->
      build/lib.linux-x86_64-cpython-312/transformer_engine/common/include/transformer_engine
      copying
      transformer_engine/common/include/transformer_engine/fused_router.h ->
      build/lib.linux-x86_64-cpython-312/transformer_engine/common/include/transformer_engine
      copying transformer_engine/common/include/transformer_engine/gemm.h ->
      build/lib.linux-x86_64-cpython-312/transformer_engine/common/include/transformer_engine
      copying
      transformer_engine/common/include/transformer_engine/hadamard_transform.h
      ->
      build/lib.linux-x86_64-cpython-312/transformer_engine/common/include/transformer_engine
      copying
      transformer_engine/common/include/transformer_engine/multi_stream.h ->
      build/lib.linux-x86_64-cpython-312/transformer_engine/common/include/transformer_engine
      copying
      transformer_engine/common/include/transformer_engine/multi_tensor.h ->
      build/lib.linux-x86_64-cpython-312/transformer_engine/common/include/transformer_engine
      copying
      transformer_engine/common/include/transformer_engine/newton_schulz.h ->
      build/lib.linux-x86_64-cpython-312/transformer_engine/common/include/transformer_engine
      copying
      transformer_engine/common/include/transformer_engine/normalization.h ->
      build/lib.linux-x86_64-cpython-312/transformer_engine/common/include/transformer_engine
      copying transformer_engine/common/include/transformer_engine/padding.h ->
      build/lib.linux-x86_64-cpython-312/transformer_engine/common/include/transformer_engine
      copying
      transformer_engine/common/include/transformer_engine/permutation.h ->
      build/lib.linux-x86_64-cpython-312/transformer_engine/common/include/transformer_engine
      copying transformer_engine/common/include/transformer_engine/recipe.h ->
      build/lib.linux-x86_64-cpython-312/transformer_engine/common/include/transformer_engine
      copying transformer_engine/common/include/transformer_engine/softmax.h ->
      build/lib.linux-x86_64-cpython-312/transformer_engine/common/include/transformer_engine
      copying transformer_engine/common/include/transformer_engine/swizzle.h ->
      build/lib.linux-x86_64-cpython-312/transformer_engine/common/include/transformer_engine
      copying transformer_engine/common/include/transformer_engine/topk.h ->
      build/lib.linux-x86_64-cpython-312/transformer_engine/common/include/transformer_engine
      copying
      transformer_engine/common/include/transformer_engine/transformer_engine.h
      ->
      build/lib.linux-x86_64-cpython-312/transformer_engine/common/include/transformer_engine
      copying
      transformer_engine/common/include/transformer_engine/transpose.h ->
      build/lib.linux-x86_64-cpython-312/transformer_engine/common/include/transformer_engine
      copying transformer_engine/common/include/transformer_engine/utils.h ->
      build/lib.linux-x86_64-cpython-312/transformer_engine/common/include/transformer_engine
      running build_ext
      Building CMake extension transformer_engine
      Building CMake extension transformer_engine in temporary directory
      /dev/shm/TransformerEngine/build/temp.linux-x86_64-cpython-312/cmake-build-transformer_engine-s6p2op0c
      Running command /usr/bin/cmake -S
      /dev/shm/TransformerEngine/transformer_engine/common -B
      /dev/shm/TransformerEngine/build/temp.linux-x86_64-cpython-312/cmake-build-transformer_engine-s6p2op0c
      -DPython_EXECUTABLE=/venv/main/bin/python3
      -DPython_INCLUDE_DIR=/venv/main/include/python3.12
      -DPython_SITEARCH=/venv/main/lib/python3.12/site-packages
      -DCMAKE_BUILD_TYPE=Release
      -DCMAKE_INSTALL_PREFIX=/dev/shm/TransformerEngine/build/lib.linux-x86_64-cpython-312
      -DCMAKE_CUDA_ARCHITECTURES=100
      -DCUDNN_FRONTEND_INCLUDE_DIR=/venv/main/lib/python3.12/site-packages/include
      -DNCCL_INCLUDE_DIR=/usr/include
      -Dpybind11_DIR=/venv/main/lib/python3.12/site-packages/pybind11/share/cmake/pybind11
      -GNinja
      -- The CUDA compiler identification is NVIDIA 12.9.86
      -- The CXX compiler identification is GNU 13.3.0
      -- Detecting CUDA compiler ABI info
      -- Detecting CUDA compiler ABI info - done
      -- Check for working CUDA compiler: /usr/local/cuda-12.9/bin/nvcc
      - skipped
      -- Detecting CUDA compile features
      -- Detecting CUDA compile features - done
      -- Detecting CXX compiler ABI info
      -- Detecting CXX compiler ABI info - done
      -- Check for working CXX compiler: /usr/bin/c++ - skipped
      -- Detecting CXX compile features
      -- Detecting CXX compile features - done
      -- Found CUDAToolkit: /usr/local/cuda-12.9/targets/x86_64-linux/include
      (found version "12.9.86")
      -- Performing Test CMAKE_HAVE_LIBC_PTHREAD
      -- Performing Test CMAKE_HAVE_LIBC_PTHREAD - Success
      -- Found Threads: TRUE
      -- cuDNN: Searching for pre-built libraries
      -- cudnn found at
      /venv/main/lib/python3.12/site-packages/nvidia/cudnn/lib/libcudnn.so.9.
      -- Found LIBRARY:
      /venv/main/lib/python3.12/site-packages/nvidia/cudnn/include
      -- cuDNN:
      /venv/main/lib/python3.12/site-packages/nvidia/cudnn/lib/libcudnn.so.9
      -- cuDNN: /venv/main/lib/python3.12/site-packages/nvidia/cudnn/include
      -- cudnn_graph found at
      /venv/main/lib/python3.12/site-packages/nvidia/cudnn/lib/libcudnn_graph.so.9.
      -- cudnn_engines_runtime_compiled found at
      /venv/main/lib/python3.12/site-packages/nvidia/cudnn/lib/libcudnn_engines_runtime_compiled.so.9.
      -- cudnn_ops found at
      /venv/main/lib/python3.12/site-packages/nvidia/cudnn/lib/libcudnn_ops.so.9.
      -- cudnn_cnn found at
      /venv/main/lib/python3.12/site-packages/nvidia/cudnn/lib/libcudnn_cnn.so.9.
      -- cudnn_adv found at
      /venv/main/lib/python3.12/site-packages/nvidia/cudnn/lib/libcudnn_adv.so.9.
      -- cudnn_engines_precompiled found at
      /venv/main/lib/python3.12/site-packages/nvidia/cudnn/lib/libcudnn_engines_precompiled.so.9.
      -- cudnn_heuristic found at
      /venv/main/lib/python3.12/site-packages/nvidia/cudnn/lib/libcudnn_heuristic.so.9.
      -- cudnn_ext not found.
      -- Found Python: /venv/main/bin/python3 (found version "3.12.14") found
      components: Interpreter Development.Module
      -- NCCL EP headers:
      /dev/shm/TransformerEngine/transformer_engine/common/../../3rdparty/nccl-extensions/build/include
      -- NCCL EP enabled (runtime-loaded library):
      /dev/shm/TransformerEngine/3rdparty/nccl-extensions/build/lib/libnccl_ep.so.0.1.0
      -- NCCL EP include:
      /dev/shm/TransformerEngine/transformer_engine/common/../../3rdparty/nccl-extensions/build/include
      -- Philox rounds for stochastic rounding: 10
      -- Parallel build jobs: 8
      -- Threads per parallel build job: 1
      -- Configuring done (1.7s)
      -- Generating done (0.0s)

      [stderr]
      /venv/main/lib/python3.12/site-packages/wheel/bdist_wheel.py:4:
      FutureWarning: The 'wheel' package is no longer the canonical location
      of the 'bdist_wheel' command, and will be removed in a future release.
      Please update to setuptools v70.1 or later which contains an integrated
      version of this command.
        warn(
      /venv/main/lib/python3.12/site-packages/setuptools/command/build_py.py:212:
      _Warning: Package 'transformer_engine.common.cmake' is absent from the
      `packages` configuration.
      !!

      
      ********************************************************************************
              ############################
              # Package would be ignored #
              ############################
              Python recognizes 'transformer_engine.common.cmake' as an
      importable package[^1],
              but it is absent from setuptools' `packages` configuration.

              This leads to an ambiguous overall configuration. If you want to
      distribute this
              package, please make sure that 'transformer_engine.common.cmake'
      is explicitly added
              to the `packages` configuration field.

              Alternatively, you can also rely on setuptools' discovery
      methods
              (for example by using
      `find_namespace_packages(...)`/`find_namespace:`
              instead of `find_packages(...)`/`find:`).

              You can read more about "package discovery" on setuptools
      documentation page:

              -
      https://setuptools.pypa.io/en/latest/userguide/package_discovery.html

              If you don't want 'transformer_engine.common.cmake' to be
      distributed and are
              already explicitly excluding 'transformer_engine.common.cmake'
      via
              `find_namespace_packages(...)/find_namespace` or
      `find_packages(...)/find`,
              you can try to use `exclude_package_data`, or
      `include-package-data=False` in
              combination with a more fine grained `package-data`
      configuration.

              You can read more about "package data files" on setuptools
      documentation page:

              - https://setuptools.pypa.io/en/latest/userguide/datafiles.html


              [^1]: For Python, any directory (with suitable naming) can be
      imported,
                    even if it does not contain any `.py` files.
                    On the other hand, currently there is no concept of
      package data
                    directory, all directories are treated like packages.
      
      ********************************************************************************

      !!
        check.warn(importable)
      /venv/main/lib/python3.12/site-packages/setuptools/command/build_py.py:212:
      _Warning: Package 'transformer_engine.common.include.transformer_engine'
      is absent from the `packages` configuration.
      !!

      
      ********************************************************************************
              ############################
              # Package would be ignored #
              ############################
              Python recognizes
      'transformer_engine.common.include.transformer_engine' as an importable
      package[^1],
              but it is absent from setuptools' `packages` configuration.

              This leads to an ambiguous overall configuration. If you want to
      distribute this
              package, please make sure that
      'transformer_engine.common.include.transformer_engine' is explicitly
      added
              to the `packages` configuration field.

              Alternatively, you can also rely on setuptools' discovery
      methods
              (for example by using
      `find_namespace_packages(...)`/`find_namespace:`
              instead of `find_packages(...)`/`find:`).

              You can read more about "package discovery" on setuptools
      documentation page:

              -
      https://setuptools.pypa.io/en/latest/userguide/package_discovery.html

              If you don't want
      'transformer_engine.common.include.transformer_engine' to be distributed
      and are
              already explicitly excluding
      'transformer_engine.common.include.transformer_engine' via
              `find_namespace_packages(...)/find_namespace` or
      `find_packages(...)/find`,
              you can try to use `exclude_package_data`, or
      `include-package-data=False` in
              combination with a more fine grained `package-data`
      configuration.

              You can read more about "package data files" on setuptools
      documentation page:

              - https://setuptools.pypa.io/en/latest/userguide/datafiles.html


              [^1]: For Python, any directory (with suitable naming) can be
      imported,
                    even if it does not contain any `.py` files.
                    On the other hand, currently there is no concept of
      package data
                    directory, all directories are treated like packages.
      
      ********************************************************************************

      !!
        check.warn(importable)
      /venv/main/lib/python3.12/site-packages/setuptools/command/build_py.py:212:
      _Warning: Package 'transformer_engine.pytorch.csrc' is absent from the
      `packages` configuration.
      !!

      
      ********************************************************************************
              ############################
              # Package would be ignored #
              ############################
              Python recognizes 'transformer_engine.pytorch.csrc' as an
      importable package[^1],
              but it is absent from setuptools' `packages` configuration.

              This leads to an ambiguous overall configuration. If you want to
      distribute this
              package, please make sure that 'transformer_engine.pytorch.csrc'
      is explicitly added
              to the `packages` configuration field.

              Alternatively, you can also rely on setuptools' discovery
      methods
              (for example by using
      `find_namespace_packages(...)`/`find_namespace:`
              instead of `find_packages(...)`/`find:`).

              You can read more about "package discovery" on setuptools
      documentation page:

              -
      https://setuptools.pypa.io/en/latest/userguide/package_discovery.html

              If you don't want 'transformer_engine.pytorch.csrc' to be
      distributed and are
              already explicitly excluding 'transformer_engine.pytorch.csrc'
      via
              `find_namespace_packages(...)/find_namespace` or
      `find_packages(...)/find`,
              you can try to use `exclude_package_data`, or
      `include-package-data=False` in
              combination with a more fine grained `package-data`
      configuration.

              You can read more about "package data files" on setuptools
      documentation page:

              - https://setuptools.pypa.io/en/latest/userguide/datafiles.html


              [^1]: For Python, any directory (with suitable naming) can be
      imported,
                    even if it does not contain any `.py` files.
                    On the other hand, currently there is no concept of
      package data
                    directory, all directories are treated like packages.
      
      ********************************************************************************

      !!
        check.warn(importable)
      /venv/main/lib/python3.12/site-packages/setuptools/command/build_py.py:212:
      _Warning: Package 'transformer_engine.pytorch.csrc.extensions' is absent
      from the `packages` configuration.
      !!

      
      ********************************************************************************
              ############################
              # Package would be ignored #
              ############################
              Python recognizes 'transformer_engine.pytorch.csrc.extensions'
      as an importable package[^1],
              but it is absent from setuptools' `packages` configuration.

              This leads to an ambiguous overall configuration. If you want to
      distribute this
              package, please make sure that
      'transformer_engine.pytorch.csrc.extensions' is explicitly added
              to the `packages` configuration field.

              Alternatively, you can also rely on setuptools' discovery
      methods
              (for example by using
      `find_namespace_packages(...)`/`find_namespace:`
              instead of `find_packages(...)`/`find:`).

              You can read more about "package discovery" on setuptools
      documentation page:

              -
      https://setuptools.pypa.io/en/latest/userguide/package_discovery.html

              If you don't want 'transformer_engine.pytorch.csrc.extensions'
      to be distributed and are
              already explicitly excluding
      'transformer_engine.pytorch.csrc.extensions' via
              `find_namespace_packages(...)/find_namespace` or
      `find_packages(...)/find`,
              you can try to use `exclude_package_data`, or
      `include-package-data=False` in
              combination with a more fine grained `package-data`
      configuration.

              You can read more about "package data files" on setuptools
      documentation page:

              - https://setuptools.pypa.io/en/latest/userguide/datafiles.html


              [^1]: For Python, any directory (with suitable naming) can be
      imported,
                    even if it does not contain any `.py` files.
                    On the other hand, currently there is no concept of
      package data
                    directory, all directories are treated like packages.
      
      ********************************************************************************

      !!
        check.warn(importable)
      /venv/main/lib/python3.12/site-packages/setuptools/command/build_py.py:212:
      _Warning: Package
      'transformer_engine.pytorch.csrc.extensions.multi_tensor' is absent from
      the `packages` configuration.
      !!

      
      ********************************************************************************
              ############################
              # Package would be ignored #
              ############################
              Python recognizes
      'transformer_engine.pytorch.csrc.extensions.multi_tensor' as an
      importable package[^1],
              but it is absent from setuptools' `packages` configuration.

              This leads to an ambiguous overall configuration. If you want to
      distribute this
              package, please make sure that
      'transformer_engine.pytorch.csrc.extensions.multi_tensor' is explicitly
      added
              to the `packages` configuration field.

              Alternatively, you can also rely on setuptools' discovery
      methods
              (for example by using
      `find_namespace_packages(...)`/`find_namespace:`
              instead of `find_packages(...)`/`find:`).

              You can read more about "package discovery" on setuptools
      documentation page:

              -
      https://setuptools.pypa.io/en/latest/userguide/package_discovery.html

              If you don't want
      'transformer_engine.pytorch.csrc.extensions.multi_tensor' to be
      distributed and are
              already explicitly excluding
      'transformer_engine.pytorch.csrc.extensions.multi_tensor' via
              `find_namespace_packages(...)/find_namespace` or
      `find_packages(...)/find`,
              you can try to use `exclude_package_data`, or
      `include-package-data=False` in
              combination with a more fine grained `package-data`
      configuration.

              You can read more about "package data files" on setuptools
      documentation page:

              - https://setuptools.pypa.io/en/latest/userguide/datafiles.html


              [^1]: For Python, any directory (with suitable naming) can be
      imported,
                    even if it does not contain any `.py` files.
                    On the other hand, currently there is no concept of
      package data
                    directory, all directories are treated like packages.
      
      ********************************************************************************

      !!
        check.warn(importable)
      CMake Error at CMakeLists.txt:370 (target_link_libraries):
        Target "transformer_engine" links to:

          CUDA::cublas

        but the target was not found.  Possible reasons include:

          * There is a typo in the target name.
          * A find_package call is missing for an IMPORTED target.
          * An ALIAS target is missing.



      CMake Warning:
        Manually-specified variables were not used by the project:

          pybind11_DIR


      CMake Generate step failed.  Build files cannot be regenerated
      correctly.
      Traceback (most recent call last):
        File "/dev/shm/TransformerEngine/build_tools/build_ext.py", line 97,
      in _build_cmake
          subprocess.run(command, cwd=build_dir, check=True)
        File "/venv/main/lib/python3.12/subprocess.py", line 571, in run
          raise CalledProcessError(retcode, process.args,
      subprocess.CalledProcessError: Command '['/usr/bin/cmake', '-S',
      '/dev/shm/TransformerEngine/transformer_engine/common', '-B',
      '/dev/shm/TransformerEngine/build/temp.linux-x86_64-cpython-312/cmake-build-transformer_engine-s6p2op0c',
      '-DPython_EXECUTABLE=/venv/main/bin/python3',
      '-DPython_INCLUDE_DIR=/venv/main/include/python3.12',
      '-DPython_SITEARCH=/venv/main/lib/python3.12/site-packages',
      '-DCMAKE_BUILD_TYPE=Release',
      '-DCMAKE_INSTALL_PREFIX=/dev/shm/TransformerEngine/build/lib.linux-x86_64-cpython-312',
      '-DCMAKE_CUDA_ARCHITECTURES=100',
      '-DCUDNN_FRONTEND_INCLUDE_DIR=/venv/main/lib/python3.12/site-packages/include',
      '-DNCCL_INCLUDE_DIR=/usr/include',
      '-Dpybind11_DIR=/venv/main/lib/python3.12/site-packages/pybind11/share/cmake/pybind11',
      '-GNinja']' returned non-zero exit status 1.

      During handling of the above exception, another exception occurred:

      Traceback (most recent call last):
        File "<string>", line 11, in <module>
        File "/venv/main/lib/python3.12/site-packages/setuptools/build_meta.py",
      line 438, in build_wheel
          return _build(['bdist_wheel', '--dist-info-dir',
      str(metadata_directory)])
      
      ^^^^^^^^^^^^^^^^^^^^^^^^^^^^^^^^^^^^^^^^^^^^^^^^^^^^^^^^^^^^^^^^^^^
        File "/venv/main/lib/python3.12/site-packages/setuptools/build_meta.py",
      line 426, in _build
          return self._build_with_temp_dir(
                 ^^^^^^^^^^^^^^^^^^^^^^^^^^
        File "/venv/main/lib/python3.12/site-packages/setuptools/build_meta.py",
      line 407, in _build_with_temp_dir
          self.run_setup()
        File "/venv/main/lib/python3.12/site-packages/setuptools/build_meta.py",
      line 522, in run_setup
          super().run_setup(setup_script=setup_script)
        File "/venv/main/lib/python3.12/site-packages/setuptools/build_meta.py",
      line 320, in run_setup
          exec(code, locals())
        File "<string>", line 395, in <module>
        File "/venv/main/lib/python3.12/site-packages/setuptools/__init__.py",
      line 117, in setup
          return distutils.core.setup(**attrs)
                 ^^^^^^^^^^^^^^^^^^^^^^^^^^^^^
        File
      "/venv/main/lib/python3.12/site-packages/setuptools/_distutils/core.py",
      line 186, in setup
          return run_commands(dist)
                 ^^^^^^^^^^^^^^^^^^
        File
      "/venv/main/lib/python3.12/site-packages/setuptools/_distutils/core.py",
      line 202, in run_commands
          dist.run_commands()
        File
      "/venv/main/lib/python3.12/site-packages/setuptools/_distutils/dist.py",
      line 1002, in run_commands
          self.run_command(cmd)
        File "/venv/main/lib/python3.12/site-packages/setuptools/dist.py",
      line 1104, in run_command
          super().run_command(command)
        File
      "/venv/main/lib/python3.12/site-packages/setuptools/_distutils/dist.py",
      line 1021, in run_command
          cmd_obj.run()
        File "<string>", line 54, in run
        File
      "/venv/main/lib/python3.12/site-packages/setuptools/command/bdist_wheel.py",
      line 370, in run
          self.run_command("build")
        File
      "/venv/main/lib/python3.12/site-packages/setuptools/_distutils/cmd.py",
      line 357, in run_command
          self.distribution.run_command(command)
        File "/venv/main/lib/python3.12/site-packages/setuptools/dist.py",
      line 1104, in run_command
          super().run_command(command)
        File
      "/venv/main/lib/python3.12/site-packages/setuptools/_distutils/dist.py",
      line 1021, in run_command
          cmd_obj.run()
        File
      "/venv/main/lib/python3.12/site-packages/setuptools/_distutils/command/build.py",
      line 135, in run
          self.run_command(cmd_name)
        File
      "/venv/main/lib/python3.12/site-packages/setuptools/_distutils/cmd.py",
      line 357, in run_command
          self.distribution.run_command(command)
        File "/venv/main/lib/python3.12/site-packages/setuptools/dist.py",
      line 1104, in run_command
          super().run_command(command)
        File
      "/venv/main/lib/python3.12/site-packages/setuptools/_distutils/dist.py",
      line 1021, in run_command
          cmd_obj.run()
        File "/dev/shm/TransformerEngine/build_tools/build_ext.py", line 143,
      in run
          ext._build_cmake(
        File "/dev/shm/TransformerEngine/build_tools/build_ext.py", line 99,
      in _build_cmake
          raise RuntimeError(f"Error when running CMake: {e}")
      RuntimeError: Error when running CMake: Command '['/usr/bin/cmake',
      '-S', '/dev/shm/TransformerEngine/transformer_engine/common', '-B',
      '/dev/shm/TransformerEngine/build/temp.linux-x86_64-cpython-312/cmake-build-transformer_engine-s6p2op0c',
      '-DPython_EXECUTABLE=/venv/main/bin/python3',
      '-DPython_INCLUDE_DIR=/venv/main/include/python3.12',
      '-DPython_SITEARCH=/venv/main/lib/python3.12/site-packages',
      '-DCMAKE_BUILD_TYPE=Release',
      '-DCMAKE_INSTALL_PREFIX=/dev/shm/TransformerEngine/build/lib.linux-x86_64-cpython-312',
      '-DCMAKE_CUDA_ARCHITECTURES=100',
      '-DCUDNN_FRONTEND_INCLUDE_DIR=/venv/main/lib/python3.12/site-packages/include',
      '-DNCCL_INCLUDE_DIR=/usr/include',
      '-Dpybind11_DIR=/venv/main/lib/python3.12/site-packages/pybind11/share/cmake/pybind11',
      '-GNinja']' returned non-zero exit status 1.


hint: Build failures usually indicate a problem with the package or the build environment
Traceback (most recent call last):
  File "<stdin>", line 6, in <module>
  File "/dev/shm/TransformerEngine/transformer_engine/__init__.py", line 16, in <module>
    import transformer_engine.common
  File "/dev/shm/TransformerEngine/transformer_engine/common/__init__.py", line 391, in <module>
    sanity_checks_for_pypi_installation()
  File "/dev/shm/TransformerEngine/transformer_engine/common/__init__.py", line 208, in sanity_checks_for_pypi_installation
    assert te_installed_via_pypi, "Could not find `transformer-engine` PyPI package."
           ^^^^^^^^^^^^^^^^^^^^^
AssertionError: Could not find `transformer-engine` PyPI package.
=== TE source build exit 0 2026-09-19T04:33:06Z ===
=== TE source build 2026-09-19T04:36:31Z ===
nvcc Build cuda_12.9.r12.9/compiler.36037853_0 CUDA_HOME=/usr/local/cuda-12.9 CUDACXX=/usr/local/cuda-12.9/bin/nvcc
Using Python 3.12.14 environment at: /venv/main
Checked 3 packages in 33ms
TE src 555d721 NVTE_CUDA_ARCHS=100
Using Python 3.12.14 environment at: /venv/main
Resolved 1 package in 2.27s
   Building transformer-engine @ file:///dev/shm/TransformerEngine
  × Failed to build `transformer-engine @ file:///dev/shm/TransformerEngine`
  ├─▶ The build backend returned an error
  ╰─▶ Call to `setuptools.build_meta:__legacy__.build_wheel` failed (exit
      status: 1)

      [stdout]
      running bdist_wheel
      running build
      running build_py
      creating build/lib.linux-x86_64-cpython-312/transformer_engine
      copying transformer_engine/__init__.py ->
      build/lib.linux-x86_64-cpython-312/transformer_engine
      creating build/lib.linux-x86_64-cpython-312/transformer_engine/pytorch
      copying transformer_engine/pytorch/utils.py ->
      build/lib.linux-x86_64-cpython-312/transformer_engine/pytorch
      copying transformer_engine/pytorch/transformer.py ->
      build/lib.linux-x86_64-cpython-312/transformer_engine/pytorch
      copying transformer_engine/pytorch/torch_version.py ->
      build/lib.linux-x86_64-cpython-312/transformer_engine/pytorch
      copying transformer_engine/pytorch/setup.py ->
      build/lib.linux-x86_64-cpython-312/transformer_engine/pytorch
      copying transformer_engine/pytorch/router.py ->
      build/lib.linux-x86_64-cpython-312/transformer_engine/pytorch
      copying transformer_engine/pytorch/quantized_tensor.py ->
      build/lib.linux-x86_64-cpython-312/transformer_engine/pytorch
      copying transformer_engine/pytorch/quantization.py ->
      build/lib.linux-x86_64-cpython-312/transformer_engine/pytorch
      copying transformer_engine/pytorch/permutation.py ->
      build/lib.linux-x86_64-cpython-312/transformer_engine/pytorch
      copying transformer_engine/pytorch/onnx_extensions.py ->
      build/lib.linux-x86_64-cpython-312/transformer_engine/pytorch
      copying transformer_engine/pytorch/numerics_debug.py ->
      build/lib.linux-x86_64-cpython-312/transformer_engine/pytorch
      copying transformer_engine/pytorch/newton_schulz.py ->
      build/lib.linux-x86_64-cpython-312/transformer_engine/pytorch
      copying transformer_engine/pytorch/jit.py ->
      build/lib.linux-x86_64-cpython-312/transformer_engine/pytorch
      copying transformer_engine/pytorch/graph.py ->
      build/lib.linux-x86_64-cpython-312/transformer_engine/pytorch
      copying transformer_engine/pytorch/fp8.py ->
      build/lib.linux-x86_64-cpython-312/transformer_engine/pytorch
      copying transformer_engine/pytorch/float8_tensor.py ->
      build/lib.linux-x86_64-cpython-312/transformer_engine/pytorch
      copying transformer_engine/pytorch/export.py ->
      build/lib.linux-x86_64-cpython-312/transformer_engine/pytorch
      copying transformer_engine/pytorch/ep.py ->
      build/lib.linux-x86_64-cpython-312/transformer_engine/pytorch
      copying transformer_engine/pytorch/distributed_weight.py ->
      build/lib.linux-x86_64-cpython-312/transformer_engine/pytorch
      copying transformer_engine/pytorch/distributed.py ->
      build/lib.linux-x86_64-cpython-312/transformer_engine/pytorch
      copying transformer_engine/pytorch/cross_entropy.py ->
      build/lib.linux-x86_64-cpython-312/transformer_engine/pytorch
      copying transformer_engine/pytorch/cpu_offload_v1.py ->
      build/lib.linux-x86_64-cpython-312/transformer_engine/pytorch
      copying transformer_engine/pytorch/cpu_offload.py ->
      build/lib.linux-x86_64-cpython-312/transformer_engine/pytorch
      copying transformer_engine/pytorch/constants.py ->
      build/lib.linux-x86_64-cpython-312/transformer_engine/pytorch
      copying transformer_engine/pytorch/_extra_state.py ->
      build/lib.linux-x86_64-cpython-312/transformer_engine/pytorch
      copying transformer_engine/pytorch/__init__.py ->
      build/lib.linux-x86_64-cpython-312/transformer_engine/pytorch
      creating build/lib.linux-x86_64-cpython-312/transformer_engine/jax
      copying transformer_engine/jax/version_utils.py ->
      build/lib.linux-x86_64-cpython-312/transformer_engine/jax
      copying transformer_engine/jax/softmax.py ->
      build/lib.linux-x86_64-cpython-312/transformer_engine/jax
      copying transformer_engine/jax/sharding.py ->
      build/lib.linux-x86_64-cpython-312/transformer_engine/jax
      copying transformer_engine/jax/setup.py ->
      build/lib.linux-x86_64-cpython-312/transformer_engine/jax
      copying transformer_engine/jax/router.py ->
      build/lib.linux-x86_64-cpython-312/transformer_engine/jax
      copying transformer_engine/jax/permutation.py ->
      build/lib.linux-x86_64-cpython-312/transformer_engine/jax
      copying transformer_engine/jax/moe.py ->
      build/lib.linux-x86_64-cpython-312/transformer_engine/jax
      copying transformer_engine/jax/layernorm_mlp.py ->
      build/lib.linux-x86_64-cpython-312/transformer_engine/jax
      copying transformer_engine/jax/layernorm_dense.py ->
      build/lib.linux-x86_64-cpython-312/transformer_engine/jax
      copying transformer_engine/jax/layernorm.py ->
      build/lib.linux-x86_64-cpython-312/transformer_engine/jax
      copying transformer_engine/jax/ep.py ->
      build/lib.linux-x86_64-cpython-312/transformer_engine/jax
      copying transformer_engine/jax/dense.py ->
      build/lib.linux-x86_64-cpython-312/transformer_engine/jax
      copying transformer_engine/jax/checkpoint_policies.py ->
      build/lib.linux-x86_64-cpython-312/transformer_engine/jax
      copying transformer_engine/jax/attention.py ->
      build/lib.linux-x86_64-cpython-312/transformer_engine/jax
      copying transformer_engine/jax/activation.py ->
      build/lib.linux-x86_64-cpython-312/transformer_engine/jax
      copying transformer_engine/jax/__init__.py ->
      build/lib.linux-x86_64-cpython-312/transformer_engine/jax
      creating build/lib.linux-x86_64-cpython-312/transformer_engine/debug
      copying transformer_engine/debug/__init__.py ->
      build/lib.linux-x86_64-cpython-312/transformer_engine/debug
      creating build/lib.linux-x86_64-cpython-312/transformer_engine/common
      copying transformer_engine/common/utils.py ->
      build/lib.linux-x86_64-cpython-312/transformer_engine/common
      copying transformer_engine/common/__init__.py ->
      build/lib.linux-x86_64-cpython-312/transformer_engine/common
      creating
      build/lib.linux-x86_64-cpython-312/transformer_engine/pytorch/triton
      copying transformer_engine/pytorch/triton/permutation.py ->
      build/lib.linux-x86_64-cpython-312/transformer_engine/pytorch/triton
      copying transformer_engine/pytorch/triton/pad.py ->
      build/lib.linux-x86_64-cpython-312/transformer_engine/pytorch/triton
      copying transformer_engine/pytorch/triton/mhc.py ->
      build/lib.linux-x86_64-cpython-312/transformer_engine/pytorch/triton
      copying transformer_engine/pytorch/triton/grouped_dbias_dscales.py ->
      build/lib.linux-x86_64-cpython-312/transformer_engine/pytorch/triton
      copying transformer_engine/pytorch/triton/cross_entropy.py ->
      build/lib.linux-x86_64-cpython-312/transformer_engine/pytorch/triton
      copying transformer_engine/pytorch/triton/__init__.py ->
      build/lib.linux-x86_64-cpython-312/transformer_engine/pytorch/triton
      creating
      build/lib.linux-x86_64-cpython-312/transformer_engine/pytorch/tensor
      copying transformer_engine/pytorch/tensor/utils.py ->
      build/lib.linux-x86_64-cpython-312/transformer_engine/pytorch/tensor
      copying transformer_engine/pytorch/tensor/nvfp4_tensor.py ->
      build/lib.linux-x86_64-cpython-312/transformer_engine/pytorch/tensor
      copying transformer_engine/pytorch/tensor/mxfp8_tensor.py ->
      build/lib.linux-x86_64-cpython-312/transformer_engine/pytorch/tensor
      copying transformer_engine/pytorch/tensor/identity_tensor.py ->
      build/lib.linux-x86_64-cpython-312/transformer_engine/pytorch/tensor
      copying transformer_engine/pytorch/tensor/hybrid_tensor.py ->
      build/lib.linux-x86_64-cpython-312/transformer_engine/pytorch/tensor
      copying transformer_engine/pytorch/tensor/grouped_tensor.py ->
      build/lib.linux-x86_64-cpython-312/transformer_engine/pytorch/tensor
      copying transformer_engine/pytorch/tensor/float8_tensor.py ->
      build/lib.linux-x86_64-cpython-312/transformer_engine/pytorch/tensor
      copying transformer_engine/pytorch/tensor/float8_blockwise_tensor.py ->
      build/lib.linux-x86_64-cpython-312/transformer_engine/pytorch/tensor
      copying transformer_engine/pytorch/tensor/_quantization_helpers.py ->
      build/lib.linux-x86_64-cpython-312/transformer_engine/pytorch/tensor
      copying transformer_engine/pytorch/tensor/__init__.py ->
      build/lib.linux-x86_64-cpython-312/transformer_engine/pytorch/tensor
      creating
      build/lib.linux-x86_64-cpython-312/transformer_engine/pytorch/optimizers
      copying transformer_engine/pytorch/optimizers/newton_schulz.py ->
      build/lib.linux-x86_64-cpython-312/transformer_engine/pytorch/optimizers
      copying transformer_engine/pytorch/optimizers/multi_tensor_apply.py ->
      build/lib.linux-x86_64-cpython-312/transformer_engine/pytorch/optimizers
      copying transformer_engine/pytorch/optimizers/fused_sgd.py ->
      build/lib.linux-x86_64-cpython-312/transformer_engine/pytorch/optimizers
      copying transformer_engine/pytorch/optimizers/fused_adam.py ->
      build/lib.linux-x86_64-cpython-312/transformer_engine/pytorch/optimizers
      copying transformer_engine/pytorch/optimizers/__init__.py ->
      build/lib.linux-x86_64-cpython-312/transformer_engine/pytorch/optimizers
      creating build/lib.linux-x86_64-cpython-312/transformer_engine/pytorch/ops
      copying transformer_engine/pytorch/ops/sequential.py ->
      build/lib.linux-x86_64-cpython-312/transformer_engine/pytorch/ops
      copying transformer_engine/pytorch/ops/op.py ->
      build/lib.linux-x86_64-cpython-312/transformer_engine/pytorch/ops
      copying transformer_engine/pytorch/ops/linear.py ->
      build/lib.linux-x86_64-cpython-312/transformer_engine/pytorch/ops
      copying transformer_engine/pytorch/ops/fuser.py ->
      build/lib.linux-x86_64-cpython-312/transformer_engine/pytorch/ops
      copying transformer_engine/pytorch/ops/_common.py ->
      build/lib.linux-x86_64-cpython-312/transformer_engine/pytorch/ops
      copying transformer_engine/pytorch/ops/__init__.py ->
      build/lib.linux-x86_64-cpython-312/transformer_engine/pytorch/ops
      creating
      build/lib.linux-x86_64-cpython-312/transformer_engine/pytorch/module
      copying transformer_engine/pytorch/module/rmsnorm.py ->
      build/lib.linux-x86_64-cpython-312/transformer_engine/pytorch/module
      copying transformer_engine/pytorch/module/linear.py ->
      build/lib.linux-x86_64-cpython-312/transformer_engine/pytorch/module
      copying transformer_engine/pytorch/module/layernorm_mlp.py ->
      build/lib.linux-x86_64-cpython-312/transformer_engine/pytorch/module
      copying transformer_engine/pytorch/module/layernorm_linear.py ->
      build/lib.linux-x86_64-cpython-312/transformer_engine/pytorch/module
      copying transformer_engine/pytorch/module/layernorm.py ->
      build/lib.linux-x86_64-cpython-312/transformer_engine/pytorch/module
      copying transformer_engine/pytorch/module/grouped_linear.py ->
      build/lib.linux-x86_64-cpython-312/transformer_engine/pytorch/module
      copying transformer_engine/pytorch/module/fp8_unpadding.py ->
      build/lib.linux-x86_64-cpython-312/transformer_engine/pytorch/module
      copying transformer_engine/pytorch/module/fp8_padding.py ->
      build/lib.linux-x86_64-cpython-312/transformer_engine/pytorch/module
      copying transformer_engine/pytorch/module/base.py ->
      build/lib.linux-x86_64-cpython-312/transformer_engine/pytorch/module
      copying transformer_engine/pytorch/module/_common.py ->
      build/lib.linux-x86_64-cpython-312/transformer_engine/pytorch/module
      copying transformer_engine/pytorch/module/__init__.py ->
      build/lib.linux-x86_64-cpython-312/transformer_engine/pytorch/module
      creating
      build/lib.linux-x86_64-cpython-312/transformer_engine/pytorch/dynamo
      copying transformer_engine/pytorch/dynamo/tensor_spec.py ->
      build/lib.linux-x86_64-cpython-312/transformer_engine/pytorch/dynamo
      copying transformer_engine/pytorch/dynamo/quantizer_opaque.py ->
      build/lib.linux-x86_64-cpython-312/transformer_engine/pytorch/dynamo
      copying transformer_engine/pytorch/dynamo/__init__.py ->
      build/lib.linux-x86_64-cpython-312/transformer_engine/pytorch/dynamo
      creating
      build/lib.linux-x86_64-cpython-312/transformer_engine/pytorch/custom_recipes
      copying transformer_engine/pytorch/custom_recipes/reference_utils.py ->
      build/lib.linux-x86_64-cpython-312/transformer_engine/pytorch/custom_recipes
      copying transformer_engine/pytorch/custom_recipes/reference_nvfp4.py ->
      build/lib.linux-x86_64-cpython-312/transformer_engine/pytorch/custom_recipes
      copying
      transformer_engine/pytorch/custom_recipes/reference_current_scaling.py ->
      build/lib.linux-x86_64-cpython-312/transformer_engine/pytorch/custom_recipes
      copying
      transformer_engine/pytorch/custom_recipes/quantizer_factory_zoo.py ->
      build/lib.linux-x86_64-cpython-312/transformer_engine/pytorch/custom_recipes
      copying
      transformer_engine/pytorch/custom_recipes/quantizer_factories.py ->
      build/lib.linux-x86_64-cpython-312/transformer_engine/pytorch/custom_recipes
      copying transformer_engine/pytorch/custom_recipes/gemm.py ->
      build/lib.linux-x86_64-cpython-312/transformer_engine/pytorch/custom_recipes
      copying transformer_engine/pytorch/custom_recipes/__init__.py ->
      build/lib.linux-x86_64-cpython-312/transformer_engine/pytorch/custom_recipes
      creating
      build/lib.linux-x86_64-cpython-312/transformer_engine/pytorch/cpp_extensions
      copying transformer_engine/pytorch/cpp_extensions/gemm.py ->
      build/lib.linux-x86_64-cpython-312/transformer_engine/pytorch/cpp_extensions
      copying transformer_engine/pytorch/cpp_extensions/fused_attn.py ->
      build/lib.linux-x86_64-cpython-312/transformer_engine/pytorch/cpp_extensions
      copying transformer_engine/pytorch/cpp_extensions/__init__.py ->
      build/lib.linux-x86_64-cpython-312/transformer_engine/pytorch/cpp_extensions
      creating
      build/lib.linux-x86_64-cpython-312/transformer_engine/pytorch/attention
      copying transformer_engine/pytorch/attention/rope.py ->
      build/lib.linux-x86_64-cpython-312/transformer_engine/pytorch/attention
      copying transformer_engine/pytorch/attention/multi_head_attention.py ->
      build/lib.linux-x86_64-cpython-312/transformer_engine/pytorch/attention
      copying transformer_engine/pytorch/attention/inference.py ->
      build/lib.linux-x86_64-cpython-312/transformer_engine/pytorch/attention
      copying transformer_engine/pytorch/attention/fused_mla_q_uproj.py ->
      build/lib.linux-x86_64-cpython-312/transformer_engine/pytorch/attention
      copying transformer_engine/pytorch/attention/custom_ops.py ->
      build/lib.linux-x86_64-cpython-312/transformer_engine/pytorch/attention
      copying transformer_engine/pytorch/attention/__init__.py ->
      build/lib.linux-x86_64-cpython-312/transformer_engine/pytorch/attention
      creating
      build/lib.linux-x86_64-cpython-312/transformer_engine/pytorch/tensor/storage
      copying
      transformer_engine/pytorch/tensor/storage/nvfp4_tensor_storage.py ->
      build/lib.linux-x86_64-cpython-312/transformer_engine/pytorch/tensor/storage
      copying
      transformer_engine/pytorch/tensor/storage/mxfp8_tensor_storage.py ->
      build/lib.linux-x86_64-cpython-312/transformer_engine/pytorch/tensor/storage
      copying
      transformer_engine/pytorch/tensor/storage/identity_tensor_storage.py ->
      build/lib.linux-x86_64-cpython-312/transformer_engine/pytorch/tensor/storage
      copying
      transformer_engine/pytorch/tensor/storage/hybrid_tensor_storage.py ->
      build/lib.linux-x86_64-cpython-312/transformer_engine/pytorch/tensor/storage
      copying
      transformer_engine/pytorch/tensor/storage/grouped_tensor_storage.py ->
      build/lib.linux-x86_64-cpython-312/transformer_engine/pytorch/tensor/storage
      copying
      transformer_engine/pytorch/tensor/storage/float8_tensor_storage.py ->
      build/lib.linux-x86_64-cpython-312/transformer_engine/pytorch/tensor/storage
      copying
      transformer_engine/pytorch/tensor/storage/float8_blockwise_tensor_storage.py
      ->
      build/lib.linux-x86_64-cpython-312/transformer_engine/pytorch/tensor/storage
      copying transformer_engine/pytorch/tensor/storage/__init__.py ->
      build/lib.linux-x86_64-cpython-312/transformer_engine/pytorch/tensor/storage
      creating
      build/lib.linux-x86_64-cpython-312/transformer_engine/pytorch/ops/fused
      copying
      transformer_engine/pytorch/ops/fused/userbuffers_forward_linear.py ->
      build/lib.linux-x86_64-cpython-312/transformer_engine/pytorch/ops/fused
      copying
      transformer_engine/pytorch/ops/fused/userbuffers_backward_linear.py ->
      build/lib.linux-x86_64-cpython-312/transformer_engine/pytorch/ops/fused
      copying transformer_engine/pytorch/ops/fused/grouped_mlp.py ->
      build/lib.linux-x86_64-cpython-312/transformer_engine/pytorch/ops/fused
      copying transformer_engine/pytorch/ops/fused/forward_linear_scale_add.py
      -> build/lib.linux-x86_64-cpython-312/transformer_engine/pytorch/ops/fused
      copying transformer_engine/pytorch/ops/fused/forward_linear_bias_add.py ->
      build/lib.linux-x86_64-cpython-312/transformer_engine/pytorch/ops/fused
      copying
      transformer_engine/pytorch/ops/fused/forward_linear_bias_activation.py ->
      build/lib.linux-x86_64-cpython-312/transformer_engine/pytorch/ops/fused
      copying transformer_engine/pytorch/ops/fused/backward_linear_scale.py ->
      build/lib.linux-x86_64-cpython-312/transformer_engine/pytorch/ops/fused
      copying transformer_engine/pytorch/ops/fused/backward_linear_add.py ->
      build/lib.linux-x86_64-cpython-312/transformer_engine/pytorch/ops/fused
      copying transformer_engine/pytorch/ops/fused/backward_add_rmsnorm.py ->
      build/lib.linux-x86_64-cpython-312/transformer_engine/pytorch/ops/fused
      copying transformer_engine/pytorch/ops/fused/backward_activation_bias.py
      -> build/lib.linux-x86_64-cpython-312/transformer_engine/pytorch/ops/fused
      copying transformer_engine/pytorch/ops/fused/__init__.py ->
      build/lib.linux-x86_64-cpython-312/transformer_engine/pytorch/ops/fused
      creating
      build/lib.linux-x86_64-cpython-312/transformer_engine/pytorch/ops/basic
      copying transformer_engine/pytorch/ops/basic/swiglu.py ->
      build/lib.linux-x86_64-cpython-312/transformer_engine/pytorch/ops/basic
      copying transformer_engine/pytorch/ops/basic/rmsnorm.py ->
      build/lib.linux-x86_64-cpython-312/transformer_engine/pytorch/ops/basic
      copying transformer_engine/pytorch/ops/basic/reshape.py ->
      build/lib.linux-x86_64-cpython-312/transformer_engine/pytorch/ops/basic
      copying transformer_engine/pytorch/ops/basic/reduce_scatter.py ->
      build/lib.linux-x86_64-cpython-312/transformer_engine/pytorch/ops/basic
      copying transformer_engine/pytorch/ops/basic/quantize.py ->
      build/lib.linux-x86_64-cpython-312/transformer_engine/pytorch/ops/basic
      copying transformer_engine/pytorch/ops/basic/make_extra_output.py ->
      build/lib.linux-x86_64-cpython-312/transformer_engine/pytorch/ops/basic
      copying transformer_engine/pytorch/ops/basic/layer_norm.py ->
      build/lib.linux-x86_64-cpython-312/transformer_engine/pytorch/ops/basic
      copying transformer_engine/pytorch/ops/basic/l2normalization.py ->
      build/lib.linux-x86_64-cpython-312/transformer_engine/pytorch/ops/basic
      copying transformer_engine/pytorch/ops/basic/identity.py ->
      build/lib.linux-x86_64-cpython-312/transformer_engine/pytorch/ops/basic
      copying transformer_engine/pytorch/ops/basic/grouped_linear.py ->
      build/lib.linux-x86_64-cpython-312/transformer_engine/pytorch/ops/basic
      copying transformer_engine/pytorch/ops/basic/dropout.py ->
      build/lib.linux-x86_64-cpython-312/transformer_engine/pytorch/ops/basic
      copying transformer_engine/pytorch/ops/basic/constant_scale.py ->
      build/lib.linux-x86_64-cpython-312/transformer_engine/pytorch/ops/basic
      copying transformer_engine/pytorch/ops/basic/bias.py ->
      build/lib.linux-x86_64-cpython-312/transformer_engine/pytorch/ops/basic
      copying transformer_engine/pytorch/ops/basic/basic_linear.py ->
      build/lib.linux-x86_64-cpython-312/transformer_engine/pytorch/ops/basic
      copying transformer_engine/pytorch/ops/basic/all_reduce.py ->
      build/lib.linux-x86_64-cpython-312/transformer_engine/pytorch/ops/basic
      copying transformer_engine/pytorch/ops/basic/all_gather.py ->
      build/lib.linux-x86_64-cpython-312/transformer_engine/pytorch/ops/basic
      copying transformer_engine/pytorch/ops/basic/add_extra_input.py ->
      build/lib.linux-x86_64-cpython-312/transformer_engine/pytorch/ops/basic
      copying transformer_engine/pytorch/ops/basic/activation.py ->
      build/lib.linux-x86_64-cpython-312/transformer_engine/pytorch/ops/basic
      copying transformer_engine/pytorch/ops/basic/__init__.py ->
      build/lib.linux-x86_64-cpython-312/transformer_engine/pytorch/ops/basic
      creating
      build/lib.linux-x86_64-cpython-312/transformer_engine/pytorch/attention/linear_attention
      copying transformer_engine/pytorch/attention/linear_attention/gdn.py ->
      build/lib.linux-x86_64-cpython-312/transformer_engine/pytorch/attention/linear_attention
      copying
      transformer_engine/pytorch/attention/linear_attention/__init__.py ->
      build/lib.linux-x86_64-cpython-312/transformer_engine/pytorch/attention/linear_attention
      creating
      build/lib.linux-x86_64-cpython-312/transformer_engine/pytorch/attention/dot_product_attention
      copying
      transformer_engine/pytorch/attention/dot_product_attention/utils.py ->
      build/lib.linux-x86_64-cpython-312/transformer_engine/pytorch/attention/dot_product_attention
      copying
      transformer_engine/pytorch/attention/dot_product_attention/softmax.py ->
      build/lib.linux-x86_64-cpython-312/transformer_engine/pytorch/attention/dot_product_attention
      copying
      transformer_engine/pytorch/attention/dot_product_attention/flex_attention.py
      ->
      build/lib.linux-x86_64-cpython-312/transformer_engine/pytorch/attention/dot_product_attention
      copying
      transformer_engine/pytorch/attention/dot_product_attention/dot_product_attention.py
      ->
      build/lib.linux-x86_64-cpython-312/transformer_engine/pytorch/attention/dot_product_attention
      copying
      transformer_engine/pytorch/attention/dot_product_attention/context_parallel.py
      ->
      build/lib.linux-x86_64-cpython-312/transformer_engine/pytorch/attention/dot_product_attention
      copying
      transformer_engine/pytorch/attention/dot_product_attention/backends.py ->
      build/lib.linux-x86_64-cpython-312/transformer_engine/pytorch/attention/dot_product_attention
      copying
      transformer_engine/pytorch/attention/dot_product_attention/__init__.py ->
      build/lib.linux-x86_64-cpython-312/transformer_engine/pytorch/attention/dot_product_attention
      creating
      build/lib.linux-x86_64-cpython-312/transformer_engine/jax/triton_extensions
      copying transformer_engine/jax/triton_extensions/utils.py ->
      build/lib.linux-x86_64-cpython-312/transformer_engine/jax/triton_extensions
      copying transformer_engine/jax/triton_extensions/permutation.py ->
      build/lib.linux-x86_64-cpython-312/transformer_engine/jax/triton_extensions
      copying transformer_engine/jax/triton_extensions/__init__.py ->
      build/lib.linux-x86_64-cpython-312/transformer_engine/jax/triton_extensions
      creating
      build/lib.linux-x86_64-cpython-312/transformer_engine/jax/quantize
      copying transformer_engine/jax/quantize/tensor.py ->
      build/lib.linux-x86_64-cpython-312/transformer_engine/jax/quantize
      copying transformer_engine/jax/quantize/scaling_modes.py ->
      build/lib.linux-x86_64-cpython-312/transformer_engine/jax/quantize
      copying transformer_engine/jax/quantize/quantizer.py ->
      build/lib.linux-x86_64-cpython-312/transformer_engine/jax/quantize
      copying transformer_engine/jax/quantize/misc.py ->
      build/lib.linux-x86_64-cpython-312/transformer_engine/jax/quantize
      copying transformer_engine/jax/quantize/metadata.py ->
      build/lib.linux-x86_64-cpython-312/transformer_engine/jax/quantize
      copying transformer_engine/jax/quantize/helper.py ->
      build/lib.linux-x86_64-cpython-312/transformer_engine/jax/quantize
      copying transformer_engine/jax/quantize/hadamard.py ->
      build/lib.linux-x86_64-cpython-312/transformer_engine/jax/quantize
      copying transformer_engine/jax/quantize/device_utils.py ->
      build/lib.linux-x86_64-cpython-312/transformer_engine/jax/quantize
      copying transformer_engine/jax/quantize/dequantizer.py ->
      build/lib.linux-x86_64-cpython-312/transformer_engine/jax/quantize
      copying transformer_engine/jax/quantize/__init__.py ->
      build/lib.linux-x86_64-cpython-312/transformer_engine/jax/quantize
      creating build/lib.linux-x86_64-cpython-312/transformer_engine/jax/flax
      copying transformer_engine/jax/flax/transformer.py ->
      build/lib.linux-x86_64-cpython-312/transformer_engine/jax/flax
      copying transformer_engine/jax/flax/moe.py ->
      build/lib.linux-x86_64-cpython-312/transformer_engine/jax/flax
      copying transformer_engine/jax/flax/module.py ->
      build/lib.linux-x86_64-cpython-312/transformer_engine/jax/flax
      copying transformer_engine/jax/flax/__init__.py ->
      build/lib.linux-x86_64-cpython-312/transformer_engine/jax/flax
      creating build/lib.linux-x86_64-cpython-312/transformer_engine/jax/debug
      copying transformer_engine/jax/debug/__init__.py ->
      build/lib.linux-x86_64-cpython-312/transformer_engine/jax/debug
      creating
      build/lib.linux-x86_64-cpython-312/transformer_engine/jax/cpp_extensions
      copying transformer_engine/jax/cpp_extensions/topk.py ->
      build/lib.linux-x86_64-cpython-312/transformer_engine/jax/cpp_extensions
      copying transformer_engine/jax/cpp_extensions/softmax.py ->
      build/lib.linux-x86_64-cpython-312/transformer_engine/jax/cpp_extensions
      copying transformer_engine/jax/cpp_extensions/router.py ->
      build/lib.linux-x86_64-cpython-312/transformer_engine/jax/cpp_extensions
      copying transformer_engine/jax/cpp_extensions/quantization.py ->
      build/lib.linux-x86_64-cpython-312/transformer_engine/jax/cpp_extensions
      copying transformer_engine/jax/cpp_extensions/normalization.py ->
      build/lib.linux-x86_64-cpython-312/transformer_engine/jax/cpp_extensions
      copying transformer_engine/jax/cpp_extensions/misc.py ->
      build/lib.linux-x86_64-cpython-312/transformer_engine/jax/cpp_extensions
      copying transformer_engine/jax/cpp_extensions/gemm.py ->
      build/lib.linux-x86_64-cpython-312/transformer_engine/jax/cpp_extensions
      copying transformer_engine/jax/cpp_extensions/flex_attention.py ->
      build/lib.linux-x86_64-cpython-312/transformer_engine/jax/cpp_extensions
      copying transformer_engine/jax/cpp_extensions/ep.py ->
      build/lib.linux-x86_64-cpython-312/transformer_engine/jax/cpp_extensions
      copying transformer_engine/jax/cpp_extensions/base.py ->
      build/lib.linux-x86_64-cpython-312/transformer_engine/jax/cpp_extensions
      copying transformer_engine/jax/cpp_extensions/attention.py ->
      build/lib.linux-x86_64-cpython-312/transformer_engine/jax/cpp_extensions
      copying transformer_engine/jax/cpp_extensions/amax.py ->
      build/lib.linux-x86_64-cpython-312/transformer_engine/jax/cpp_extensions
      copying transformer_engine/jax/cpp_extensions/activation.py ->
      build/lib.linux-x86_64-cpython-312/transformer_engine/jax/cpp_extensions
      copying transformer_engine/jax/cpp_extensions/__init__.py ->
      build/lib.linux-x86_64-cpython-312/transformer_engine/jax/cpp_extensions
      creating
      build/lib.linux-x86_64-cpython-312/transformer_engine/jax/debug/experimental
      copying transformer_engine/jax/debug/experimental/inspect.py ->
      build/lib.linux-x86_64-cpython-312/transformer_engine/jax/debug/experimental
      copying transformer_engine/jax/debug/experimental/__init__.py ->
      build/lib.linux-x86_64-cpython-312/transformer_engine/jax/debug/experimental
      creating
      build/lib.linux-x86_64-cpython-312/transformer_engine/debug/pytorch
      copying transformer_engine/debug/pytorch/utils.py ->
      build/lib.linux-x86_64-cpython-312/transformer_engine/debug/pytorch
      copying transformer_engine/debug/pytorch/debug_state.py ->
      build/lib.linux-x86_64-cpython-312/transformer_engine/debug/pytorch
      copying transformer_engine/debug/pytorch/debug_quantization.py ->
      build/lib.linux-x86_64-cpython-312/transformer_engine/debug/pytorch
      copying transformer_engine/debug/pytorch/__init__.py ->
      build/lib.linux-x86_64-cpython-312/transformer_engine/debug/pytorch
      creating
      build/lib.linux-x86_64-cpython-312/transformer_engine/debug/features
      copying transformer_engine/debug/features/per_tensor_scaling.py ->
      build/lib.linux-x86_64-cpython-312/transformer_engine/debug/features
      copying transformer_engine/debug/features/log_tensor_stats.py ->
      build/lib.linux-x86_64-cpython-312/transformer_engine/debug/features
      copying transformer_engine/debug/features/log_nvfp4_tensor_stats.py ->
      build/lib.linux-x86_64-cpython-312/transformer_engine/debug/features
      copying transformer_engine/debug/features/log_fp8_tensor_stats.py ->
      build/lib.linux-x86_64-cpython-312/transformer_engine/debug/features
      copying transformer_engine/debug/features/fake_quant.py ->
      build/lib.linux-x86_64-cpython-312/transformer_engine/debug/features
      copying transformer_engine/debug/features/dump_tensors.py ->
      build/lib.linux-x86_64-cpython-312/transformer_engine/debug/features
      copying transformer_engine/debug/features/disable_quantization_layer.py
      -> build/lib.linux-x86_64-cpython-312/transformer_engine/debug/features
      copying transformer_engine/debug/features/disable_quantization_gemm.py
      -> build/lib.linux-x86_64-cpython-312/transformer_engine/debug/features
      copying transformer_engine/debug/features/disable_fp8_layer.py ->
      build/lib.linux-x86_64-cpython-312/transformer_engine/debug/features
      copying transformer_engine/debug/features/disable_fp8_gemm.py ->
      build/lib.linux-x86_64-cpython-312/transformer_engine/debug/features
      copying transformer_engine/debug/features/api.py ->
      build/lib.linux-x86_64-cpython-312/transformer_engine/debug/features
      copying transformer_engine/debug/features/_test_dummy_feature.py ->
      build/lib.linux-x86_64-cpython-312/transformer_engine/debug/features
      copying transformer_engine/debug/features/__init__.py ->
      build/lib.linux-x86_64-cpython-312/transformer_engine/debug/features
      creating
      build/lib.linux-x86_64-cpython-312/transformer_engine/debug/features/utils
      copying transformer_engine/debug/features/utils/stats_computation.py ->
      build/lib.linux-x86_64-cpython-312/transformer_engine/debug/features/utils
      copying transformer_engine/debug/features/utils/stats_buffer.py ->
      build/lib.linux-x86_64-cpython-312/transformer_engine/debug/features/utils
      copying transformer_engine/debug/features/utils/__init__.py ->
      build/lib.linux-x86_64-cpython-312/transformer_engine/debug/features/utils
      creating
      build/lib.linux-x86_64-cpython-312/transformer_engine/common/triton
      copying transformer_engine/common/triton/permutation.py ->
      build/lib.linux-x86_64-cpython-312/transformer_engine/common/triton
      copying transformer_engine/common/triton/pad.py ->
      build/lib.linux-x86_64-cpython-312/transformer_engine/common/triton
      copying transformer_engine/common/triton/mhc.py ->
      build/lib.linux-x86_64-cpython-312/transformer_engine/common/triton
      copying transformer_engine/common/triton/grouped_dbias_dscales.py ->
      build/lib.linux-x86_64-cpython-312/transformer_engine/common/triton
      copying transformer_engine/common/triton/cross_entropy.py ->
      build/lib.linux-x86_64-cpython-312/transformer_engine/common/triton
      copying transformer_engine/common/triton/__init__.py ->
      build/lib.linux-x86_64-cpython-312/transformer_engine/common/triton
      creating
      build/lib.linux-x86_64-cpython-312/transformer_engine/common/recipe
      copying transformer_engine/common/recipe/__init__.py ->
      build/lib.linux-x86_64-cpython-312/transformer_engine/common/recipe
      running egg_info
      writing transformer_engine.egg-info/PKG-INFO
      writing dependency_links to
      transformer_engine.egg-info/dependency_links.txt
      writing requirements to transformer_engine.egg-info/requires.txt
      writing top-level names to transformer_engine.egg-info/top_level.txt
      reading manifest file 'transformer_engine.egg-info/SOURCES.txt'
      reading manifest template 'MANIFEST.in'
      adding license file 'LICENSE'
      writing manifest file 'transformer_engine.egg-info/SOURCES.txt'
      creating
      build/lib.linux-x86_64-cpython-312/transformer_engine/pytorch/csrc
      copying transformer_engine/pytorch/csrc/common.cpp ->
      build/lib.linux-x86_64-cpython-312/transformer_engine/pytorch/csrc
      copying transformer_engine/pytorch/csrc/quantizer.cpp ->
      build/lib.linux-x86_64-cpython-312/transformer_engine/pytorch/csrc
      copying transformer_engine/pytorch/csrc/type_converters.cpp ->
      build/lib.linux-x86_64-cpython-312/transformer_engine/pytorch/csrc
      creating
      build/lib.linux-x86_64-cpython-312/transformer_engine/pytorch/csrc/extensions
      copying transformer_engine/pytorch/csrc/extensions/activation.cpp ->
      build/lib.linux-x86_64-cpython-312/transformer_engine/pytorch/csrc/extensions
      copying transformer_engine/pytorch/csrc/extensions/allocate.cpp ->
      build/lib.linux-x86_64-cpython-312/transformer_engine/pytorch/csrc/extensions
      copying transformer_engine/pytorch/csrc/extensions/apply_rope.cpp ->
      build/lib.linux-x86_64-cpython-312/transformer_engine/pytorch/csrc/extensions
      copying transformer_engine/pytorch/csrc/extensions/attention.cpp ->
      build/lib.linux-x86_64-cpython-312/transformer_engine/pytorch/csrc/extensions
      copying transformer_engine/pytorch/csrc/extensions/bias.cpp ->
      build/lib.linux-x86_64-cpython-312/transformer_engine/pytorch/csrc/extensions
      copying transformer_engine/pytorch/csrc/extensions/cast.cpp ->
      build/lib.linux-x86_64-cpython-312/transformer_engine/pytorch/csrc/extensions
      copying
      transformer_engine/pytorch/csrc/extensions/comm_gemm_overlap.cpp ->
      build/lib.linux-x86_64-cpython-312/transformer_engine/pytorch/csrc/extensions
      copying transformer_engine/pytorch/csrc/extensions/dropout.cpp ->
      build/lib.linux-x86_64-cpython-312/transformer_engine/pytorch/csrc/extensions
      copying transformer_engine/pytorch/csrc/extensions/ep.cpp ->
      build/lib.linux-x86_64-cpython-312/transformer_engine/pytorch/csrc/extensions
      copying transformer_engine/pytorch/csrc/extensions/fp8_partial_cast.cpp ->
      build/lib.linux-x86_64-cpython-312/transformer_engine/pytorch/csrc/extensions
      copying transformer_engine/pytorch/csrc/extensions/gemm.cpp ->
      build/lib.linux-x86_64-cpython-312/transformer_engine/pytorch/csrc/extensions
      copying
      transformer_engine/pytorch/csrc/extensions/grouped_mlp_experimental.cpp ->
      build/lib.linux-x86_64-cpython-312/transformer_engine/pytorch/csrc/extensions
      copying transformer_engine/pytorch/csrc/extensions/misc.cpp ->
      build/lib.linux-x86_64-cpython-312/transformer_engine/pytorch/csrc/extensions
      copying transformer_engine/pytorch/csrc/extensions/newton_schulz.cpp ->
      build/lib.linux-x86_64-cpython-312/transformer_engine/pytorch/csrc/extensions
      copying transformer_engine/pytorch/csrc/extensions/normalization.cpp ->
      build/lib.linux-x86_64-cpython-312/transformer_engine/pytorch/csrc/extensions
      copying
      transformer_engine/pytorch/csrc/extensions/nvfp4_2d_partial_cast.cpp ->
      build/lib.linux-x86_64-cpython-312/transformer_engine/pytorch/csrc/extensions
      copying transformer_engine/pytorch/csrc/extensions/nvshmem_comm.cpp ->
      build/lib.linux-x86_64-cpython-312/transformer_engine/pytorch/csrc/extensions
      copying transformer_engine/pytorch/csrc/extensions/padding.cpp ->
      build/lib.linux-x86_64-cpython-312/transformer_engine/pytorch/csrc/extensions
      copying transformer_engine/pytorch/csrc/extensions/permutation.cpp ->
      build/lib.linux-x86_64-cpython-312/transformer_engine/pytorch/csrc/extensions
      copying transformer_engine/pytorch/csrc/extensions/pybind.cpp ->
      build/lib.linux-x86_64-cpython-312/transformer_engine/pytorch/csrc/extensions
      copying transformer_engine/pytorch/csrc/extensions/recipe.cpp ->
      build/lib.linux-x86_64-cpython-312/transformer_engine/pytorch/csrc/extensions
      copying transformer_engine/pytorch/csrc/extensions/router.cpp ->
      build/lib.linux-x86_64-cpython-312/transformer_engine/pytorch/csrc/extensions
      copying transformer_engine/pytorch/csrc/extensions/softmax.cpp ->
      build/lib.linux-x86_64-cpython-312/transformer_engine/pytorch/csrc/extensions
      copying transformer_engine/pytorch/csrc/extensions/swizzle.cpp ->
      build/lib.linux-x86_64-cpython-312/transformer_engine/pytorch/csrc/extensions
      copying transformer_engine/pytorch/csrc/extensions/transpose.cpp ->
      build/lib.linux-x86_64-cpython-312/transformer_engine/pytorch/csrc/extensions
      creating
      build/lib.linux-x86_64-cpython-312/transformer_engine/pytorch/csrc/extensions/multi_tensor
      copying
      transformer_engine/pytorch/csrc/extensions/multi_tensor/adam.cpp ->
      build/lib.linux-x86_64-cpython-312/transformer_engine/pytorch/csrc/extensions/multi_tensor
      copying
      transformer_engine/pytorch/csrc/extensions/multi_tensor/compute_scale.cpp
      ->
      build/lib.linux-x86_64-cpython-312/transformer_engine/pytorch/csrc/extensions/multi_tensor
      copying
      transformer_engine/pytorch/csrc/extensions/multi_tensor/l2norm.cpp ->
      build/lib.linux-x86_64-cpython-312/transformer_engine/pytorch/csrc/extensions/multi_tensor
      copying
      transformer_engine/pytorch/csrc/extensions/multi_tensor/scale.cpp ->
      build/lib.linux-x86_64-cpython-312/transformer_engine/pytorch/csrc/extensions/multi_tensor
      copying transformer_engine/pytorch/csrc/extensions/multi_tensor/sgd.cpp ->
      build/lib.linux-x86_64-cpython-312/transformer_engine/pytorch/csrc/extensions/multi_tensor
      creating
      build/lib.linux-x86_64-cpython-312/transformer_engine/common/cmake
      copying transformer_engine/common/cmake/cuDNN.cmake ->
      build/lib.linux-x86_64-cpython-312/transformer_engine/common/cmake
      creating
      build/lib.linux-x86_64-cpython-312/transformer_engine/common/include/transformer_engine
      copying
      transformer_engine/common/include/transformer_engine/activation.h ->
      build/lib.linux-x86_64-cpython-312/transformer_engine/common/include/transformer_engine
      copying transformer_engine/common/include/transformer_engine/cast.h ->
      build/lib.linux-x86_64-cpython-312/transformer_engine/common/include/transformer_engine
      copying
      transformer_engine/common/include/transformer_engine/cast_transpose_noop.h
      ->
      build/lib.linux-x86_64-cpython-312/transformer_engine/common/include/transformer_engine
      copying
      transformer_engine/common/include/transformer_engine/comm_gemm.h ->
      build/lib.linux-x86_64-cpython-312/transformer_engine/common/include/transformer_engine
      copying
      transformer_engine/common/include/transformer_engine/comm_gemm_overlap.h
      ->
      build/lib.linux-x86_64-cpython-312/transformer_engine/common/include/transformer_engine
      copying
      transformer_engine/common/include/transformer_engine/comm_window.h ->
      build/lib.linux-x86_64-cpython-312/transformer_engine/common/include/transformer_engine
      copying transformer_engine/common/include/transformer_engine/cudnn.h ->
      build/lib.linux-x86_64-cpython-312/transformer_engine/common/include/transformer_engine
      copying transformer_engine/common/include/transformer_engine/dropout.h ->
      build/lib.linux-x86_64-cpython-312/transformer_engine/common/include/transformer_engine
      copying transformer_engine/common/include/transformer_engine/ep.h ->
      build/lib.linux-x86_64-cpython-312/transformer_engine/common/include/transformer_engine
      copying
      transformer_engine/common/include/transformer_engine/fused_attn.h ->
      build/lib.linux-x86_64-cpython-312/transformer_engine/common/include/transformer_engine
      copying
      transformer_engine/common/include/transformer_engine/fused_rope.h ->
      build/lib.linux-x86_64-cpython-312/transformer_engine/common/include/transformer_engine
      copying
      transformer_engine/common/include/transformer_engine/fused_router.h ->
      build/lib.linux-x86_64-cpython-312/transformer_engine/common/include/transformer_engine
      copying transformer_engine/common/include/transformer_engine/gemm.h ->
      build/lib.linux-x86_64-cpython-312/transformer_engine/common/include/transformer_engine
      copying
      transformer_engine/common/include/transformer_engine/hadamard_transform.h
      ->
      build/lib.linux-x86_64-cpython-312/transformer_engine/common/include/transformer_engine
      copying
      transformer_engine/common/include/transformer_engine/multi_stream.h ->
      build/lib.linux-x86_64-cpython-312/transformer_engine/common/include/transformer_engine
      copying
      transformer_engine/common/include/transformer_engine/multi_tensor.h ->
      build/lib.linux-x86_64-cpython-312/transformer_engine/common/include/transformer_engine
      copying
      transformer_engine/common/include/transformer_engine/newton_schulz.h ->
      build/lib.linux-x86_64-cpython-312/transformer_engine/common/include/transformer_engine
      copying
      transformer_engine/common/include/transformer_engine/normalization.h ->
      build/lib.linux-x86_64-cpython-312/transformer_engine/common/include/transformer_engine
      copying transformer_engine/common/include/transformer_engine/padding.h ->
      build/lib.linux-x86_64-cpython-312/transformer_engine/common/include/transformer_engine
      copying
      transformer_engine/common/include/transformer_engine/permutation.h ->
      build/lib.linux-x86_64-cpython-312/transformer_engine/common/include/transformer_engine
      copying transformer_engine/common/include/transformer_engine/recipe.h ->
      build/lib.linux-x86_64-cpython-312/transformer_engine/common/include/transformer_engine
      copying transformer_engine/common/include/transformer_engine/softmax.h ->
      build/lib.linux-x86_64-cpython-312/transformer_engine/common/include/transformer_engine
      copying transformer_engine/common/include/transformer_engine/swizzle.h ->
      build/lib.linux-x86_64-cpython-312/transformer_engine/common/include/transformer_engine
      copying transformer_engine/common/include/transformer_engine/topk.h ->
      build/lib.linux-x86_64-cpython-312/transformer_engine/common/include/transformer_engine
      copying
      transformer_engine/common/include/transformer_engine/transformer_engine.h
      ->
      build/lib.linux-x86_64-cpython-312/transformer_engine/common/include/transformer_engine
      copying
      transformer_engine/common/include/transformer_engine/transpose.h ->
      build/lib.linux-x86_64-cpython-312/transformer_engine/common/include/transformer_engine
      copying transformer_engine/common/include/transformer_engine/utils.h ->
      build/lib.linux-x86_64-cpython-312/transformer_engine/common/include/transformer_engine
      running build_ext
      Building CMake extension transformer_engine
      Building CMake extension transformer_engine in temporary directory
      /dev/shm/TransformerEngine/build/temp.linux-x86_64-cpython-312/cmake-build-transformer_engine-ak24zy0a
      Running command /usr/bin/cmake -S
      /dev/shm/TransformerEngine/transformer_engine/common -B
      /dev/shm/TransformerEngine/build/temp.linux-x86_64-cpython-312/cmake-build-transformer_engine-ak24zy0a
      -DPython_EXECUTABLE=/venv/main/bin/python3
      -DPython_INCLUDE_DIR=/venv/main/include/python3.12
      -DPython_SITEARCH=/venv/main/lib/python3.12/site-packages
      -DCMAKE_BUILD_TYPE=Release
      -DCMAKE_INSTALL_PREFIX=/dev/shm/TransformerEngine/build/lib.linux-x86_64-cpython-312
      -DCMAKE_CUDA_ARCHITECTURES=100
      -DCUDNN_FRONTEND_INCLUDE_DIR=/venv/main/lib/python3.12/site-packages/include
      -DNCCL_INCLUDE_DIR=/usr/include
      -Dpybind11_DIR=/venv/main/lib/python3.12/site-packages/pybind11/share/cmake/pybind11
      -GNinja
      -- The CUDA compiler identification is NVIDIA 12.9.86
      -- The CXX compiler identification is GNU 13.3.0
      -- Detecting CUDA compiler ABI info
      -- Detecting CUDA compiler ABI info - done
      -- Check for working CUDA compiler: /usr/local/cuda-12.9/bin/nvcc
      - skipped
      -- Detecting CUDA compile features
      -- Detecting CUDA compile features - done
      -- Detecting CXX compiler ABI info
      -- Detecting CXX compiler ABI info - done
      -- Check for working CXX compiler: /usr/bin/c++ - skipped
      -- Detecting CXX compile features
      -- Detecting CXX compile features - done
      -- Found CUDAToolkit: /usr/local/cuda-12.9/targets/x86_64-linux/include
      (found version "12.9.86")
      -- Performing Test CMAKE_HAVE_LIBC_PTHREAD
      -- Performing Test CMAKE_HAVE_LIBC_PTHREAD - Success
      -- Found Threads: TRUE
      -- cuDNN: Searching for pre-built libraries
      -- cudnn found at
      /venv/main/lib/python3.12/site-packages/nvidia/cudnn/lib/libcudnn.so.9.
      -- Found LIBRARY:
      /venv/main/lib/python3.12/site-packages/nvidia/cudnn/include
      -- cuDNN:
      /venv/main/lib/python3.12/site-packages/nvidia/cudnn/lib/libcudnn.so.9
      -- cuDNN: /venv/main/lib/python3.12/site-packages/nvidia/cudnn/include
      -- cudnn_graph found at
      /venv/main/lib/python3.12/site-packages/nvidia/cudnn/lib/libcudnn_graph.so.9.
      -- cudnn_engines_runtime_compiled found at
      /venv/main/lib/python3.12/site-packages/nvidia/cudnn/lib/libcudnn_engines_runtime_compiled.so.9.
      -- cudnn_ops found at
      /venv/main/lib/python3.12/site-packages/nvidia/cudnn/lib/libcudnn_ops.so.9.
      -- cudnn_cnn found at
      /venv/main/lib/python3.12/site-packages/nvidia/cudnn/lib/libcudnn_cnn.so.9.
      -- cudnn_adv found at
      /venv/main/lib/python3.12/site-packages/nvidia/cudnn/lib/libcudnn_adv.so.9.
      -- cudnn_engines_precompiled found at
      /venv/main/lib/python3.12/site-packages/nvidia/cudnn/lib/libcudnn_engines_precompiled.so.9.
      -- cudnn_heuristic found at
      /venv/main/lib/python3.12/site-packages/nvidia/cudnn/lib/libcudnn_heuristic.so.9.
      -- cudnn_ext not found.
      -- Found Python: /venv/main/bin/python3 (found version "3.12.14") found
      components: Interpreter Development.Module
      -- NCCL EP headers:
      /dev/shm/TransformerEngine/transformer_engine/common/../../3rdparty/nccl-extensions/build/include
      -- NCCL EP enabled (runtime-loaded library):
      /dev/shm/TransformerEngine/3rdparty/nccl-extensions/build/lib/libnccl_ep.so.0.1.0
      -- NCCL EP include:
      /dev/shm/TransformerEngine/transformer_engine/common/../../3rdparty/nccl-extensions/build/include
      -- Philox rounds for stochastic rounding: 10
      -- Parallel build jobs: 8
      -- Threads per parallel build job: 1
      -- Configuring done (1.7s)
      -- Generating done (0.0s)
      -- Build files have been written to:
      /dev/shm/TransformerEngine/build/temp.linux-x86_64-cpython-312/cmake-build-transformer_engine-ak24zy0a
      Running command /usr/bin/cmake --build
      /dev/shm/TransformerEngine/build/temp.linux-x86_64-cpython-312/cmake-build-transformer_engine-ak24zy0a
      --verbose --parallel 8
      Change Dir:
      '/dev/shm/TransformerEngine/build/temp.linux-x86_64-cpython-312/cmake-build-transformer_engine-ak24zy0a'

      Run Build Command(s): /venv/main/bin/ninja -v -j 8
      [1/99] /usr/local/cuda-12.9/bin/nvcc -forward-unknown-to-host-compiler
      -DNVTE_BUILD_LEGACY_STATIC_FUSED_SOFTMAX=0
      -DNVTE_BUILD_LEGACY_STATIC_NORM=0
      -DNVTE_BUILD_NUM_PHILOX_ROUNDS=10 -DNVTE_WITH_NCCL_EP
      -DNV_CUDNN_FRONTEND_USE_DYNAMIC_LOADING -Dtransformer_engine_EXPORTS
      -I/dev/shm/TransformerEngine/transformer_engine/common/..
      -I/dev/shm/TransformerEngine/transformer_engine/common/include
      -I/venv/main/lib/python3.12/site-packages/include
      -I/dev/shm/TransformerEngine/transformer_engine/common/../../3rdparty/cutlass/include
      -I/dev/shm/TransformerEngine/transformer_engine/common/../../3rdparty/cutlass/tools/util/include
      -I/dev/shm/TransformerEngine/transformer_engine/common/../../3rdparty/nccl-extensions/build/include
      -I/dev/shm/TransformerEngine/build/temp.linux-x86_64-cpython-312/cmake-build-transformer_engine-ak24zy0a/string_headers
      -isystem /usr/local/cuda-12.9/targets/x86_64-linux/include -isystem
      /usr/local/cuda-12.9/targets/x86_64-linux/include/cccl -isystem
      /venv/main/lib/python3.12/site-packages/nvidia/cudnn/include
      --expt-relaxed-constexpr -O3 -Xfatbin -compress-all
      --threads 1 -O3 -DNDEBUG -std=c++17 -Xcompiler=-fPIC
      --generate-code=arch=compute_100a,code=sm_100a
      --generate-code=arch=compute_103a,code=sm_103a -MD -MT
      CMakeFiles/transformer_engine.dir/activation/gelu_grouped_dbias.cu.o -MF
      CMakeFiles/transformer_engine.dir/activation/gelu_grouped_dbias.cu.o.d
      -x cu -c
      /dev/shm/TransformerEngine/transformer_engine/common/activation/gelu_grouped_dbias.cu
      -o CMakeFiles/transformer_engine.dir/activation/gelu_grouped_dbias.cu.o
      FAILED: [code=1]
      CMakeFiles/transformer_engine.dir/activation/gelu_grouped_dbias.cu.o
      /usr/local/cuda-12.9/bin/nvcc -forward-unknown-to-host-compiler
      -DNVTE_BUILD_LEGACY_STATIC_FUSED_SOFTMAX=0
      -DNVTE_BUILD_LEGACY_STATIC_NORM=0
      -DNVTE_BUILD_NUM_PHILOX_ROUNDS=10 -DNVTE_WITH_NCCL_EP
      -DNV_CUDNN_FRONTEND_USE_DYNAMIC_LOADING -Dtransformer_engine_EXPORTS
      -I/dev/shm/TransformerEngine/transformer_engine/common/..
      -I/dev/shm/TransformerEngine/transformer_engine/common/include
      -I/venv/main/lib/python3.12/site-packages/include
      -I/dev/shm/TransformerEngine/transformer_engine/common/../../3rdparty/cutlass/include
      -I/dev/shm/TransformerEngine/transformer_engine/common/../../3rdparty/cutlass/tools/util/include
      -I/dev/shm/TransformerEngine/transformer_engine/common/../../3rdparty/nccl-extensions/build/include
      -I/dev/shm/TransformerEngine/build/temp.linux-x86_64-cpython-312/cmake-build-transformer_engine-ak24zy0a/string_headers
      -isystem /usr/local/cuda-12.9/targets/x86_64-linux/include -isystem
      /usr/local/cuda-12.9/targets/x86_64-linux/include/cccl -isystem
      /venv/main/lib/python3.12/site-packages/nvidia/cudnn/include
      --expt-relaxed-constexpr -O3 -Xfatbin -compress-all
      --threads 1 -O3 -DNDEBUG -std=c++17 -Xcompiler=-fPIC
      --generate-code=arch=compute_100a,code=sm_100a
      --generate-code=arch=compute_103a,code=sm_103a -MD -MT
      CMakeFiles/transformer_engine.dir/activation/gelu_grouped_dbias.cu.o -MF
      CMakeFiles/transformer_engine.dir/activation/gelu_grouped_dbias.cu.o.d
      -x cu -c
      /dev/shm/TransformerEngine/transformer_engine/common/activation/gelu_grouped_dbias.cu
      -o CMakeFiles/transformer_engine.dir/activation/gelu_grouped_dbias.cu.o
      In file included from
      /dev/shm/TransformerEngine/transformer_engine/common/activation/./../cast/dispatch/../../common.h:42,
                       from
      /dev/shm/TransformerEngine/transformer_engine/common/activation/./../cast/dispatch/gated.cuh:16,
                       from
      /dev/shm/TransformerEngine/transformer_engine/common/activation/./activation_template.h:17,
                       from
      /dev/shm/TransformerEngine/transformer_engine/common/activation/gelu_grouped_dbias.cu:8:
      /dev/shm/TransformerEngine/transformer_engine/common/activation/./../cast/dispatch/../.././nvtx.h:10:10:
      fatal error: nvtx3/nvToolsExt.h: No such file or directory
         10 | #include <nvtx3/nvToolsExt.h>
            |          ^~~~~~~~~~~~~~~~~~~~
      compilation terminated.
      [2/99] /usr/local/cuda-12.9/bin/nvcc -forward-unknown-to-host-compiler
      -DNVTE_BUILD_LEGACY_STATIC_FUSED_SOFTMAX=0
      -DNVTE_BUILD_LEGACY_STATIC_NORM=0
      -DNVTE_BUILD_NUM_PHILOX_ROUNDS=10 -DNVTE_WITH_NCCL_EP
      -DNV_CUDNN_FRONTEND_USE_DYNAMIC_LOADING -Dtransformer_engine_EXPORTS
      -I/dev/shm/TransformerEngine/transformer_engine/common/..
      -I/dev/shm/TransformerEngine/transformer_engine/common/include
      -I/venv/main/lib/python3.12/site-packages/include
      -I/dev/shm/TransformerEngine/transformer_engine/common/../../3rdparty/cutlass/include
      -I/dev/shm/TransformerEngine/transformer_engine/common/../../3rdparty/cutlass/tools/util/include
      -I/dev/shm/TransformerEngine/transformer_engine/common/../../3rdparty/nccl-extensions/build/include
      -I/dev/shm/TransformerEngine/build/temp.linux-x86_64-cpython-312/cmake-build-transformer_engine-ak24zy0a/string_headers
      -isystem /usr/local/cuda-12.9/targets/x86_64-linux/include -isystem
      /usr/local/cuda-12.9/targets/x86_64-linux/include/cccl -isystem
      /venv/main/lib/python3.12/site-packages/nvidia/cudnn/include
      --expt-relaxed-constexpr -O3 -Xfatbin -compress-all
      --threads 1 -O3 -DNDEBUG -std=c++17 -Xcompiler=-fPIC
      --generate-code=arch=compute_100a,code=sm_100a
      --generate-code=arch=compute_103a,code=sm_103a -MD -MT
      CMakeFiles/transformer_engine.dir/activation/relu_dbias.cu.o -MF
      CMakeFiles/transformer_engine.dir/activation/relu_dbias.cu.o.d -x cu -c
      /dev/shm/TransformerEngine/transformer_engine/common/activation/relu_dbias.cu
      -o CMakeFiles/transformer_engine.dir/activation/relu_dbias.cu.o
      FAILED: [code=1]
      CMakeFiles/transformer_engine.dir/activation/relu_dbias.cu.o
      /usr/local/cuda-12.9/bin/nvcc -forward-unknown-to-host-compiler
      -DNVTE_BUILD_LEGACY_STATIC_FUSED_SOFTMAX=0
      -DNVTE_BUILD_LEGACY_STATIC_NORM=0
      -DNVTE_BUILD_NUM_PHILOX_ROUNDS=10 -DNVTE_WITH_NCCL_EP
      -DNV_CUDNN_FRONTEND_USE_DYNAMIC_LOADING -Dtransformer_engine_EXPORTS
      -I/dev/shm/TransformerEngine/transformer_engine/common/..
      -I/dev/shm/TransformerEngine/transformer_engine/common/include
      -I/venv/main/lib/python3.12/site-packages/include
      -I/dev/shm/TransformerEngine/transformer_engine/common/../../3rdparty/cutlass/include
      -I/dev/shm/TransformerEngine/transformer_engine/common/../../3rdparty/cutlass/tools/util/include
      -I/dev/shm/TransformerEngine/transformer_engine/common/../../3rdparty/nccl-extensions/build/include
      -I/dev/shm/TransformerEngine/build/temp.linux-x86_64-cpython-312/cmake-build-transformer_engine-ak24zy0a/string_headers
      -isystem /usr/local/cuda-12.9/targets/x86_64-linux/include -isystem
      /usr/local/cuda-12.9/targets/x86_64-linux/include/cccl -isystem
      /venv/main/lib/python3.12/site-packages/nvidia/cudnn/include
      --expt-relaxed-constexpr -O3 -Xfatbin -compress-all
      --threads 1 -O3 -DNDEBUG -std=c++17 -Xcompiler=-fPIC
      --generate-code=arch=compute_100a,code=sm_100a
      --generate-code=arch=compute_103a,code=sm_103a -MD -MT
      CMakeFiles/transformer_engine.dir/activation/relu_dbias.cu.o -MF
      CMakeFiles/transformer_engine.dir/activation/relu_dbias.cu.o.d -x cu -c
      /dev/shm/TransformerEngine/transformer_engine/common/activation/relu_dbias.cu
      -o CMakeFiles/transformer_engine.dir/activation/relu_dbias.cu.o
      In file included from
      /dev/shm/TransformerEngine/transformer_engine/common/activation/./../cast/dispatch/../../common.h:42,
                       from
      /dev/shm/TransformerEngine/transformer_engine/common/activation/./../cast/dispatch/gated.cuh:16,
                       from
      /dev/shm/TransformerEngine/transformer_engine/common/activation/./activation_template.h:17,
                       from
      /dev/shm/TransformerEngine/transformer_engine/common/activation/relu_dbias.cu:8:
      /dev/shm/TransformerEngine/transformer_engine/common/activation/./../cast/dispatch/../.././nvtx.h:10:10:
      fatal error: nvtx3/nvToolsExt.h: No such file or directory
         10 | #include <nvtx3/nvToolsExt.h>
            |          ^~~~~~~~~~~~~~~~~~~~
      compilation terminated.
      [3/99] /usr/local/cuda-12.9/bin/nvcc -forward-unknown-to-host-compiler
      -DNVTE_BUILD_LEGACY_STATIC_FUSED_SOFTMAX=0
      -DNVTE_BUILD_LEGACY_STATIC_NORM=0
      -DNVTE_BUILD_NUM_PHILOX_ROUNDS=10 -DNVTE_WITH_NCCL_EP
      -DNV_CUDNN_FRONTEND_USE_DYNAMIC_LOADING -Dtransformer_engine_EXPORTS
      -I/dev/shm/TransformerEngine/transformer_engine/common/..
      -I/dev/shm/TransformerEngine/transformer_engine/common/include
      -I/venv/main/lib/python3.12/site-packages/include
      -I/dev/shm/TransformerEngine/transformer_engine/common/../../3rdparty/cutlass/include
      -I/dev/shm/TransformerEngine/transformer_engine/common/../../3rdparty/cutlass/tools/util/include
      -I/dev/shm/TransformerEngine/transformer_engine/common/../../3rdparty/nccl-extensions/build/include
      -I/dev/shm/TransformerEngine/build/temp.linux-x86_64-cpython-312/cmake-build-transformer_engine-ak24zy0a/string_headers
      -isystem /usr/local/cuda-12.9/targets/x86_64-linux/include -isystem
      /usr/local/cuda-12.9/targets/x86_64-linux/include/cccl -isystem
      /venv/main/lib/python3.12/site-packages/nvidia/cudnn/include
      --expt-relaxed-constexpr -O3 -Xfatbin -compress-all
      --threads 1 -O3 -DNDEBUG -std=c++17 -Xcompiler=-fPIC
      --generate-code=arch=compute_100a,code=sm_100a
      --generate-code=arch=compute_103a,code=sm_103a -MD -MT
      CMakeFiles/transformer_engine.dir/activation/gelu_dbias.cu.o -MF
      CMakeFiles/transformer_engine.dir/activation/gelu_dbias.cu.o.d -x cu -c
      /dev/shm/TransformerEngine/transformer_engine/common/activation/gelu_dbias.cu
      -o CMakeFiles/transformer_engine.dir/activation/gelu_dbias.cu.o
      FAILED: [code=1]
      CMakeFiles/transformer_engine.dir/activation/gelu_dbias.cu.o
      /usr/local/cuda-12.9/bin/nvcc -forward-unknown-to-host-compiler
      -DNVTE_BUILD_LEGACY_STATIC_FUSED_SOFTMAX=0
      -DNVTE_BUILD_LEGACY_STATIC_NORM=0
      -DNVTE_BUILD_NUM_PHILOX_ROUNDS=10 -DNVTE_WITH_NCCL_EP
      -DNV_CUDNN_FRONTEND_USE_DYNAMIC_LOADING -Dtransformer_engine_EXPORTS
      -I/dev/shm/TransformerEngine/transformer_engine/common/..
      -I/dev/shm/TransformerEngine/transformer_engine/common/include
      -I/venv/main/lib/python3.12/site-packages/include
      -I/dev/shm/TransformerEngine/transformer_engine/common/../../3rdparty/cutlass/include
      -I/dev/shm/TransformerEngine/transformer_engine/common/../../3rdparty/cutlass/tools/util/include
      -I/dev/shm/TransformerEngine/transformer_engine/common/../../3rdparty/nccl-extensions/build/include
      -I/dev/shm/TransformerEngine/build/temp.linux-x86_64-cpython-312/cmake-build-transformer_engine-ak24zy0a/string_headers
      -isystem /usr/local/cuda-12.9/targets/x86_64-linux/include -isystem
      /usr/local/cuda-12.9/targets/x86_64-linux/include/cccl -isystem
      /venv/main/lib/python3.12/site-packages/nvidia/cudnn/include
      --expt-relaxed-constexpr -O3 -Xfatbin -compress-all
      --threads 1 -O3 -DNDEBUG -std=c++17 -Xcompiler=-fPIC
      --generate-code=arch=compute_100a,code=sm_100a
      --generate-code=arch=compute_103a,code=sm_103a -MD -MT
      CMakeFiles/transformer_engine.dir/activation/gelu_dbias.cu.o -MF
      CMakeFiles/transformer_engine.dir/activation/gelu_dbias.cu.o.d -x cu -c
      /dev/shm/TransformerEngine/transformer_engine/common/activation/gelu_dbias.cu
      -o CMakeFiles/transformer_engine.dir/activation/gelu_dbias.cu.o
      In file included from
      /dev/shm/TransformerEngine/transformer_engine/common/activation/./../cast/dispatch/../../common.h:42,
                       from
      /dev/shm/TransformerEngine/transformer_engine/common/activation/./../cast/dispatch/gated.cuh:16,
                       from
      /dev/shm/TransformerEngine/transformer_engine/common/activation/./activation_template.h:17,
                       from
      /dev/shm/TransformerEngine/transformer_engine/common/activation/gelu_dbias.cu:8:
      /dev/shm/TransformerEngine/transformer_engine/common/activation/./../cast/dispatch/../.././nvtx.h:10:10:
      fatal error: nvtx3/nvToolsExt.h: No such file or directory
         10 | #include <nvtx3/nvToolsExt.h>
            |          ^~~~~~~~~~~~~~~~~~~~
      compilation terminated.
      [4/99] /usr/local/cuda-12.9/bin/nvcc -forward-unknown-to-host-compiler
      -DNVTE_BUILD_LEGACY_STATIC_FUSED_SOFTMAX=0
      -DNVTE_BUILD_LEGACY_STATIC_NORM=0
      -DNVTE_BUILD_NUM_PHILOX_ROUNDS=10 -DNVTE_WITH_NCCL_EP
      -DNV_CUDNN_FRONTEND_USE_DYNAMIC_LOADING -Dtransformer_engine_EXPORTS
      -I/dev/shm/TransformerEngine/transformer_engine/common/..
      -I/dev/shm/TransformerEngine/transformer_engine/common/include
      -I/venv/main/lib/python3.12/site-packages/include
      -I/dev/shm/TransformerEngine/transformer_engine/common/../../3rdparty/cutlass/include
      -I/dev/shm/TransformerEngine/transformer_engine/common/../../3rdparty/cutlass/tools/util/include
      -I/dev/shm/TransformerEngine/transformer_engine/common/../../3rdparty/nccl-extensions/build/include
      -I/dev/shm/TransformerEngine/build/temp.linux-x86_64-cpython-312/cmake-build-transformer_engine-ak24zy0a/string_headers
      -isystem /usr/local/cuda-12.9/targets/x86_64-linux/include -isystem
      /usr/local/cuda-12.9/targets/x86_64-linux/include/cccl -isystem
      /venv/main/lib/python3.12/site-packages/nvidia/cudnn/include
      --expt-relaxed-constexpr -O3 -Xfatbin -compress-all
      --threads 1 -O3 -DNDEBUG -std=c++17 -Xcompiler=-fPIC
      --generate-code=arch=compute_100a,code=sm_100a
      --generate-code=arch=compute_103a,code=sm_103a -MD -MT
      CMakeFiles/transformer_engine.dir/activation/glu.cu.o -MF
      CMakeFiles/transformer_engine.dir/activation/glu.cu.o.d -x cu -c
      /dev/shm/TransformerEngine/transformer_engine/common/activation/glu.cu
      -o CMakeFiles/transformer_engine.dir/activation/glu.cu.o
      FAILED: [code=1] CMakeFiles/transformer_engine.dir/activation/glu.cu.o
      /usr/local/cuda-12.9/bin/nvcc -forward-unknown-to-host-compiler
      -DNVTE_BUILD_LEGACY_STATIC_FUSED_SOFTMAX=0
      -DNVTE_BUILD_LEGACY_STATIC_NORM=0
      -DNVTE_BUILD_NUM_PHILOX_ROUNDS=10 -DNVTE_WITH_NCCL_EP
      -DNV_CUDNN_FRONTEND_USE_DYNAMIC_LOADING -Dtransformer_engine_EXPORTS
      -I/dev/shm/TransformerEngine/transformer_engine/common/..
      -I/dev/shm/TransformerEngine/transformer_engine/common/include
      -I/venv/main/lib/python3.12/site-packages/include
      -I/dev/shm/TransformerEngine/transformer_engine/common/../../3rdparty/cutlass/include
      -I/dev/shm/TransformerEngine/transformer_engine/common/../../3rdparty/cutlass/tools/util/include
      -I/dev/shm/TransformerEngine/transformer_engine/common/../../3rdparty/nccl-extensions/build/include
      -I/dev/shm/TransformerEngine/build/temp.linux-x86_64-cpython-312/cmake-build-transformer_engine-ak24zy0a/string_headers
      -isystem /usr/local/cuda-12.9/targets/x86_64-linux/include -isystem
      /usr/local/cuda-12.9/targets/x86_64-linux/include/cccl -isystem
      /venv/main/lib/python3.12/site-packages/nvidia/cudnn/include
      --expt-relaxed-constexpr -O3 -Xfatbin -compress-all
      --threads 1 -O3 -DNDEBUG -std=c++17 -Xcompiler=-fPIC
      --generate-code=arch=compute_100a,code=sm_100a
      --generate-code=arch=compute_103a,code=sm_103a -MD -MT
      CMakeFiles/transformer_engine.dir/activation/glu.cu.o -MF
      CMakeFiles/transformer_engine.dir/activation/glu.cu.o.d -x cu -c
      /dev/shm/TransformerEngine/transformer_engine/common/activation/glu.cu
      -o CMakeFiles/transformer_engine.dir/activation/glu.cu.o
      In file included from
      /dev/shm/TransformerEngine/transformer_engine/common/activation/./../cast/dispatch/../../common.h:42,
                       from
      /dev/shm/TransformerEngine/transformer_engine/common/activation/./../cast/dispatch/gated.cuh:16,
                       from
      /dev/shm/TransformerEngine/transformer_engine/common/activation/./activation_template.h:17,
                       from
      /dev/shm/TransformerEngine/transformer_engine/common/activation/glu.cu:8:
      /dev/shm/TransformerEngine/transformer_engine/common/activation/./../cast/dispatch/../.././nvtx.h:10:10:
      fatal error: nvtx3/nvToolsExt.h: No such file or directory
         10 | #include <nvtx3/nvToolsExt.h>
            |          ^~~~~~~~~~~~~~~~~~~~
      compilation terminated.
      [5/99] /usr/local/cuda-12.9/bin/nvcc -forward-unknown-to-host-compiler
      -DNVTE_BUILD_LEGACY_STATIC_FUSED_SOFTMAX=0
      -DNVTE_BUILD_LEGACY_STATIC_NORM=0
      -DNVTE_BUILD_NUM_PHILOX_ROUNDS=10 -DNVTE_WITH_NCCL_EP
      -DNV_CUDNN_FRONTEND_USE_DYNAMIC_LOADING -Dtransformer_engine_EXPORTS
      -I/dev/shm/TransformerEngine/transformer_engine/common/..
      -I/dev/shm/TransformerEngine/transformer_engine/common/include
      -I/venv/main/lib/python3.12/site-packages/include
      -I/dev/shm/TransformerEngine/transformer_engine/common/../../3rdparty/cutlass/include
      -I/dev/shm/TransformerEngine/transformer_engine/common/../../3rdparty/cutlass/tools/util/include
      -I/dev/shm/TransformerEngine/transformer_engine/common/../../3rdparty/nccl-extensions/build/include
      -I/dev/shm/TransformerEngine/build/temp.linux-x86_64-cpython-312/cmake-build-transformer_engine-ak24zy0a/string_headers
      -isystem /usr/local/cuda-12.9/targets/x86_64-linux/include -isystem
      /usr/local/cuda-12.9/targets/x86_64-linux/include/cccl -isystem
      /venv/main/lib/python3.12/site-packages/nvidia/cudnn/include
      --expt-relaxed-constexpr -O3 -Xfatbin -compress-all
      --threads 1 -O3 -DNDEBUG -std=c++17 -Xcompiler=-fPIC
      --generate-code=arch=compute_100a,code=sm_100a
      --generate-code=arch=compute_103a,code=sm_103a --use_fast_math -MD
      -MT CMakeFiles/transformer_engine.dir/fused_attn/flash_attn.cu.o -MF
      CMakeFiles/transformer_engine.dir/fused_attn/flash_attn.cu.o.d -x cu -c
      /dev/shm/TransformerEngine/transformer_engine/common/fused_attn/flash_attn.cu
      -o CMakeFiles/transformer_engine.dir/fused_attn/flash_attn.cu.o
      FAILED: [code=1]
      CMakeFiles/transformer_engine.dir/fused_attn/flash_attn.cu.o
      /usr/local/cuda-12.9/bin/nvcc -forward-unknown-to-host-compiler
      -DNVTE_BUILD_LEGACY_STATIC_FUSED_SOFTMAX=0
      -DNVTE_BUILD_LEGACY_STATIC_NORM=0
      -DNVTE_BUILD_NUM_PHILOX_ROUNDS=10 -DNVTE_WITH_NCCL_EP
      -DNV_CUDNN_FRONTEND_USE_DYNAMIC_LOADING -Dtransformer_engine_EXPORTS
      -I/dev/shm/TransformerEngine/transformer_engine/common/..
      -I/dev/shm/TransformerEngine/transformer_engine/common/include
      -I/venv/main/lib/python3.12/site-packages/include
      -I/dev/shm/TransformerEngine/transformer_engine/common/../../3rdparty/cutlass/include
      -I/dev/shm/TransformerEngine/transformer_engine/common/../../3rdparty/cutlass/tools/util/include
      -I/dev/shm/TransformerEngine/transformer_engine/common/../../3rdparty/nccl-extensions/build/include
      -I/dev/shm/TransformerEngine/build/temp.linux-x86_64-cpython-312/cmake-build-transformer_engine-ak24zy0a/string_headers
      -isystem /usr/local/cuda-12.9/targets/x86_64-linux/include -isystem
      /usr/local/cuda-12.9/targets/x86_64-linux/include/cccl -isystem
      /venv/main/lib/python3.12/site-packages/nvidia/cudnn/include
      --expt-relaxed-constexpr -O3 -Xfatbin -compress-all
      --threads 1 -O3 -DNDEBUG -std=c++17 -Xcompiler=-fPIC
      --generate-code=arch=compute_100a,code=sm_100a
      --generate-code=arch=compute_103a,code=sm_103a --use_fast_math -MD
      -MT CMakeFiles/transformer_engine.dir/fused_attn/flash_attn.cu.o -MF
      CMakeFiles/transformer_engine.dir/fused_attn/flash_attn.cu.o.d -x cu -c
      /dev/shm/TransformerEngine/transformer_engine/common/fused_attn/flash_attn.cu
      -o CMakeFiles/transformer_engine.dir/fused_attn/flash_attn.cu.o
      In file included from
      /dev/shm/TransformerEngine/transformer_engine/common/fused_attn/../common.h:42,
                       from
      /dev/shm/TransformerEngine/transformer_engine/common/fused_attn/flash_attn.cu:10:
      /dev/shm/TransformerEngine/transformer_engine/common/fused_attn/.././nvtx.h:10:10:
      fatal error: nvtx3/nvToolsExt.h: No such file or directory
         10 | #include <nvtx3/nvToolsExt.h>
            |          ^~~~~~~~~~~~~~~~~~~~
      compilation terminated.
      [6/99] /usr/local/cuda-12.9/bin/nvcc -forward-unknown-to-host-compiler
      -DNVTE_BUILD_LEGACY_STATIC_FUSED_SOFTMAX=0
      -DNVTE_BUILD_LEGACY_STATIC_NORM=0
      -DNVTE_BUILD_NUM_PHILOX_ROUNDS=10 -DNVTE_WITH_NCCL_EP
      -DNV_CUDNN_FRONTEND_USE_DYNAMIC_LOADING -Dtransformer_engine_EXPORTS
      -I/dev/shm/TransformerEngine/transformer_engine/common/..
      -I/dev/shm/TransformerEngine/transformer_engine/common/include
      -I/venv/main/lib/python3.12/site-packages/include
      -I/dev/shm/TransformerEngine/transformer_engine/common/../../3rdparty/cutlass/include
      -I/dev/shm/TransformerEngine/transformer_engine/common/../../3rdparty/cutlass/tools/util/include
      -I/dev/shm/TransformerEngine/transformer_engine/common/../../3rdparty/nccl-extensions/build/include
      -I/dev/shm/TransformerEngine/build/temp.linux-x86_64-cpython-312/cmake-build-transformer_engine-ak24zy0a/string_headers
      -isystem /usr/local/cuda-12.9/targets/x86_64-linux/include -isystem
      /usr/local/cuda-12.9/targets/x86_64-linux/include/cccl -isystem
      /venv/main/lib/python3.12/site-packages/nvidia/cudnn/include
      --expt-relaxed-constexpr -O3 -Xfatbin -compress-all
      --threads 1 -O3 -DNDEBUG -std=c++17 -Xcompiler=-fPIC
      --generate-code=arch=compute_100a,code=sm_100a
      --generate-code=arch=compute_103a,code=sm_103a -MD -MT
      CMakeFiles/transformer_engine.dir/activation/gelu.cu.o -MF
      CMakeFiles/transformer_engine.dir/activation/gelu.cu.o.d -x cu -c
      /dev/shm/TransformerEngine/transformer_engine/common/activation/gelu.cu
      -o CMakeFiles/transformer_engine.dir/activation/gelu.cu.o
      FAILED: [code=1] CMakeFiles/transformer_engine.dir/activation/gelu.cu.o
      /usr/local/cuda-12.9/bin/nvcc -forward-unknown-to-host-compiler
      -DNVTE_BUILD_LEGACY_STATIC_FUSED_SOFTMAX=0
      -DNVTE_BUILD_LEGACY_STATIC_NORM=0
      -DNVTE_BUILD_NUM_PHILOX_ROUNDS=10 -DNVTE_WITH_NCCL_EP
      -DNV_CUDNN_FRONTEND_USE_DYNAMIC_LOADING -Dtransformer_engine_EXPORTS
      -I/dev/shm/TransformerEngine/transformer_engine/common/..
      -I/dev/shm/TransformerEngine/transformer_engine/common/include
      -I/venv/main/lib/python3.12/site-packages/include
      -I/dev/shm/TransformerEngine/transformer_engine/common/../../3rdparty/cutlass/include
      -I/dev/shm/TransformerEngine/transformer_engine/common/../../3rdparty/cutlass/tools/util/include
      -I/dev/shm/TransformerEngine/transformer_engine/common/../../3rdparty/nccl-extensions/build/include
      -I/dev/shm/TransformerEngine/build/temp.linux-x86_64-cpython-312/cmake-build-transformer_engine-ak24zy0a/string_headers
      -isystem /usr/local/cuda-12.9/targets/x86_64-linux/include -isystem
      /usr/local/cuda-12.9/targets/x86_64-linux/include/cccl -isystem
      /venv/main/lib/python3.12/site-packages/nvidia/cudnn/include
      --expt-relaxed-constexpr -O3 -Xfatbin -compress-all
      --threads 1 -O3 -DNDEBUG -std=c++17 -Xcompiler=-fPIC
      --generate-code=arch=compute_100a,code=sm_100a
      --generate-code=arch=compute_103a,code=sm_103a -MD -MT
      CMakeFiles/transformer_engine.dir/activation/gelu.cu.o -MF
      CMakeFiles/transformer_engine.dir/activation/gelu.cu.o.d -x cu -c
      /dev/shm/TransformerEngine/transformer_engine/common/activation/gelu.cu
      -o CMakeFiles/transformer_engine.dir/activation/gelu.cu.o
      In file included from
      /dev/shm/TransformerEngine/transformer_engine/common/activation/./../cast/dispatch/../../common.h:42,
                       from
      /dev/shm/TransformerEngine/transformer_engine/common/activation/./../cast/dispatch/gated.cuh:16,
                       from
      /dev/shm/TransformerEngine/transformer_engine/common/activation/./activation_template.h:17,
                       from
      /dev/shm/TransformerEngine/transformer_engine/common/activation/gelu.cu:8:
      /dev/shm/TransformerEngine/transformer_engine/common/activation/./../cast/dispatch/../.././nvtx.h:10:10:
      fatal error: nvtx3/nvToolsExt.h: No such file or directory
         10 | #include <nvtx3/nvToolsExt.h>
            |          ^~~~~~~~~~~~~~~~~~~~
      compilation terminated.
      [7/99] /usr/local/cuda-12.9/bin/nvcc -forward-unknown-to-host-compiler
      -DNVTE_BUILD_LEGACY_STATIC_FUSED_SOFTMAX=0
      -DNVTE_BUILD_LEGACY_STATIC_NORM=0
      -DNVTE_BUILD_NUM_PHILOX_ROUNDS=10 -DNVTE_WITH_NCCL_EP
      -DNV_CUDNN_FRONTEND_USE_DYNAMIC_LOADING -Dtransformer_engine_EXPORTS
      -I/dev/shm/TransformerEngine/transformer_engine/common/..
      -I/dev/shm/TransformerEngine/transformer_engine/common/include
      -I/venv/main/lib/python3.12/site-packages/include
      -I/dev/shm/TransformerEngine/transformer_engine/common/../../3rdparty/cutlass/include
      -I/dev/shm/TransformerEngine/transformer_engine/common/../../3rdparty/cutlass/tools/util/include
      -I/dev/shm/TransformerEngine/transformer_engine/common/../../3rdparty/nccl-extensions/build/include
      -I/dev/shm/TransformerEngine/build/temp.linux-x86_64-cpython-312/cmake-build-transformer_engine-ak24zy0a/string_headers
      -isystem /usr/local/cuda-12.9/targets/x86_64-linux/include -isystem
      /usr/local/cuda-12.9/targets/x86_64-linux/include/cccl -isystem
      /venv/main/lib/python3.12/site-packages/nvidia/cudnn/include
      --expt-relaxed-constexpr -O3 -Xfatbin -compress-all
      --threads 1 -O3 -DNDEBUG -std=c++17 -Xcompiler=-fPIC
      --generate-code=arch=compute_100a,code=sm_100a
      --generate-code=arch=compute_103a,code=sm_103a -MD -MT
      CMakeFiles/transformer_engine.dir/activation/gelu_grouped.cu.o -MF
      CMakeFiles/transformer_engine.dir/activation/gelu_grouped.cu.o.d -x cu -c
      /dev/shm/TransformerEngine/transformer_engine/common/activation/gelu_grouped.cu
      -o CMakeFiles/transformer_engine.dir/activation/gelu_grouped.cu.o
      FAILED: [code=1]
      CMakeFiles/transformer_engine.dir/activation/gelu_grouped.cu.o
      /usr/local/cuda-12.9/bin/nvcc -forward-unknown-to-host-compiler
      -DNVTE_BUILD_LEGACY_STATIC_FUSED_SOFTMAX=0
      -DNVTE_BUILD_LEGACY_STATIC_NORM=0
      -DNVTE_BUILD_NUM_PHILOX_ROUNDS=10 -DNVTE_WITH_NCCL_EP
      -DNV_CUDNN_FRONTEND_USE_DYNAMIC_LOADING -Dtransformer_engine_EXPORTS
      -I/dev/shm/TransformerEngine/transformer_engine/common/..
      -I/dev/shm/TransformerEngine/transformer_engine/common/include
      -I/venv/main/lib/python3.12/site-packages/include
      -I/dev/shm/TransformerEngine/transformer_engine/common/../../3rdparty/cutlass/include
      -I/dev/shm/TransformerEngine/transformer_engine/common/../../3rdparty/cutlass/tools/util/include
      -I/dev/shm/TransformerEngine/transformer_engine/common/../../3rdparty/nccl-extensions/build/include
      -I/dev/shm/TransformerEngine/build/temp.linux-x86_64-cpython-312/cmake-build-transformer_engine-ak24zy0a/string_headers
      -isystem /usr/local/cuda-12.9/targets/x86_64-linux/include -isystem
      /usr/local/cuda-12.9/targets/x86_64-linux/include/cccl -isystem
      /venv/main/lib/python3.12/site-packages/nvidia/cudnn/include
      --expt-relaxed-constexpr -O3 -Xfatbin -compress-all
      --threads 1 -O3 -DNDEBUG -std=c++17 -Xcompiler=-fPIC
      --generate-code=arch=compute_100a,code=sm_100a
      --generate-code=arch=compute_103a,code=sm_103a -MD -MT
      CMakeFiles/transformer_engine.dir/activation/gelu_grouped.cu.o -MF
      CMakeFiles/transformer_engine.dir/activation/gelu_grouped.cu.o.d -x cu -c
      /dev/shm/TransformerEngine/transformer_engine/common/activation/gelu_grouped.cu
      -o CMakeFiles/transformer_engine.dir/activation/gelu_grouped.cu.o
      In file included from
      /dev/shm/TransformerEngine/transformer_engine/common/activation/./../cast/dispatch/../../common.h:42,
                       from
      /dev/shm/TransformerEngine/transformer_engine/common/activation/./../cast/dispatch/gated.cuh:16,
                       from
      /dev/shm/TransformerEngine/transformer_engine/common/activation/./activation_template.h:17,
                       from
      /dev/shm/TransformerEngine/transformer_engine/common/activation/gelu_grouped.cu:8:
      /dev/shm/TransformerEngine/transformer_engine/common/activation/./../cast/dispatch/../.././nvtx.h:10:10:
      fatal error: nvtx3/nvToolsExt.h: No such file or directory
         10 | #include <nvtx3/nvToolsExt.h>
            |          ^~~~~~~~~~~~~~~~~~~~
      compilation terminated.
      [8/99] /usr/local/cuda-12.9/bin/nvcc -forward-unknown-to-host-compiler
      -DNVTE_BUILD_LEGACY_STATIC_FUSED_SOFTMAX=0
      -DNVTE_BUILD_LEGACY_STATIC_NORM=0
      -DNVTE_BUILD_NUM_PHILOX_ROUNDS=10 -DNVTE_WITH_NCCL_EP
      -DNV_CUDNN_FRONTEND_USE_DYNAMIC_LOADING -Dtransformer_engine_EXPORTS
      -I/dev/shm/TransformerEngine/transformer_engine/common/..
      -I/dev/shm/TransformerEngine/transformer_engine/common/include
      -I/venv/main/lib/python3.12/site-packages/include
      -I/dev/shm/TransformerEngine/transformer_engine/common/../../3rdparty/cutlass/include
      -I/dev/shm/TransformerEngine/transformer_engine/common/../../3rdparty/cutlass/tools/util/include
      -I/dev/shm/TransformerEngine/transformer_engine/common/../../3rdparty/nccl-extensions/build/include
      -I/dev/shm/TransformerEngine/build/temp.linux-x86_64-cpython-312/cmake-build-transformer_engine-ak24zy0a/string_headers
      -isystem /usr/local/cuda-12.9/targets/x86_64-linux/include -isystem
      /usr/local/cuda-12.9/targets/x86_64-linux/include/cccl -isystem
      /venv/main/lib/python3.12/site-packages/nvidia/cudnn/include
      --expt-relaxed-constexpr -O3 -Xfatbin -compress-all
      --threads 1 -O3 -DNDEBUG -std=c++17 -Xcompiler=-fPIC
      --generate-code=arch=compute_100a,code=sm_100a
      --generate-code=arch=compute_103a,code=sm_103a -MD -MT
      CMakeFiles/transformer_engine.dir/activation/relu.cu.o -MF
      CMakeFiles/transformer_engine.dir/activation/relu.cu.o.d -x cu -c
      /dev/shm/TransformerEngine/transformer_engine/common/activation/relu.cu
      -o CMakeFiles/transformer_engine.dir/activation/relu.cu.o
      FAILED: [code=1] CMakeFiles/transformer_engine.dir/activation/relu.cu.o
      /usr/local/cuda-12.9/bin/nvcc -forward-unknown-to-host-compiler
      -DNVTE_BUILD_LEGACY_STATIC_FUSED_SOFTMAX=0
      -DNVTE_BUILD_LEGACY_STATIC_NORM=0
      -DNVTE_BUILD_NUM_PHILOX_ROUNDS=10 -DNVTE_WITH_NCCL_EP
      -DNV_CUDNN_FRONTEND_USE_DYNAMIC_LOADING -Dtransformer_engine_EXPORTS
      -I/dev/shm/TransformerEngine/transformer_engine/common/..
      -I/dev/shm/TransformerEngine/transformer_engine/common/include
      -I/venv/main/lib/python3.12/site-packages/include
      -I/dev/shm/TransformerEngine/transformer_engine/common/../../3rdparty/cutlass/include
      -I/dev/shm/TransformerEngine/transformer_engine/common/../../3rdparty/cutlass/tools/util/include
      -I/dev/shm/TransformerEngine/transformer_engine/common/../../3rdparty/nccl-extensions/build/include
      -I/dev/shm/TransformerEngine/build/temp.linux-x86_64-cpython-312/cmake-build-transformer_engine-ak24zy0a/string_headers
      -isystem /usr/local/cuda-12.9/targets/x86_64-linux/include -isystem
      /usr/local/cuda-12.9/targets/x86_64-linux/include/cccl -isystem
      /venv/main/lib/python3.12/site-packages/nvidia/cudnn/include
      --expt-relaxed-constexpr -O3 -Xfatbin -compress-all
      --threads 1 -O3 -DNDEBUG -std=c++17 -Xcompiler=-fPIC
      --generate-code=arch=compute_100a,code=sm_100a
      --generate-code=arch=compute_103a,code=sm_103a -MD -MT
      CMakeFiles/transformer_engine.dir/activation/relu.cu.o -MF
      CMakeFiles/transformer_engine.dir/activation/relu.cu.o.d -x cu -c
      /dev/shm/TransformerEngine/transformer_engine/common/activation/relu.cu
      -o CMakeFiles/transformer_engine.dir/activation/relu.cu.o
      In file included from
      /dev/shm/TransformerEngine/transformer_engine/common/activation/./../cast/dispatch/../../common.h:42,
                       from
      /dev/shm/TransformerEngine/transformer_engine/common/activation/./../cast/dispatch/gated.cuh:16,
                       from
      /dev/shm/TransformerEngine/transformer_engine/common/activation/./activation_template.h:17,
                       from
      /dev/shm/TransformerEngine/transformer_engine/common/activation/relu.cu:8:
      /dev/shm/TransformerEngine/transformer_engine/common/activation/./../cast/dispatch/../.././nvtx.h:10:10:
      fatal error: nvtx3/nvToolsExt.h: No such file or directory
         10 | #include <nvtx3/nvToolsExt.h>
            |          ^~~~~~~~~~~~~~~~~~~~
      compilation terminated.
      ninja: build stopped: subcommand failed.


      [stderr]
      /venv/main/lib/python3.12/site-packages/wheel/bdist_wheel.py:4:
      FutureWarning: The 'wheel' package is no longer the canonical location
      of the 'bdist_wheel' command, and will be removed in a future release.
      Please update to setuptools v70.1 or later which contains an integrated
      version of this command.
        warn(
      /venv/main/lib/python3.12/site-packages/setuptools/command/build_py.py:212:
      _Warning: Package 'transformer_engine.common.cmake' is absent from the
      `packages` configuration.
      !!

      
      ********************************************************************************
              ############################
              # Package would be ignored #
              ############################
              Python recognizes 'transformer_engine.common.cmake' as an
      importable package[^1],
              but it is absent from setuptools' `packages` configuration.

              This leads to an ambiguous overall configuration. If you want to
      distribute this
              package, please make sure that 'transformer_engine.common.cmake'
      is explicitly added
              to the `packages` configuration field.

              Alternatively, you can also rely on setuptools' discovery
      methods
              (for example by using
      `find_namespace_packages(...)`/`find_namespace:`
              instead of `find_packages(...)`/`find:`).

              You can read more about "package discovery" on setuptools
      documentation page:

              -
      https://setuptools.pypa.io/en/latest/userguide/package_discovery.html

              If you don't want 'transformer_engine.common.cmake' to be
      distributed and are
              already explicitly excluding 'transformer_engine.common.cmake'
      via
              `find_namespace_packages(...)/find_namespace` or
      `find_packages(...)/find`,
              you can try to use `exclude_package_data`, or
      `include-package-data=False` in
              combination with a more fine grained `package-data`
      configuration.

              You can read more about "package data files" on setuptools
      documentation page:

              - https://setuptools.pypa.io/en/latest/userguide/datafiles.html


              [^1]: For Python, any directory (with suitable naming) can be
      imported,
                    even if it does not contain any `.py` files.
                    On the other hand, currently there is no concept of
      package data
                    directory, all directories are treated like packages.
      
      ********************************************************************************

      !!
        check.warn(importable)
      /venv/main/lib/python3.12/site-packages/setuptools/command/build_py.py:212:
      _Warning: Package 'transformer_engine.common.include.transformer_engine'
      is absent from the `packages` configuration.
      !!

      
      ********************************************************************************
              ############################
              # Package would be ignored #
              ############################
              Python recognizes
      'transformer_engine.common.include.transformer_engine' as an importable
      package[^1],
              but it is absent from setuptools' `packages` configuration.

              This leads to an ambiguous overall configuration. If you want to
      distribute this
              package, please make sure that
      'transformer_engine.common.include.transformer_engine' is explicitly
      added
              to the `packages` configuration field.

              Alternatively, you can also rely on setuptools' discovery
      methods
              (for example by using
      `find_namespace_packages(...)`/`find_namespace:`
              instead of `find_packages(...)`/`find:`).

              You can read more about "package discovery" on setuptools
      documentation page:

              -
      https://setuptools.pypa.io/en/latest/userguide/package_discovery.html

              If you don't want
      'transformer_engine.common.include.transformer_engine' to be distributed
      and are
              already explicitly excluding
      'transformer_engine.common.include.transformer_engine' via
              `find_namespace_packages(...)/find_namespace` or
      `find_packages(...)/find`,
              you can try to use `exclude_package_data`, or
      `include-package-data=False` in
              combination with a more fine grained `package-data`
      configuration.

              You can read more about "package data files" on setuptools
      documentation page:

              - https://setuptools.pypa.io/en/latest/userguide/datafiles.html


              [^1]: For Python, any directory (with suitable naming) can be
      imported,
                    even if it does not contain any `.py` files.
                    On the other hand, currently there is no concept of
      package data
                    directory, all directories are treated like packages.
      
      ********************************************************************************

      !!
        check.warn(importable)
      /venv/main/lib/python3.12/site-packages/setuptools/command/build_py.py:212:
      _Warning: Package 'transformer_engine.pytorch.csrc' is absent from the
      `packages` configuration.
      !!

      
      ********************************************************************************
              ############################
              # Package would be ignored #
              ############################
              Python recognizes 'transformer_engine.pytorch.csrc' as an
      importable package[^1],
              but it is absent from setuptools' `packages` configuration.

              This leads to an ambiguous overall configuration. If you want to
      distribute this
              package, please make sure that 'transformer_engine.pytorch.csrc'
      is explicitly added
              to the `packages` configuration field.

              Alternatively, you can also rely on setuptools' discovery
      methods
              (for example by using
      `find_namespace_packages(...)`/`find_namespace:`
              instead of `find_packages(...)`/`find:`).

              You can read more about "package discovery" on setuptools
      documentation page:

              -
      https://setuptools.pypa.io/en/latest/userguide/package_discovery.html

              If you don't want 'transformer_engine.pytorch.csrc' to be
      distributed and are
              already explicitly excluding 'transformer_engine.pytorch.csrc'
      via
              `find_namespace_packages(...)/find_namespace` or
      `find_packages(...)/find`,
              you can try to use `exclude_package_data`, or
      `include-package-data=False` in
              combination with a more fine grained `package-data`
      configuration.

              You can read more about "package data files" on setuptools
      documentation page:

              - https://setuptools.pypa.io/en/latest/userguide/datafiles.html


              [^1]: For Python, any directory (with suitable naming) can be
      imported,
                    even if it does not contain any `.py` files.
                    On the other hand, currently there is no concept of
      package data
                    directory, all directories are treated like packages.
      
      ********************************************************************************

      !!
        check.warn(importable)
      /venv/main/lib/python3.12/site-packages/setuptools/command/build_py.py:212:
      _Warning: Package 'transformer_engine.pytorch.csrc.extensions' is absent
      from the `packages` configuration.
      !!

      
      ********************************************************************************
              ############################
              # Package would be ignored #
              ############################
              Python recognizes 'transformer_engine.pytorch.csrc.extensions'
      as an importable package[^1],
              but it is absent from setuptools' `packages` configuration.

              This leads to an ambiguous overall configuration. If you want to
      distribute this
              package, please make sure that
      'transformer_engine.pytorch.csrc.extensions' is explicitly added
              to the `packages` configuration field.

              Alternatively, you can also rely on setuptools' discovery
      methods
              (for example by using
      `find_namespace_packages(...)`/`find_namespace:`
              instead of `find_packages(...)`/`find:`).

              You can read more about "package discovery" on setuptools
      documentation page:

              -
      https://setuptools.pypa.io/en/latest/userguide/package_discovery.html

              If you don't want 'transformer_engine.pytorch.csrc.extensions'
      to be distributed and are
              already explicitly excluding
      'transformer_engine.pytorch.csrc.extensions' via
              `find_namespace_packages(...)/find_namespace` or
      `find_packages(...)/find`,
              you can try to use `exclude_package_data`, or
      `include-package-data=False` in
              combination with a more fine grained `package-data`
      configuration.

              You can read more about "package data files" on setuptools
      documentation page:

              - https://setuptools.pypa.io/en/latest/userguide/datafiles.html


              [^1]: For Python, any directory (with suitable naming) can be
      imported,
                    even if it does not contain any `.py` files.
                    On the other hand, currently there is no concept of
      package data
                    directory, all directories are treated like packages.
      
      ********************************************************************************

      !!
        check.warn(importable)
      /venv/main/lib/python3.12/site-packages/setuptools/command/build_py.py:212:
      _Warning: Package
      'transformer_engine.pytorch.csrc.extensions.multi_tensor' is absent from
      the `packages` configuration.
      !!

      
      ********************************************************************************
              ############################
              # Package would be ignored #
              ############################
              Python recognizes
      'transformer_engine.pytorch.csrc.extensions.multi_tensor' as an
      importable package[^1],
              but it is absent from setuptools' `packages` configuration.

              This leads to an ambiguous overall configuration. If you want to
      distribute this
              package, please make sure that
      'transformer_engine.pytorch.csrc.extensions.multi_tensor' is explicitly
      added
              to the `packages` configuration field.

              Alternatively, you can also rely on setuptools' discovery
      methods
              (for example by using
      `find_namespace_packages(...)`/`find_namespace:`
              instead of `find_packages(...)`/`find:`).

              You can read more about "package discovery" on setuptools
      documentation page:

              -
      https://setuptools.pypa.io/en/latest/userguide/package_discovery.html

              If you don't want
      'transformer_engine.pytorch.csrc.extensions.multi_tensor' to be
      distributed and are
              already explicitly excluding
      'transformer_engine.pytorch.csrc.extensions.multi_tensor' via
              `find_namespace_packages(...)/find_namespace` or
      `find_packages(...)/find`,
              you can try to use `exclude_package_data`, or
      `include-package-data=False` in
              combination with a more fine grained `package-data`
      configuration.

              You can read more about "package data files" on setuptools
      documentation page:

              - https://setuptools.pypa.io/en/latest/userguide/datafiles.html


              [^1]: For Python, any directory (with suitable naming) can be
      imported,
                    even if it does not contain any `.py` files.
                    On the other hand, currently there is no concept of
      package data
                    directory, all directories are treated like packages.
      
      ********************************************************************************

      !!
        check.warn(importable)
      CMake Warning:
        Manually-specified variables were not used by the project:

          pybind11_DIR


      Traceback (most recent call last):
        File "/dev/shm/TransformerEngine/build_tools/build_ext.py", line 97,
      in _build_cmake
          subprocess.run(command, cwd=build_dir, check=True)
        File "/venv/main/lib/python3.12/subprocess.py", line 571, in run
          raise CalledProcessError(retcode, process.args,
      subprocess.CalledProcessError: Command '['/usr/bin/cmake', '--build',
      '/dev/shm/TransformerEngine/build/temp.linux-x86_64-cpython-312/cmake-build-transformer_engine-ak24zy0a',
      '--verbose', '--parallel', '8']' returned non-zero exit status 1.

      During handling of the above exception, another exception occurred:

      Traceback (most recent call last):
        File "<string>", line 11, in <module>
        File "/venv/main/lib/python3.12/site-packages/setuptools/build_meta.py",
      line 438, in build_wheel
          return _build(['bdist_wheel', '--dist-info-dir',
      str(metadata_directory)])
      
      ^^^^^^^^^^^^^^^^^^^^^^^^^^^^^^^^^^^^^^^^^^^^^^^^^^^^^^^^^^^^^^^^^^^
        File "/venv/main/lib/python3.12/site-packages/setuptools/build_meta.py",
      line 426, in _build
          return self._build_with_temp_dir(
                 ^^^^^^^^^^^^^^^^^^^^^^^^^^
        File "/venv/main/lib/python3.12/site-packages/setuptools/build_meta.py",
      line 407, in _build_with_temp_dir
          self.run_setup()
        File "/venv/main/lib/python3.12/site-packages/setuptools/build_meta.py",
      line 522, in run_setup
          super().run_setup(setup_script=setup_script)
        File "/venv/main/lib/python3.12/site-packages/setuptools/build_meta.py",
      line 320, in run_setup
          exec(code, locals())
        File "<string>", line 395, in <module>
        File "/venv/main/lib/python3.12/site-packages/setuptools/__init__.py",
      line 117, in setup
          return distutils.core.setup(**attrs)
                 ^^^^^^^^^^^^^^^^^^^^^^^^^^^^^
        File
      "/venv/main/lib/python3.12/site-packages/setuptools/_distutils/core.py",
      line 186, in setup
          return run_commands(dist)
                 ^^^^^^^^^^^^^^^^^^
        File
      "/venv/main/lib/python3.12/site-packages/setuptools/_distutils/core.py",
      line 202, in run_commands
          dist.run_commands()
        File
      "/venv/main/lib/python3.12/site-packages/setuptools/_distutils/dist.py",
      line 1002, in run_commands
          self.run_command(cmd)
        File "/venv/main/lib/python3.12/site-packages/setuptools/dist.py",
      line 1104, in run_command
          super().run_command(command)
        File
      "/venv/main/lib/python3.12/site-packages/setuptools/_distutils/dist.py",
      line 1021, in run_command
          cmd_obj.run()
        File "<string>", line 54, in run
        File
      "/venv/main/lib/python3.12/site-packages/setuptools/command/bdist_wheel.py",
      line 370, in run
          self.run_command("build")
        File
      "/venv/main/lib/python3.12/site-packages/setuptools/_distutils/cmd.py",
      line 357, in run_command
          self.distribution.run_command(command)
        File "/venv/main/lib/python3.12/site-packages/setuptools/dist.py",
      line 1104, in run_command
          super().run_command(command)
        File
      "/venv/main/lib/python3.12/site-packages/setuptools/_distutils/dist.py",
      line 1021, in run_command
          cmd_obj.run()
        File
      "/venv/main/lib/python3.12/site-packages/setuptools/_distutils/command/build.py",
      line 135, in run
          self.run_command(cmd_name)
        File
      "/venv/main/lib/python3.12/site-packages/setuptools/_distutils/cmd.py",
      line 357, in run_command
          self.distribution.run_command(command)
        File "/venv/main/lib/python3.12/site-packages/setuptools/dist.py",
      line 1104, in run_command
          super().run_command(command)
        File
      "/venv/main/lib/python3.12/site-packages/setuptools/_distutils/dist.py",
      line 1021, in run_command
          cmd_obj.run()
        File "/dev/shm/TransformerEngine/build_tools/build_ext.py", line 143,
      in run
          ext._build_cmake(
        File "/dev/shm/TransformerEngine/build_tools/build_ext.py", line 99,
      in _build_cmake
          raise RuntimeError(f"Error when running CMake: {e}")
      RuntimeError: Error when running CMake:
      Command '['/usr/bin/cmake', '--build',
      '/dev/shm/TransformerEngine/build/temp.linux-x86_64-cpython-312/cmake-build-transformer_engine-ak24zy0a',
      '--verbose', '--parallel', '8']' returned non-zero exit status 1.


hint: Build failures usually indicate a problem with the package or the build environment
=== TE source build 2026-09-19T04:40:05Z ===
nvcc Build cuda_12.9.r12.9/compiler.36037853_0 CUDA_HOME=/usr/local/cuda-12.9 CUDACXX=/usr/local/cuda-12.9/bin/nvcc MAX_JOBS=192 nproc=192
NVTX_INC=/usr/local/cuda-12.9/include
Using Python 3.12.14 environment at: /venv/main
Checked 3 packages in 35ms
TE src 555d721 NVTE_CUDA_ARCHS=100
Using Python 3.12.14 environment at: /venv/main
Resolved 1 package in 2.31s
   Building transformer-engine @ file:///dev/shm/TransformerEngine
  × Failed to build `transformer-engine @ file:///dev/shm/TransformerEngine`
  ├─▶ The build backend returned an error
  ╰─▶ Call to `setuptools.build_meta:__legacy__.build_wheel` failed (exit
      status: 1)

      [stdout]
      running bdist_wheel
      running build
      running build_py
      creating build/lib.linux-x86_64-cpython-312/transformer_engine
      copying transformer_engine/__init__.py ->
      build/lib.linux-x86_64-cpython-312/transformer_engine
      creating build/lib.linux-x86_64-cpython-312/transformer_engine/pytorch
      copying transformer_engine/pytorch/utils.py ->
      build/lib.linux-x86_64-cpython-312/transformer_engine/pytorch
      copying transformer_engine/pytorch/transformer.py ->
      build/lib.linux-x86_64-cpython-312/transformer_engine/pytorch
      copying transformer_engine/pytorch/torch_version.py ->
      build/lib.linux-x86_64-cpython-312/transformer_engine/pytorch
      copying transformer_engine/pytorch/setup.py ->
      build/lib.linux-x86_64-cpython-312/transformer_engine/pytorch
      copying transformer_engine/pytorch/router.py ->
      build/lib.linux-x86_64-cpython-312/transformer_engine/pytorch
      copying transformer_engine/pytorch/quantized_tensor.py ->
      build/lib.linux-x86_64-cpython-312/transformer_engine/pytorch
      copying transformer_engine/pytorch/quantization.py ->
      build/lib.linux-x86_64-cpython-312/transformer_engine/pytorch
      copying transformer_engine/pytorch/permutation.py ->
      build/lib.linux-x86_64-cpython-312/transformer_engine/pytorch
      copying transformer_engine/pytorch/onnx_extensions.py ->
      build/lib.linux-x86_64-cpython-312/transformer_engine/pytorch
      copying transformer_engine/pytorch/numerics_debug.py ->
      build/lib.linux-x86_64-cpython-312/transformer_engine/pytorch
      copying transformer_engine/pytorch/newton_schulz.py ->
      build/lib.linux-x86_64-cpython-312/transformer_engine/pytorch
      copying transformer_engine/pytorch/jit.py ->
      build/lib.linux-x86_64-cpython-312/transformer_engine/pytorch
      copying transformer_engine/pytorch/graph.py ->
      build/lib.linux-x86_64-cpython-312/transformer_engine/pytorch
      copying transformer_engine/pytorch/fp8.py ->
      build/lib.linux-x86_64-cpython-312/transformer_engine/pytorch
      copying transformer_engine/pytorch/float8_tensor.py ->
      build/lib.linux-x86_64-cpython-312/transformer_engine/pytorch
      copying transformer_engine/pytorch/export.py ->
      build/lib.linux-x86_64-cpython-312/transformer_engine/pytorch
      copying transformer_engine/pytorch/ep.py ->
      build/lib.linux-x86_64-cpython-312/transformer_engine/pytorch
      copying transformer_engine/pytorch/distributed_weight.py ->
      build/lib.linux-x86_64-cpython-312/transformer_engine/pytorch
      copying transformer_engine/pytorch/distributed.py ->
      build/lib.linux-x86_64-cpython-312/transformer_engine/pytorch
      copying transformer_engine/pytorch/cross_entropy.py ->
      build/lib.linux-x86_64-cpython-312/transformer_engine/pytorch
      copying transformer_engine/pytorch/cpu_offload_v1.py ->
      build/lib.linux-x86_64-cpython-312/transformer_engine/pytorch
      copying transformer_engine/pytorch/cpu_offload.py ->
      build/lib.linux-x86_64-cpython-312/transformer_engine/pytorch
      copying transformer_engine/pytorch/constants.py ->
      build/lib.linux-x86_64-cpython-312/transformer_engine/pytorch
      copying transformer_engine/pytorch/_extra_state.py ->
      build/lib.linux-x86_64-cpython-312/transformer_engine/pytorch
      copying transformer_engine/pytorch/__init__.py ->
      build/lib.linux-x86_64-cpython-312/transformer_engine/pytorch
      creating build/lib.linux-x86_64-cpython-312/transformer_engine/jax
      copying transformer_engine/jax/version_utils.py ->
      build/lib.linux-x86_64-cpython-312/transformer_engine/jax
      copying transformer_engine/jax/softmax.py ->
      build/lib.linux-x86_64-cpython-312/transformer_engine/jax
      copying transformer_engine/jax/sharding.py ->
      build/lib.linux-x86_64-cpython-312/transformer_engine/jax
      copying transformer_engine/jax/setup.py ->
      build/lib.linux-x86_64-cpython-312/transformer_engine/jax
      copying transformer_engine/jax/router.py ->
      build/lib.linux-x86_64-cpython-312/transformer_engine/jax
      copying transformer_engine/jax/permutation.py ->
      build/lib.linux-x86_64-cpython-312/transformer_engine/jax
      copying transformer_engine/jax/moe.py ->
      build/lib.linux-x86_64-cpython-312/transformer_engine/jax
      copying transformer_engine/jax/layernorm_mlp.py ->
      build/lib.linux-x86_64-cpython-312/transformer_engine/jax
      copying transformer_engine/jax/layernorm_dense.py ->
      build/lib.linux-x86_64-cpython-312/transformer_engine/jax
      copying transformer_engine/jax/layernorm.py ->
      build/lib.linux-x86_64-cpython-312/transformer_engine/jax
      copying transformer_engine/jax/ep.py ->
      build/lib.linux-x86_64-cpython-312/transformer_engine/jax
      copying transformer_engine/jax/dense.py ->
      build/lib.linux-x86_64-cpython-312/transformer_engine/jax
      copying transformer_engine/jax/checkpoint_policies.py ->
      build/lib.linux-x86_64-cpython-312/transformer_engine/jax
      copying transformer_engine/jax/attention.py ->
      build/lib.linux-x86_64-cpython-312/transformer_engine/jax
      copying transformer_engine/jax/activation.py ->
      build/lib.linux-x86_64-cpython-312/transformer_engine/jax
      copying transformer_engine/jax/__init__.py ->
      build/lib.linux-x86_64-cpython-312/transformer_engine/jax
      creating build/lib.linux-x86_64-cpython-312/transformer_engine/debug
      copying transformer_engine/debug/__init__.py ->
      build/lib.linux-x86_64-cpython-312/transformer_engine/debug
      creating build/lib.linux-x86_64-cpython-312/transformer_engine/common
      copying transformer_engine/common/utils.py ->
      build/lib.linux-x86_64-cpython-312/transformer_engine/common
      copying transformer_engine/common/__init__.py ->
      build/lib.linux-x86_64-cpython-312/transformer_engine/common
      creating
      build/lib.linux-x86_64-cpython-312/transformer_engine/pytorch/triton
      copying transformer_engine/pytorch/triton/permutation.py ->
      build/lib.linux-x86_64-cpython-312/transformer_engine/pytorch/triton
      copying transformer_engine/pytorch/triton/pad.py ->
      build/lib.linux-x86_64-cpython-312/transformer_engine/pytorch/triton
      copying transformer_engine/pytorch/triton/mhc.py ->
      build/lib.linux-x86_64-cpython-312/transformer_engine/pytorch/triton
      copying transformer_engine/pytorch/triton/grouped_dbias_dscales.py ->
      build/lib.linux-x86_64-cpython-312/transformer_engine/pytorch/triton
      copying transformer_engine/pytorch/triton/cross_entropy.py ->
      build/lib.linux-x86_64-cpython-312/transformer_engine/pytorch/triton
      copying transformer_engine/pytorch/triton/__init__.py ->
      build/lib.linux-x86_64-cpython-312/transformer_engine/pytorch/triton
      creating
      build/lib.linux-x86_64-cpython-312/transformer_engine/pytorch/tensor
      copying transformer_engine/pytorch/tensor/utils.py ->
      build/lib.linux-x86_64-cpython-312/transformer_engine/pytorch/tensor
      copying transformer_engine/pytorch/tensor/nvfp4_tensor.py ->
      build/lib.linux-x86_64-cpython-312/transformer_engine/pytorch/tensor
      copying transformer_engine/pytorch/tensor/mxfp8_tensor.py ->
      build/lib.linux-x86_64-cpython-312/transformer_engine/pytorch/tensor
      copying transformer_engine/pytorch/tensor/identity_tensor.py ->
      build/lib.linux-x86_64-cpython-312/transformer_engine/pytorch/tensor
      copying transformer_engine/pytorch/tensor/hybrid_tensor.py ->
      build/lib.linux-x86_64-cpython-312/transformer_engine/pytorch/tensor
      copying transformer_engine/pytorch/tensor/grouped_tensor.py ->
      build/lib.linux-x86_64-cpython-312/transformer_engine/pytorch/tensor
      copying transformer_engine/pytorch/tensor/float8_tensor.py ->
      build/lib.linux-x86_64-cpython-312/transformer_engine/pytorch/tensor
      copying transformer_engine/pytorch/tensor/float8_blockwise_tensor.py ->
      build/lib.linux-x86_64-cpython-312/transformer_engine/pytorch/tensor
      copying transformer_engine/pytorch/tensor/_quantization_helpers.py ->
      build/lib.linux-x86_64-cpython-312/transformer_engine/pytorch/tensor
      copying transformer_engine/pytorch/tensor/__init__.py ->
      build/lib.linux-x86_64-cpython-312/transformer_engine/pytorch/tensor
      creating
      build/lib.linux-x86_64-cpython-312/transformer_engine/pytorch/optimizers
      copying transformer_engine/pytorch/optimizers/newton_schulz.py ->
      build/lib.linux-x86_64-cpython-312/transformer_engine/pytorch/optimizers
      copying transformer_engine/pytorch/optimizers/multi_tensor_apply.py ->
      build/lib.linux-x86_64-cpython-312/transformer_engine/pytorch/optimizers
      copying transformer_engine/pytorch/optimizers/fused_sgd.py ->
      build/lib.linux-x86_64-cpython-312/transformer_engine/pytorch/optimizers
      copying transformer_engine/pytorch/optimizers/fused_adam.py ->
      build/lib.linux-x86_64-cpython-312/transformer_engine/pytorch/optimizers
      copying transformer_engine/pytorch/optimizers/__init__.py ->
      build/lib.linux-x86_64-cpython-312/transformer_engine/pytorch/optimizers
      creating build/lib.linux-x86_64-cpython-312/transformer_engine/pytorch/ops
      copying transformer_engine/pytorch/ops/sequential.py ->
      build/lib.linux-x86_64-cpython-312/transformer_engine/pytorch/ops
      copying transformer_engine/pytorch/ops/op.py ->
      build/lib.linux-x86_64-cpython-312/transformer_engine/pytorch/ops
      copying transformer_engine/pytorch/ops/linear.py ->
      build/lib.linux-x86_64-cpython-312/transformer_engine/pytorch/ops
      copying transformer_engine/pytorch/ops/fuser.py ->
      build/lib.linux-x86_64-cpython-312/transformer_engine/pytorch/ops
      copying transformer_engine/pytorch/ops/_common.py ->
      build/lib.linux-x86_64-cpython-312/transformer_engine/pytorch/ops
      copying transformer_engine/pytorch/ops/__init__.py ->
      build/lib.linux-x86_64-cpython-312/transformer_engine/pytorch/ops
      creating
      build/lib.linux-x86_64-cpython-312/transformer_engine/pytorch/module
      copying transformer_engine/pytorch/module/rmsnorm.py ->
      build/lib.linux-x86_64-cpython-312/transformer_engine/pytorch/module
      copying transformer_engine/pytorch/module/linear.py ->
      build/lib.linux-x86_64-cpython-312/transformer_engine/pytorch/module
      copying transformer_engine/pytorch/module/layernorm_mlp.py ->
      build/lib.linux-x86_64-cpython-312/transformer_engine/pytorch/module
      copying transformer_engine/pytorch/module/layernorm_linear.py ->
      build/lib.linux-x86_64-cpython-312/transformer_engine/pytorch/module
      copying transformer_engine/pytorch/module/layernorm.py ->
      build/lib.linux-x86_64-cpython-312/transformer_engine/pytorch/module
      copying transformer_engine/pytorch/module/grouped_linear.py ->
      build/lib.linux-x86_64-cpython-312/transformer_engine/pytorch/module
      copying transformer_engine/pytorch/module/fp8_unpadding.py ->
      build/lib.linux-x86_64-cpython-312/transformer_engine/pytorch/module
      copying transformer_engine/pytorch/module/fp8_padding.py ->
      build/lib.linux-x86_64-cpython-312/transformer_engine/pytorch/module
      copying transformer_engine/pytorch/module/base.py ->
      build/lib.linux-x86_64-cpython-312/transformer_engine/pytorch/module
      copying transformer_engine/pytorch/module/_common.py ->
      build/lib.linux-x86_64-cpython-312/transformer_engine/pytorch/module
      copying transformer_engine/pytorch/module/__init__.py ->
      build/lib.linux-x86_64-cpython-312/transformer_engine/pytorch/module
      creating
      build/lib.linux-x86_64-cpython-312/transformer_engine/pytorch/dynamo
      copying transformer_engine/pytorch/dynamo/tensor_spec.py ->
      build/lib.linux-x86_64-cpython-312/transformer_engine/pytorch/dynamo
      copying transformer_engine/pytorch/dynamo/quantizer_opaque.py ->
      build/lib.linux-x86_64-cpython-312/transformer_engine/pytorch/dynamo
      copying transformer_engine/pytorch/dynamo/__init__.py ->
      build/lib.linux-x86_64-cpython-312/transformer_engine/pytorch/dynamo
      creating
      build/lib.linux-x86_64-cpython-312/transformer_engine/pytorch/custom_recipes
      copying transformer_engine/pytorch/custom_recipes/reference_utils.py ->
      build/lib.linux-x86_64-cpython-312/transformer_engine/pytorch/custom_recipes
      copying transformer_engine/pytorch/custom_recipes/reference_nvfp4.py ->
      build/lib.linux-x86_64-cpython-312/transformer_engine/pytorch/custom_recipes
      copying
      transformer_engine/pytorch/custom_recipes/reference_current_scaling.py ->
      build/lib.linux-x86_64-cpython-312/transformer_engine/pytorch/custom_recipes
      copying
      transformer_engine/pytorch/custom_recipes/quantizer_factory_zoo.py ->
      build/lib.linux-x86_64-cpython-312/transformer_engine/pytorch/custom_recipes
      copying
      transformer_engine/pytorch/custom_recipes/quantizer_factories.py ->
      build/lib.linux-x86_64-cpython-312/transformer_engine/pytorch/custom_recipes
      copying transformer_engine/pytorch/custom_recipes/gemm.py ->
      build/lib.linux-x86_64-cpython-312/transformer_engine/pytorch/custom_recipes
      copying transformer_engine/pytorch/custom_recipes/__init__.py ->
      build/lib.linux-x86_64-cpython-312/transformer_engine/pytorch/custom_recipes
      creating
      build/lib.linux-x86_64-cpython-312/transformer_engine/pytorch/cpp_extensions
      copying transformer_engine/pytorch/cpp_extensions/gemm.py ->
      build/lib.linux-x86_64-cpython-312/transformer_engine/pytorch/cpp_extensions
      copying transformer_engine/pytorch/cpp_extensions/fused_attn.py ->
      build/lib.linux-x86_64-cpython-312/transformer_engine/pytorch/cpp_extensions
      copying transformer_engine/pytorch/cpp_extensions/__init__.py ->
      build/lib.linux-x86_64-cpython-312/transformer_engine/pytorch/cpp_extensions
      creating
      build/lib.linux-x86_64-cpython-312/transformer_engine/pytorch/attention
      copying transformer_engine/pytorch/attention/rope.py ->
      build/lib.linux-x86_64-cpython-312/transformer_engine/pytorch/attention
      copying transformer_engine/pytorch/attention/multi_head_attention.py ->
      build/lib.linux-x86_64-cpython-312/transformer_engine/pytorch/attention
      copying transformer_engine/pytorch/attention/inference.py ->
      build/lib.linux-x86_64-cpython-312/transformer_engine/pytorch/attention
      copying transformer_engine/pytorch/attention/fused_mla_q_uproj.py ->
      build/lib.linux-x86_64-cpython-312/transformer_engine/pytorch/attention
      copying transformer_engine/pytorch/attention/custom_ops.py ->
      build/lib.linux-x86_64-cpython-312/transformer_engine/pytorch/attention
      copying transformer_engine/pytorch/attention/__init__.py ->
      build/lib.linux-x86_64-cpython-312/transformer_engine/pytorch/attention
      creating
      build/lib.linux-x86_64-cpython-312/transformer_engine/pytorch/tensor/storage
      copying
      transformer_engine/pytorch/tensor/storage/nvfp4_tensor_storage.py ->
      build/lib.linux-x86_64-cpython-312/transformer_engine/pytorch/tensor/storage
      copying
      transformer_engine/pytorch/tensor/storage/mxfp8_tensor_storage.py ->
      build/lib.linux-x86_64-cpython-312/transformer_engine/pytorch/tensor/storage
      copying
      transformer_engine/pytorch/tensor/storage/identity_tensor_storage.py ->
      build/lib.linux-x86_64-cpython-312/transformer_engine/pytorch/tensor/storage
      copying
      transformer_engine/pytorch/tensor/storage/hybrid_tensor_storage.py ->
      build/lib.linux-x86_64-cpython-312/transformer_engine/pytorch/tensor/storage
      copying
      transformer_engine/pytorch/tensor/storage/grouped_tensor_storage.py ->
      build/lib.linux-x86_64-cpython-312/transformer_engine/pytorch/tensor/storage
      copying
      transformer_engine/pytorch/tensor/storage/float8_tensor_storage.py ->
      build/lib.linux-x86_64-cpython-312/transformer_engine/pytorch/tensor/storage
      copying
      transformer_engine/pytorch/tensor/storage/float8_blockwise_tensor_storage.py
      ->
      build/lib.linux-x86_64-cpython-312/transformer_engine/pytorch/tensor/storage
      copying transformer_engine/pytorch/tensor/storage/__init__.py ->
      build/lib.linux-x86_64-cpython-312/transformer_engine/pytorch/tensor/storage
      creating
      build/lib.linux-x86_64-cpython-312/transformer_engine/pytorch/ops/fused
      copying
      transformer_engine/pytorch/ops/fused/userbuffers_forward_linear.py ->
      build/lib.linux-x86_64-cpython-312/transformer_engine/pytorch/ops/fused
      copying
      transformer_engine/pytorch/ops/fused/userbuffers_backward_linear.py ->
      build/lib.linux-x86_64-cpython-312/transformer_engine/pytorch/ops/fused
      copying transformer_engine/pytorch/ops/fused/grouped_mlp.py ->
      build/lib.linux-x86_64-cpython-312/transformer_engine/pytorch/ops/fused
      copying transformer_engine/pytorch/ops/fused/forward_linear_scale_add.py
      -> build/lib.linux-x86_64-cpython-312/transformer_engine/pytorch/ops/fused
      copying transformer_engine/pytorch/ops/fused/forward_linear_bias_add.py ->
      build/lib.linux-x86_64-cpython-312/transformer_engine/pytorch/ops/fused
      copying
      transformer_engine/pytorch/ops/fused/forward_linear_bias_activation.py ->
      build/lib.linux-x86_64-cpython-312/transformer_engine/pytorch/ops/fused
      copying transformer_engine/pytorch/ops/fused/backward_linear_scale.py ->
      build/lib.linux-x86_64-cpython-312/transformer_engine/pytorch/ops/fused
      copying transformer_engine/pytorch/ops/fused/backward_linear_add.py ->
      build/lib.linux-x86_64-cpython-312/transformer_engine/pytorch/ops/fused
      copying transformer_engine/pytorch/ops/fused/backward_add_rmsnorm.py ->
      build/lib.linux-x86_64-cpython-312/transformer_engine/pytorch/ops/fused
      copying transformer_engine/pytorch/ops/fused/backward_activation_bias.py
      -> build/lib.linux-x86_64-cpython-312/transformer_engine/pytorch/ops/fused
      copying transformer_engine/pytorch/ops/fused/__init__.py ->
      build/lib.linux-x86_64-cpython-312/transformer_engine/pytorch/ops/fused
      creating
      build/lib.linux-x86_64-cpython-312/transformer_engine/pytorch/ops/basic
      copying transformer_engine/pytorch/ops/basic/swiglu.py ->
      build/lib.linux-x86_64-cpython-312/transformer_engine/pytorch/ops/basic
      copying transformer_engine/pytorch/ops/basic/rmsnorm.py ->
      build/lib.linux-x86_64-cpython-312/transformer_engine/pytorch/ops/basic
      copying transformer_engine/pytorch/ops/basic/reshape.py ->
      build/lib.linux-x86_64-cpython-312/transformer_engine/pytorch/ops/basic
      copying transformer_engine/pytorch/ops/basic/reduce_scatter.py ->
      build/lib.linux-x86_64-cpython-312/transformer_engine/pytorch/ops/basic
      copying transformer_engine/pytorch/ops/basic/quantize.py ->
      build/lib.linux-x86_64-cpython-312/transformer_engine/pytorch/ops/basic
      copying transformer_engine/pytorch/ops/basic/make_extra_output.py ->
      build/lib.linux-x86_64-cpython-312/transformer_engine/pytorch/ops/basic
      copying transformer_engine/pytorch/ops/basic/layer_norm.py ->
      build/lib.linux-x86_64-cpython-312/transformer_engine/pytorch/ops/basic
      copying transformer_engine/pytorch/ops/basic/l2normalization.py ->
      build/lib.linux-x86_64-cpython-312/transformer_engine/pytorch/ops/basic
      copying transformer_engine/pytorch/ops/basic/identity.py ->
      build/lib.linux-x86_64-cpython-312/transformer_engine/pytorch/ops/basic
      copying transformer_engine/pytorch/ops/basic/grouped_linear.py ->
      build/lib.linux-x86_64-cpython-312/transformer_engine/pytorch/ops/basic
      copying transformer_engine/pytorch/ops/basic/dropout.py ->
      build/lib.linux-x86_64-cpython-312/transformer_engine/pytorch/ops/basic
      copying transformer_engine/pytorch/ops/basic/constant_scale.py ->
      build/lib.linux-x86_64-cpython-312/transformer_engine/pytorch/ops/basic
      copying transformer_engine/pytorch/ops/basic/bias.py ->
      build/lib.linux-x86_64-cpython-312/transformer_engine/pytorch/ops/basic
      copying transformer_engine/pytorch/ops/basic/basic_linear.py ->
      build/lib.linux-x86_64-cpython-312/transformer_engine/pytorch/ops/basic
      copying transformer_engine/pytorch/ops/basic/all_reduce.py ->
      build/lib.linux-x86_64-cpython-312/transformer_engine/pytorch/ops/basic
      copying transformer_engine/pytorch/ops/basic/all_gather.py ->
      build/lib.linux-x86_64-cpython-312/transformer_engine/pytorch/ops/basic
      copying transformer_engine/pytorch/ops/basic/add_extra_input.py ->
      build/lib.linux-x86_64-cpython-312/transformer_engine/pytorch/ops/basic
      copying transformer_engine/pytorch/ops/basic/activation.py ->
      build/lib.linux-x86_64-cpython-312/transformer_engine/pytorch/ops/basic
      copying transformer_engine/pytorch/ops/basic/__init__.py ->
      build/lib.linux-x86_64-cpython-312/transformer_engine/pytorch/ops/basic
      creating
      build/lib.linux-x86_64-cpython-312/transformer_engine/pytorch/attention/linear_attention
      copying transformer_engine/pytorch/attention/linear_attention/gdn.py ->
      build/lib.linux-x86_64-cpython-312/transformer_engine/pytorch/attention/linear_attention
      copying
      transformer_engine/pytorch/attention/linear_attention/__init__.py ->
      build/lib.linux-x86_64-cpython-312/transformer_engine/pytorch/attention/linear_attention
      creating
      build/lib.linux-x86_64-cpython-312/transformer_engine/pytorch/attention/dot_product_attention
      copying
      transformer_engine/pytorch/attention/dot_product_attention/utils.py ->
      build/lib.linux-x86_64-cpython-312/transformer_engine/pytorch/attention/dot_product_attention
      copying
      transformer_engine/pytorch/attention/dot_product_attention/softmax.py ->
      build/lib.linux-x86_64-cpython-312/transformer_engine/pytorch/attention/dot_product_attention
      copying
      transformer_engine/pytorch/attention/dot_product_attention/flex_attention.py
      ->
      build/lib.linux-x86_64-cpython-312/transformer_engine/pytorch/attention/dot_product_attention
      copying
      transformer_engine/pytorch/attention/dot_product_attention/dot_product_attention.py
      ->
      build/lib.linux-x86_64-cpython-312/transformer_engine/pytorch/attention/dot_product_attention
      copying
      transformer_engine/pytorch/attention/dot_product_attention/context_parallel.py
      ->
      build/lib.linux-x86_64-cpython-312/transformer_engine/pytorch/attention/dot_product_attention
      copying
      transformer_engine/pytorch/attention/dot_product_attention/backends.py ->
      build/lib.linux-x86_64-cpython-312/transformer_engine/pytorch/attention/dot_product_attention
      copying
      transformer_engine/pytorch/attention/dot_product_attention/__init__.py ->
      build/lib.linux-x86_64-cpython-312/transformer_engine/pytorch/attention/dot_product_attention
      creating
      build/lib.linux-x86_64-cpython-312/transformer_engine/jax/triton_extensions
      copying transformer_engine/jax/triton_extensions/utils.py ->
      build/lib.linux-x86_64-cpython-312/transformer_engine/jax/triton_extensions
      copying transformer_engine/jax/triton_extensions/permutation.py ->
      build/lib.linux-x86_64-cpython-312/transformer_engine/jax/triton_extensions
      copying transformer_engine/jax/triton_extensions/__init__.py ->
      build/lib.linux-x86_64-cpython-312/transformer_engine/jax/triton_extensions
      creating
      build/lib.linux-x86_64-cpython-312/transformer_engine/jax/quantize
      copying transformer_engine/jax/quantize/tensor.py ->
      build/lib.linux-x86_64-cpython-312/transformer_engine/jax/quantize
      copying transformer_engine/jax/quantize/scaling_modes.py ->
      build/lib.linux-x86_64-cpython-312/transformer_engine/jax/quantize
      copying transformer_engine/jax/quantize/quantizer.py ->
      build/lib.linux-x86_64-cpython-312/transformer_engine/jax/quantize
      copying transformer_engine/jax/quantize/misc.py ->
      build/lib.linux-x86_64-cpython-312/transformer_engine/jax/quantize
      copying transformer_engine/jax/quantize/metadata.py ->
      build/lib.linux-x86_64-cpython-312/transformer_engine/jax/quantize
      copying transformer_engine/jax/quantize/helper.py ->
      build/lib.linux-x86_64-cpython-312/transformer_engine/jax/quantize
      copying transformer_engine/jax/quantize/hadamard.py ->
      build/lib.linux-x86_64-cpython-312/transformer_engine/jax/quantize
      copying transformer_engine/jax/quantize/device_utils.py ->
      build/lib.linux-x86_64-cpython-312/transformer_engine/jax/quantize
      copying transformer_engine/jax/quantize/dequantizer.py ->
      build/lib.linux-x86_64-cpython-312/transformer_engine/jax/quantize
      copying transformer_engine/jax/quantize/__init__.py ->
      build/lib.linux-x86_64-cpython-312/transformer_engine/jax/quantize
      creating build/lib.linux-x86_64-cpython-312/transformer_engine/jax/flax
      copying transformer_engine/jax/flax/transformer.py ->
      build/lib.linux-x86_64-cpython-312/transformer_engine/jax/flax
      copying transformer_engine/jax/flax/moe.py ->
      build/lib.linux-x86_64-cpython-312/transformer_engine/jax/flax
      copying transformer_engine/jax/flax/module.py ->
      build/lib.linux-x86_64-cpython-312/transformer_engine/jax/flax
      copying transformer_engine/jax/flax/__init__.py ->
      build/lib.linux-x86_64-cpython-312/transformer_engine/jax/flax
      creating build/lib.linux-x86_64-cpython-312/transformer_engine/jax/debug
      copying transformer_engine/jax/debug/__init__.py ->
      build/lib.linux-x86_64-cpython-312/transformer_engine/jax/debug
      creating
      build/lib.linux-x86_64-cpython-312/transformer_engine/jax/cpp_extensions
      copying transformer_engine/jax/cpp_extensions/topk.py ->
      build/lib.linux-x86_64-cpython-312/transformer_engine/jax/cpp_extensions
      copying transformer_engine/jax/cpp_extensions/softmax.py ->
      build/lib.linux-x86_64-cpython-312/transformer_engine/jax/cpp_extensions
      copying transformer_engine/jax/cpp_extensions/router.py ->
      build/lib.linux-x86_64-cpython-312/transformer_engine/jax/cpp_extensions
      copying transformer_engine/jax/cpp_extensions/quantization.py ->
      build/lib.linux-x86_64-cpython-312/transformer_engine/jax/cpp_extensions
      copying transformer_engine/jax/cpp_extensions/normalization.py ->
      build/lib.linux-x86_64-cpython-312/transformer_engine/jax/cpp_extensions
      copying transformer_engine/jax/cpp_extensions/misc.py ->
      build/lib.linux-x86_64-cpython-312/transformer_engine/jax/cpp_extensions
      copying transformer_engine/jax/cpp_extensions/gemm.py ->
      build/lib.linux-x86_64-cpython-312/transformer_engine/jax/cpp_extensions
      copying transformer_engine/jax/cpp_extensions/flex_attention.py ->
      build/lib.linux-x86_64-cpython-312/transformer_engine/jax/cpp_extensions
      copying transformer_engine/jax/cpp_extensions/ep.py ->
      build/lib.linux-x86_64-cpython-312/transformer_engine/jax/cpp_extensions
      copying transformer_engine/jax/cpp_extensions/base.py ->
      build/lib.linux-x86_64-cpython-312/transformer_engine/jax/cpp_extensions
      copying transformer_engine/jax/cpp_extensions/attention.py ->
      build/lib.linux-x86_64-cpython-312/transformer_engine/jax/cpp_extensions
      copying transformer_engine/jax/cpp_extensions/amax.py ->
      build/lib.linux-x86_64-cpython-312/transformer_engine/jax/cpp_extensions
      copying transformer_engine/jax/cpp_extensions/activation.py ->
      build/lib.linux-x86_64-cpython-312/transformer_engine/jax/cpp_extensions
      copying transformer_engine/jax/cpp_extensions/__init__.py ->
      build/lib.linux-x86_64-cpython-312/transformer_engine/jax/cpp_extensions
      creating
      build/lib.linux-x86_64-cpython-312/transformer_engine/jax/debug/experimental
      copying transformer_engine/jax/debug/experimental/inspect.py ->
      build/lib.linux-x86_64-cpython-312/transformer_engine/jax/debug/experimental
      copying transformer_engine/jax/debug/experimental/__init__.py ->
      build/lib.linux-x86_64-cpython-312/transformer_engine/jax/debug/experimental
      creating
      build/lib.linux-x86_64-cpython-312/transformer_engine/debug/pytorch
      copying transformer_engine/debug/pytorch/utils.py ->
      build/lib.linux-x86_64-cpython-312/transformer_engine/debug/pytorch
      copying transformer_engine/debug/pytorch/debug_state.py ->
      build/lib.linux-x86_64-cpython-312/transformer_engine/debug/pytorch
      copying transformer_engine/debug/pytorch/debug_quantization.py ->
      build/lib.linux-x86_64-cpython-312/transformer_engine/debug/pytorch
      copying transformer_engine/debug/pytorch/__init__.py ->
      build/lib.linux-x86_64-cpython-312/transformer_engine/debug/pytorch
      creating
      build/lib.linux-x86_64-cpython-312/transformer_engine/debug/features
      copying transformer_engine/debug/features/per_tensor_scaling.py ->
      build/lib.linux-x86_64-cpython-312/transformer_engine/debug/features
      copying transformer_engine/debug/features/log_tensor_stats.py ->
      build/lib.linux-x86_64-cpython-312/transformer_engine/debug/features
      copying transformer_engine/debug/features/log_nvfp4_tensor_stats.py ->
      build/lib.linux-x86_64-cpython-312/transformer_engine/debug/features
      copying transformer_engine/debug/features/log_fp8_tensor_stats.py ->
      build/lib.linux-x86_64-cpython-312/transformer_engine/debug/features
      copying transformer_engine/debug/features/fake_quant.py ->
      build/lib.linux-x86_64-cpython-312/transformer_engine/debug/features
      copying transformer_engine/debug/features/dump_tensors.py ->
      build/lib.linux-x86_64-cpython-312/transformer_engine/debug/features
      copying transformer_engine/debug/features/disable_quantization_layer.py
      -> build/lib.linux-x86_64-cpython-312/transformer_engine/debug/features
      copying transformer_engine/debug/features/disable_quantization_gemm.py
      -> build/lib.linux-x86_64-cpython-312/transformer_engine/debug/features
      copying transformer_engine/debug/features/disable_fp8_layer.py ->
      build/lib.linux-x86_64-cpython-312/transformer_engine/debug/features
      copying transformer_engine/debug/features/disable_fp8_gemm.py ->
      build/lib.linux-x86_64-cpython-312/transformer_engine/debug/features
      copying transformer_engine/debug/features/api.py ->
      build/lib.linux-x86_64-cpython-312/transformer_engine/debug/features
      copying transformer_engine/debug/features/_test_dummy_feature.py ->
      build/lib.linux-x86_64-cpython-312/transformer_engine/debug/features
      copying transformer_engine/debug/features/__init__.py ->
      build/lib.linux-x86_64-cpython-312/transformer_engine/debug/features
      creating
      build/lib.linux-x86_64-cpython-312/transformer_engine/debug/features/utils
      copying transformer_engine/debug/features/utils/stats_computation.py ->
      build/lib.linux-x86_64-cpython-312/transformer_engine/debug/features/utils
      copying transformer_engine/debug/features/utils/stats_buffer.py ->
      build/lib.linux-x86_64-cpython-312/transformer_engine/debug/features/utils
      copying transformer_engine/debug/features/utils/__init__.py ->
      build/lib.linux-x86_64-cpython-312/transformer_engine/debug/features/utils
      creating
      build/lib.linux-x86_64-cpython-312/transformer_engine/common/triton
      copying transformer_engine/common/triton/permutation.py ->
      build/lib.linux-x86_64-cpython-312/transformer_engine/common/triton
      copying transformer_engine/common/triton/pad.py ->
      build/lib.linux-x86_64-cpython-312/transformer_engine/common/triton
      copying transformer_engine/common/triton/mhc.py ->
      build/lib.linux-x86_64-cpython-312/transformer_engine/common/triton
      copying transformer_engine/common/triton/grouped_dbias_dscales.py ->
      build/lib.linux-x86_64-cpython-312/transformer_engine/common/triton
      copying transformer_engine/common/triton/cross_entropy.py ->
      build/lib.linux-x86_64-cpython-312/transformer_engine/common/triton
      copying transformer_engine/common/triton/__init__.py ->
      build/lib.linux-x86_64-cpython-312/transformer_engine/common/triton
      creating
      build/lib.linux-x86_64-cpython-312/transformer_engine/common/recipe
      copying transformer_engine/common/recipe/__init__.py ->
      build/lib.linux-x86_64-cpython-312/transformer_engine/common/recipe
      running egg_info
      writing transformer_engine.egg-info/PKG-INFO
      writing dependency_links to
      transformer_engine.egg-info/dependency_links.txt
      writing requirements to transformer_engine.egg-info/requires.txt
      writing top-level names to transformer_engine.egg-info/top_level.txt
      reading manifest file 'transformer_engine.egg-info/SOURCES.txt'
      reading manifest template 'MANIFEST.in'
      adding license file 'LICENSE'
      writing manifest file 'transformer_engine.egg-info/SOURCES.txt'
      creating
      build/lib.linux-x86_64-cpython-312/transformer_engine/pytorch/csrc
      copying transformer_engine/pytorch/csrc/common.cpp ->
      build/lib.linux-x86_64-cpython-312/transformer_engine/pytorch/csrc
      copying transformer_engine/pytorch/csrc/quantizer.cpp ->
      build/lib.linux-x86_64-cpython-312/transformer_engine/pytorch/csrc
      copying transformer_engine/pytorch/csrc/type_converters.cpp ->
      build/lib.linux-x86_64-cpython-312/transformer_engine/pytorch/csrc
      creating
      build/lib.linux-x86_64-cpython-312/transformer_engine/pytorch/csrc/extensions
      copying transformer_engine/pytorch/csrc/extensions/activation.cpp ->
      build/lib.linux-x86_64-cpython-312/transformer_engine/pytorch/csrc/extensions
      copying transformer_engine/pytorch/csrc/extensions/allocate.cpp ->
      build/lib.linux-x86_64-cpython-312/transformer_engine/pytorch/csrc/extensions
      copying transformer_engine/pytorch/csrc/extensions/apply_rope.cpp ->
      build/lib.linux-x86_64-cpython-312/transformer_engine/pytorch/csrc/extensions
      copying transformer_engine/pytorch/csrc/extensions/attention.cpp ->
      build/lib.linux-x86_64-cpython-312/transformer_engine/pytorch/csrc/extensions
      copying transformer_engine/pytorch/csrc/extensions/bias.cpp ->
      build/lib.linux-x86_64-cpython-312/transformer_engine/pytorch/csrc/extensions
      copying transformer_engine/pytorch/csrc/extensions/cast.cpp ->
      build/lib.linux-x86_64-cpython-312/transformer_engine/pytorch/csrc/extensions
      copying
      transformer_engine/pytorch/csrc/extensions/comm_gemm_overlap.cpp ->
      build/lib.linux-x86_64-cpython-312/transformer_engine/pytorch/csrc/extensions
      copying transformer_engine/pytorch/csrc/extensions/dropout.cpp ->
      build/lib.linux-x86_64-cpython-312/transformer_engine/pytorch/csrc/extensions
      copying transformer_engine/pytorch/csrc/extensions/ep.cpp ->
      build/lib.linux-x86_64-cpython-312/transformer_engine/pytorch/csrc/extensions
      copying transformer_engine/pytorch/csrc/extensions/fp8_partial_cast.cpp ->
      build/lib.linux-x86_64-cpython-312/transformer_engine/pytorch/csrc/extensions
      copying transformer_engine/pytorch/csrc/extensions/gemm.cpp ->
      build/lib.linux-x86_64-cpython-312/transformer_engine/pytorch/csrc/extensions
      copying
      transformer_engine/pytorch/csrc/extensions/grouped_mlp_experimental.cpp ->
      build/lib.linux-x86_64-cpython-312/transformer_engine/pytorch/csrc/extensions
      copying transformer_engine/pytorch/csrc/extensions/misc.cpp ->
      build/lib.linux-x86_64-cpython-312/transformer_engine/pytorch/csrc/extensions
      copying transformer_engine/pytorch/csrc/extensions/newton_schulz.cpp ->
      build/lib.linux-x86_64-cpython-312/transformer_engine/pytorch/csrc/extensions
      copying transformer_engine/pytorch/csrc/extensions/normalization.cpp ->
      build/lib.linux-x86_64-cpython-312/transformer_engine/pytorch/csrc/extensions
      copying
      transformer_engine/pytorch/csrc/extensions/nvfp4_2d_partial_cast.cpp ->
      build/lib.linux-x86_64-cpython-312/transformer_engine/pytorch/csrc/extensions
      copying transformer_engine/pytorch/csrc/extensions/nvshmem_comm.cpp ->
      build/lib.linux-x86_64-cpython-312/transformer_engine/pytorch/csrc/extensions
      copying transformer_engine/pytorch/csrc/extensions/padding.cpp ->
      build/lib.linux-x86_64-cpython-312/transformer_engine/pytorch/csrc/extensions
      copying transformer_engine/pytorch/csrc/extensions/permutation.cpp ->
      build/lib.linux-x86_64-cpython-312/transformer_engine/pytorch/csrc/extensions
      copying transformer_engine/pytorch/csrc/extensions/pybind.cpp ->
      build/lib.linux-x86_64-cpython-312/transformer_engine/pytorch/csrc/extensions
      copying transformer_engine/pytorch/csrc/extensions/recipe.cpp ->
      build/lib.linux-x86_64-cpython-312/transformer_engine/pytorch/csrc/extensions
      copying transformer_engine/pytorch/csrc/extensions/router.cpp ->
      build/lib.linux-x86_64-cpython-312/transformer_engine/pytorch/csrc/extensions
      copying transformer_engine/pytorch/csrc/extensions/softmax.cpp ->
      build/lib.linux-x86_64-cpython-312/transformer_engine/pytorch/csrc/extensions
      copying transformer_engine/pytorch/csrc/extensions/swizzle.cpp ->
      build/lib.linux-x86_64-cpython-312/transformer_engine/pytorch/csrc/extensions
      copying transformer_engine/pytorch/csrc/extensions/transpose.cpp ->
      build/lib.linux-x86_64-cpython-312/transformer_engine/pytorch/csrc/extensions
      creating
      build/lib.linux-x86_64-cpython-312/transformer_engine/pytorch/csrc/extensions/multi_tensor
      copying
      transformer_engine/pytorch/csrc/extensions/multi_tensor/adam.cpp ->
      build/lib.linux-x86_64-cpython-312/transformer_engine/pytorch/csrc/extensions/multi_tensor
      copying
      transformer_engine/pytorch/csrc/extensions/multi_tensor/compute_scale.cpp
      ->
      build/lib.linux-x86_64-cpython-312/transformer_engine/pytorch/csrc/extensions/multi_tensor
      copying
      transformer_engine/pytorch/csrc/extensions/multi_tensor/l2norm.cpp ->
      build/lib.linux-x86_64-cpython-312/transformer_engine/pytorch/csrc/extensions/multi_tensor
      copying
      transformer_engine/pytorch/csrc/extensions/multi_tensor/scale.cpp ->
      build/lib.linux-x86_64-cpython-312/transformer_engine/pytorch/csrc/extensions/multi_tensor
      copying transformer_engine/pytorch/csrc/extensions/multi_tensor/sgd.cpp ->
      build/lib.linux-x86_64-cpython-312/transformer_engine/pytorch/csrc/extensions/multi_tensor
      creating
      build/lib.linux-x86_64-cpython-312/transformer_engine/common/cmake
      copying transformer_engine/common/cmake/cuDNN.cmake ->
      build/lib.linux-x86_64-cpython-312/transformer_engine/common/cmake
      creating
      build/lib.linux-x86_64-cpython-312/transformer_engine/common/include/transformer_engine
      copying
      transformer_engine/common/include/transformer_engine/activation.h ->
      build/lib.linux-x86_64-cpython-312/transformer_engine/common/include/transformer_engine
      copying transformer_engine/common/include/transformer_engine/cast.h ->
      build/lib.linux-x86_64-cpython-312/transformer_engine/common/include/transformer_engine
      copying
      transformer_engine/common/include/transformer_engine/cast_transpose_noop.h
      ->
      build/lib.linux-x86_64-cpython-312/transformer_engine/common/include/transformer_engine
      copying
      transformer_engine/common/include/transformer_engine/comm_gemm.h ->
      build/lib.linux-x86_64-cpython-312/transformer_engine/common/include/transformer_engine
      copying
      transformer_engine/common/include/transformer_engine/comm_gemm_overlap.h
      ->
      build/lib.linux-x86_64-cpython-312/transformer_engine/common/include/transformer_engine
      copying
      transformer_engine/common/include/transformer_engine/comm_window.h ->
      build/lib.linux-x86_64-cpython-312/transformer_engine/common/include/transformer_engine
      copying transformer_engine/common/include/transformer_engine/cudnn.h ->
      build/lib.linux-x86_64-cpython-312/transformer_engine/common/include/transformer_engine
      copying transformer_engine/common/include/transformer_engine/dropout.h ->
      build/lib.linux-x86_64-cpython-312/transformer_engine/common/include/transformer_engine
      copying transformer_engine/common/include/transformer_engine/ep.h ->
      build/lib.linux-x86_64-cpython-312/transformer_engine/common/include/transformer_engine
      copying
      transformer_engine/common/include/transformer_engine/fused_attn.h ->
      build/lib.linux-x86_64-cpython-312/transformer_engine/common/include/transformer_engine
      copying
      transformer_engine/common/include/transformer_engine/fused_rope.h ->
      build/lib.linux-x86_64-cpython-312/transformer_engine/common/include/transformer_engine
      copying
      transformer_engine/common/include/transformer_engine/fused_router.h ->
      build/lib.linux-x86_64-cpython-312/transformer_engine/common/include/transformer_engine
      copying transformer_engine/common/include/transformer_engine/gemm.h ->
      build/lib.linux-x86_64-cpython-312/transformer_engine/common/include/transformer_engine
      copying
      transformer_engine/common/include/transformer_engine/hadamard_transform.h
      ->
      build/lib.linux-x86_64-cpython-312/transformer_engine/common/include/transformer_engine
      copying
      transformer_engine/common/include/transformer_engine/multi_stream.h ->
      build/lib.linux-x86_64-cpython-312/transformer_engine/common/include/transformer_engine
      copying
      transformer_engine/common/include/transformer_engine/multi_tensor.h ->
      build/lib.linux-x86_64-cpython-312/transformer_engine/common/include/transformer_engine
      copying
      transformer_engine/common/include/transformer_engine/newton_schulz.h ->
      build/lib.linux-x86_64-cpython-312/transformer_engine/common/include/transformer_engine
      copying
      transformer_engine/common/include/transformer_engine/normalization.h ->
      build/lib.linux-x86_64-cpython-312/transformer_engine/common/include/transformer_engine
      copying transformer_engine/common/include/transformer_engine/padding.h ->
      build/lib.linux-x86_64-cpython-312/transformer_engine/common/include/transformer_engine
      copying
      transformer_engine/common/include/transformer_engine/permutation.h ->
      build/lib.linux-x86_64-cpython-312/transformer_engine/common/include/transformer_engine
      copying transformer_engine/common/include/transformer_engine/recipe.h ->
      build/lib.linux-x86_64-cpython-312/transformer_engine/common/include/transformer_engine
      copying transformer_engine/common/include/transformer_engine/softmax.h ->
      build/lib.linux-x86_64-cpython-312/transformer_engine/common/include/transformer_engine
      copying transformer_engine/common/include/transformer_engine/swizzle.h ->
      build/lib.linux-x86_64-cpython-312/transformer_engine/common/include/transformer_engine
      copying transformer_engine/common/include/transformer_engine/topk.h ->
      build/lib.linux-x86_64-cpython-312/transformer_engine/common/include/transformer_engine
      copying
      transformer_engine/common/include/transformer_engine/transformer_engine.h
      ->
      build/lib.linux-x86_64-cpython-312/transformer_engine/common/include/transformer_engine
      copying
      transformer_engine/common/include/transformer_engine/transpose.h ->
      build/lib.linux-x86_64-cpython-312/transformer_engine/common/include/transformer_engine
      copying transformer_engine/common/include/transformer_engine/utils.h ->
      build/lib.linux-x86_64-cpython-312/transformer_engine/common/include/transformer_engine
      running build_ext
      Building CMake extension transformer_engine
      Building CMake extension transformer_engine in temporary directory
      /dev/shm/TransformerEngine/build/temp.linux-x86_64-cpython-312/cmake-build-transformer_engine-3x47vimh
      Running command /usr/bin/cmake -S
      /dev/shm/TransformerEngine/transformer_engine/common -B
      /dev/shm/TransformerEngine/build/temp.linux-x86_64-cpython-312/cmake-build-transformer_engine-3x47vimh
      -DPython_EXECUTABLE=/venv/main/bin/python3
      -DPython_INCLUDE_DIR=/venv/main/include/python3.12
      -DPython_SITEARCH=/venv/main/lib/python3.12/site-packages
      -DCMAKE_BUILD_TYPE=Release
      -DCMAKE_INSTALL_PREFIX=/dev/shm/TransformerEngine/build/lib.linux-x86_64-cpython-312
      -DCMAKE_CUDA_ARCHITECTURES=100
      -DCUDNN_FRONTEND_INCLUDE_DIR=/venv/main/lib/python3.12/site-packages/include
      -DNCCL_INCLUDE_DIR=/usr/include
      -Dpybind11_DIR=/venv/main/lib/python3.12/site-packages/pybind11/share/cmake/pybind11
      -GNinja
      -- The CUDA compiler identification is NVIDIA 12.9.86
      -- The CXX compiler identification is GNU 13.3.0
      -- Detecting CUDA compiler ABI info
      -- Detecting CUDA compiler ABI info - done
      -- Check for working CUDA compiler: /usr/local/cuda-12.9/bin/nvcc
      - skipped
      -- Detecting CUDA compile features
      -- Detecting CUDA compile features - done
      -- Detecting CXX compiler ABI info
      -- Detecting CXX compiler ABI info - done
      -- Check for working CXX compiler: /usr/bin/c++ - skipped
      -- Detecting CXX compile features
      -- Detecting CXX compile features - done
      -- Found CUDAToolkit: /usr/local/cuda-12.9/targets/x86_64-linux/include
      (found version "12.9.86")
      -- Performing Test CMAKE_HAVE_LIBC_PTHREAD
      -- Performing Test CMAKE_HAVE_LIBC_PTHREAD - Success
      -- Found Threads: TRUE
      -- cuDNN: Searching for pre-built libraries
      -- cudnn found at
      /venv/main/lib/python3.12/site-packages/nvidia/cudnn/lib/libcudnn.so.9.
      -- Found LIBRARY:
      /venv/main/lib/python3.12/site-packages/nvidia/cudnn/include
      -- cuDNN:
      /venv/main/lib/python3.12/site-packages/nvidia/cudnn/lib/libcudnn.so.9
      -- cuDNN: /venv/main/lib/python3.12/site-packages/nvidia/cudnn/include
      -- cudnn_graph found at
      /venv/main/lib/python3.12/site-packages/nvidia/cudnn/lib/libcudnn_graph.so.9.
      -- cudnn_engines_runtime_compiled found at
      /venv/main/lib/python3.12/site-packages/nvidia/cudnn/lib/libcudnn_engines_runtime_compiled.so.9.
      -- cudnn_ops found at
      /venv/main/lib/python3.12/site-packages/nvidia/cudnn/lib/libcudnn_ops.so.9.
      -- cudnn_cnn found at
      /venv/main/lib/python3.12/site-packages/nvidia/cudnn/lib/libcudnn_cnn.so.9.
      -- cudnn_adv found at
      /venv/main/lib/python3.12/site-packages/nvidia/cudnn/lib/libcudnn_adv.so.9.
      -- cudnn_engines_precompiled found at
      /venv/main/lib/python3.12/site-packages/nvidia/cudnn/lib/libcudnn_engines_precompiled.so.9.
      -- cudnn_heuristic found at
      /venv/main/lib/python3.12/site-packages/nvidia/cudnn/lib/libcudnn_heuristic.so.9.
      -- cudnn_ext not found.
      -- Found Python: /venv/main/bin/python3 (found version "3.12.14") found
      components: Interpreter Development.Module
      -- NCCL EP headers:
      /dev/shm/TransformerEngine/transformer_engine/common/../../3rdparty/nccl-extensions/build/include
      -- NCCL EP enabled (runtime-loaded library):
      /dev/shm/TransformerEngine/3rdparty/nccl-extensions/build/lib/libnccl_ep.so.0.1.0
      -- NCCL EP include:
      /dev/shm/TransformerEngine/transformer_engine/common/../../3rdparty/nccl-extensions/build/include
      -- Philox rounds for stochastic rounding: 10
      -- Parallel build jobs: 192
      -- Threads per parallel build job: 1
      -- Configuring done (1.6s)
      -- Generating done (0.0s)
      -- Build files have been written to:
      /dev/shm/TransformerEngine/build/temp.linux-x86_64-cpython-312/cmake-build-transformer_engine-3x47vimh
      Running command /usr/bin/cmake --build
      /dev/shm/TransformerEngine/build/temp.linux-x86_64-cpython-312/cmake-build-transformer_engine-3x47vimh
      --verbose --parallel 192
      Change Dir:
      '/dev/shm/TransformerEngine/build/temp.linux-x86_64-cpython-312/cmake-build-transformer_engine-3x47vimh'

      Run Build Command(s): /venv/main/bin/ninja -v -j 192
      [1/99] /usr/bin/c++ -DNVTE_BUILD_LEGACY_STATIC_FUSED_SOFTMAX=0
      -DNVTE_BUILD_LEGACY_STATIC_NORM=0
      -DNVTE_BUILD_NUM_PHILOX_ROUNDS=10 -DNVTE_WITH_NCCL_EP
      -DNV_CUDNN_FRONTEND_USE_DYNAMIC_LOADING -Dtransformer_engine_EXPORTS
      -I/dev/shm/TransformerEngine/transformer_engine/common/..
      -I/dev/shm/TransformerEngine/transformer_engine/common/include
      -I/venv/main/lib/python3.12/site-packages/include
      -I/dev/shm/TransformerEngine/transformer_engine/common/../../3rdparty/cutlass/include
      -I/dev/shm/TransformerEngine/transformer_engine/common/../../3rdparty/cutlass/tools/util/include
      -I/dev/shm/TransformerEngine/transformer_engine/common/../../3rdparty/nccl-extensions/build/include
      -I/dev/shm/TransformerEngine/build/temp.linux-x86_64-cpython-312/cmake-build-transformer_engine-3x47vimh/string_headers
      -isystem /usr/local/cuda-12.9/targets/x86_64-linux/include -isystem
      /usr/local/cuda-12.9/targets/x86_64-linux/include/cccl -isystem
      /venv/main/lib/python3.12/site-packages/nvidia/cudnn/include
      -O3 -DNDEBUG -std=gnu++17 -fPIC -MD -MT
      CMakeFiles/transformer_engine.dir/util/cuda_nvml.cpp.o -MF
      CMakeFiles/transformer_engine.dir/util/cuda_nvml.cpp.o.d -o
      CMakeFiles/transformer_engine.dir/util/cuda_nvml.cpp.o -c
      /dev/shm/TransformerEngine/transformer_engine/common/util/cuda_nvml.cpp
      FAILED: [code=1] CMakeFiles/transformer_engine.dir/util/cuda_nvml.cpp.o
      /usr/bin/c++ -DNVTE_BUILD_LEGACY_STATIC_FUSED_SOFTMAX=0
      -DNVTE_BUILD_LEGACY_STATIC_NORM=0
      -DNVTE_BUILD_NUM_PHILOX_ROUNDS=10 -DNVTE_WITH_NCCL_EP
      -DNV_CUDNN_FRONTEND_USE_DYNAMIC_LOADING -Dtransformer_engine_EXPORTS
      -I/dev/shm/TransformerEngine/transformer_engine/common/..
      -I/dev/shm/TransformerEngine/transformer_engine/common/include
      -I/venv/main/lib/python3.12/site-packages/include
      -I/dev/shm/TransformerEngine/transformer_engine/common/../../3rdparty/cutlass/include
      -I/dev/shm/TransformerEngine/transformer_engine/common/../../3rdparty/cutlass/tools/util/include
      -I/dev/shm/TransformerEngine/transformer_engine/common/../../3rdparty/nccl-extensions/build/include
      -I/dev/shm/TransformerEngine/build/temp.linux-x86_64-cpython-312/cmake-build-transformer_engine-3x47vimh/string_headers
      -isystem /usr/local/cuda-12.9/targets/x86_64-linux/include -isystem
      /usr/local/cuda-12.9/targets/x86_64-linux/include/cccl -isystem
      /venv/main/lib/python3.12/site-packages/nvidia/cudnn/include
      -O3 -DNDEBUG -std=gnu++17 -fPIC -MD -MT
      CMakeFiles/transformer_engine.dir/util/cuda_nvml.cpp.o -MF
      CMakeFiles/transformer_engine.dir/util/cuda_nvml.cpp.o.d -o
      CMakeFiles/transformer_engine.dir/util/cuda_nvml.cpp.o -c
      /dev/shm/TransformerEngine/transformer_engine/common/util/cuda_nvml.cpp
      In file included from
      /dev/shm/TransformerEngine/transformer_engine/common/util/cuda_nvml.cpp:7:
      /dev/shm/TransformerEngine/transformer_engine/common/util/cuda_nvml.h:10:10:
      fatal error: nvml.h: No such file or directory
         10 | #include <nvml.h>
            |          ^~~~~~~~
      compilation terminated.
      [2/99] /usr/bin/c++ -DNVTE_BUILD_LEGACY_STATIC_FUSED_SOFTMAX=0
      -DNVTE_BUILD_LEGACY_STATIC_NORM=0
      -DNVTE_BUILD_NUM_PHILOX_ROUNDS=10 -DNVTE_WITH_NCCL_EP
      -DNV_CUDNN_FRONTEND_USE_DYNAMIC_LOADING -Dtransformer_engine_EXPORTS
      -I/dev/shm/TransformerEngine/transformer_engine/common/..
      -I/dev/shm/TransformerEngine/transformer_engine/common/include
      -I/venv/main/lib/python3.12/site-packages/include
      -I/dev/shm/TransformerEngine/transformer_engine/common/../../3rdparty/cutlass/include
      -I/dev/shm/TransformerEngine/transformer_engine/common/../../3rdparty/cutlass/tools/util/include
      -I/dev/shm/TransformerEngine/transformer_engine/common/../../3rdparty/nccl-extensions/build/include
      -I/dev/shm/TransformerEngine/build/temp.linux-x86_64-cpython-312/cmake-build-transformer_engine-3x47vimh/string_headers
      -isystem /usr/local/cuda-12.9/targets/x86_64-linux/include -isystem
      /usr/local/cuda-12.9/targets/x86_64-linux/include/cccl -isystem
      /venv/main/lib/python3.12/site-packages/nvidia/cudnn/include
      -O3 -DNDEBUG -std=gnu++17 -fPIC -MD -MT
      CMakeFiles/transformer_engine.dir/util/rtc.cpp.o -MF
      CMakeFiles/transformer_engine.dir/util/rtc.cpp.o.d -o
      CMakeFiles/transformer_engine.dir/util/rtc.cpp.o -c
      /dev/shm/TransformerEngine/transformer_engine/common/util/rtc.cpp
      FAILED: [code=1] CMakeFiles/transformer_engine.dir/util/rtc.cpp.o
      /usr/bin/c++ -DNVTE_BUILD_LEGACY_STATIC_FUSED_SOFTMAX=0
      -DNVTE_BUILD_LEGACY_STATIC_NORM=0
      -DNVTE_BUILD_NUM_PHILOX_ROUNDS=10 -DNVTE_WITH_NCCL_EP
      -DNV_CUDNN_FRONTEND_USE_DYNAMIC_LOADING -Dtransformer_engine_EXPORTS
      -I/dev/shm/TransformerEngine/transformer_engine/common/..
      -I/dev/shm/TransformerEngine/transformer_engine/common/include
      -I/venv/main/lib/python3.12/site-packages/include
      -I/dev/shm/TransformerEngine/transformer_engine/common/../../3rdparty/cutlass/include
      -I/dev/shm/TransformerEngine/transformer_engine/common/../../3rdparty/cutlass/tools/util/include
      -I/dev/shm/TransformerEngine/transformer_engine/common/../../3rdparty/nccl-extensions/build/include
      -I/dev/shm/TransformerEngine/build/temp.linux-x86_64-cpython-312/cmake-build-transformer_engine-3x47vimh/string_headers
      -isystem /usr/local/cuda-12.9/targets/x86_64-linux/include -isystem
      /usr/local/cuda-12.9/targets/x86_64-linux/include/cccl -isystem
      /venv/main/lib/python3.12/site-packages/nvidia/cudnn/include
      -O3 -DNDEBUG -std=gnu++17 -fPIC -MD -MT
      CMakeFiles/transformer_engine.dir/util/rtc.cpp.o -MF
      CMakeFiles/transformer_engine.dir/util/rtc.cpp.o.d -o
      CMakeFiles/transformer_engine.dir/util/rtc.cpp.o -c
      /dev/shm/TransformerEngine/transformer_engine/common/util/rtc.cpp
      In file included from
      /dev/shm/TransformerEngine/transformer_engine/common/util/rtc.cpp:7:
      /dev/shm/TransformerEngine/transformer_engine/common/util/../util/rtc.h:12:10:
      fatal error: nvrtc.h: No such file or directory
         12 | #include <nvrtc.h>
            |          ^~~~~~~~~
      compilation terminated.
      [3/99] /usr/local/cuda-12.9/bin/nvcc -forward-unknown-to-host-compiler
      -DNVTE_BUILD_LEGACY_STATIC_FUSED_SOFTMAX=0
      -DNVTE_BUILD_LEGACY_STATIC_NORM=0
      -DNVTE_BUILD_NUM_PHILOX_ROUNDS=10 -DNVTE_WITH_NCCL_EP
      -DNV_CUDNN_FRONTEND_USE_DYNAMIC_LOADING -Dtransformer_engine_EXPORTS
      -I/dev/shm/TransformerEngine/transformer_engine/common/..
      -I/dev/shm/TransformerEngine/transformer_engine/common/include
      -I/venv/main/lib/python3.12/site-packages/include
      -I/dev/shm/TransformerEngine/transformer_engine/common/../../3rdparty/cutlass/include
      -I/dev/shm/TransformerEngine/transformer_engine/common/../../3rdparty/cutlass/tools/util/include
      -I/dev/shm/TransformerEngine/transformer_engine/common/../../3rdparty/nccl-extensions/build/include
      -I/dev/shm/TransformerEngine/build/temp.linux-x86_64-cpython-312/cmake-build-transformer_engine-3x47vimh/string_headers
      -isystem /usr/local/cuda-12.9/targets/x86_64-linux/include/cccl
      -isystem /venv/main/lib/python3.12/site-packages/nvidia/cudnn/include
      --expt-relaxed-constexpr -O3 -Xfatbin -compress-all
      --threads 1 -O3 -DNDEBUG -std=c++17 -Xcompiler=-fPIC
      --generate-code=arch=compute_100,code=sm_100 -MD -MT
      CMakeFiles/transformer_engine.dir/transpose/cast_transpose.cu.o -MF
      CMakeFiles/transformer_engine.dir/transpose/cast_transpose.cu.o.d -x cu -c
      /dev/shm/TransformerEngine/transformer_engine/common/transpose/cast_transpose.cu
      -o CMakeFiles/transformer_engine.dir/transpose/cast_transpose.cu.o
      FAILED: [code=1]
      CMakeFiles/transformer_engine.dir/transpose/cast_transpose.cu.o
      /usr/local/cuda-12.9/bin/nvcc -forward-unknown-to-host-compiler
      -DNVTE_BUILD_LEGACY_STATIC_FUSED_SOFTMAX=0
      -DNVTE_BUILD_LEGACY_STATIC_NORM=0
      -DNVTE_BUILD_NUM_PHILOX_ROUNDS=10 -DNVTE_WITH_NCCL_EP
      -DNV_CUDNN_FRONTEND_USE_DYNAMIC_LOADING -Dtransformer_engine_EXPORTS
      -I/dev/shm/TransformerEngine/transformer_engine/common/..
      -I/dev/shm/TransformerEngine/transformer_engine/common/include
      -I/venv/main/lib/python3.12/site-packages/include
      -I/dev/shm/TransformerEngine/transformer_engine/common/../../3rdparty/cutlass/include
      -I/dev/shm/TransformerEngine/transformer_engine/common/../../3rdparty/cutlass/tools/util/include
      -I/dev/shm/TransformerEngine/transformer_engine/common/../../3rdparty/nccl-extensions/build/include
      -I/dev/shm/TransformerEngine/build/temp.linux-x86_64-cpython-312/cmake-build-transformer_engine-3x47vimh/string_headers
      -isystem /usr/local/cuda-12.9/targets/x86_64-linux/include/cccl
      -isystem /venv/main/lib/python3.12/site-packages/nvidia/cudnn/include
      --expt-relaxed-constexpr -O3 -Xfatbin -compress-all
      --threads 1 -O3 -DNDEBUG -std=c++17 -Xcompiler=-fPIC
      --generate-code=arch=compute_100,code=sm_100 -MD -MT
      CMakeFiles/transformer_engine.dir/transpose/cast_transpose.cu.o -MF
      CMakeFiles/transformer_engine.dir/transpose/cast_transpose.cu.o.d -x cu -c
      /dev/shm/TransformerEngine/transformer_engine/common/transpose/cast_transpose.cu
      -o CMakeFiles/transformer_engine.dir/transpose/cast_transpose.cu.o
      In file included from
      /dev/shm/TransformerEngine/transformer_engine/common/transpose/cast_transpose.cu:13:
      /dev/shm/TransformerEngine/transformer_engine/common/transpose/../util/rtc.h:12:10:
      fatal error: nvrtc.h: No such file or directory
         12 | #include <nvrtc.h>
            |          ^~~~~~~~~
      compilation terminated.
      [4/99] /usr/local/cuda-12.9/bin/nvcc -forward-unknown-to-host-compiler
      -DNVTE_BUILD_LEGACY_STATIC_FUSED_SOFTMAX=0
      -DNVTE_BUILD_LEGACY_STATIC_NORM=0
      -DNVTE_BUILD_NUM_PHILOX_ROUNDS=10 -DNVTE_WITH_NCCL_EP
      -DNV_CUDNN_FRONTEND_USE_DYNAMIC_LOADING -Dtransformer_engine_EXPORTS
      -I/dev/shm/TransformerEngine/transformer_engine/common/..
      -I/dev/shm/TransformerEngine/transformer_engine/common/include
      -I/venv/main/lib/python3.12/site-packages/include
      -I/dev/shm/TransformerEngine/transformer_engine/common/../../3rdparty/cutlass/include
      -I/dev/shm/TransformerEngine/transformer_engine/common/../../3rdparty/cutlass/tools/util/include
      -I/dev/shm/TransformerEngine/transformer_engine/common/../../3rdparty/nccl-extensions/build/include
      -I/dev/shm/TransformerEngine/build/temp.linux-x86_64-cpython-312/cmake-build-transformer_engine-3x47vimh/string_headers
      -isystem /usr/local/cuda-12.9/targets/x86_64-linux/include/cccl
      -isystem /venv/main/lib/python3.12/site-packages/nvidia/cudnn/include
      --expt-relaxed-constexpr -O3 -Xfatbin -compress-all
      --threads 1 -O3 -DNDEBUG -std=c++17 -Xcompiler=-fPIC
      --generate-code=arch=compute_100,code=sm_100 -MD -MT
      CMakeFiles/transformer_engine.dir/transpose/cast_transpose_fusion.cu.o -MF
      CMakeFiles/transformer_engine.dir/transpose/cast_transpose_fusion.cu.o.d
      -x cu -c
      /dev/shm/TransformerEngine/transformer_engine/common/transpose/cast_transpose_fusion.cu
      -o CMakeFiles/transformer_engine.dir/transpose/cast_transpose_fusion.cu.o
      FAILED: [code=1]
      CMakeFiles/transformer_engine.dir/transpose/cast_transpose_fusion.cu.o
      /usr/local/cuda-12.9/bin/nvcc -forward-unknown-to-host-compiler
      -DNVTE_BUILD_LEGACY_STATIC_FUSED_SOFTMAX=0
      -DNVTE_BUILD_LEGACY_STATIC_NORM=0
      -DNVTE_BUILD_NUM_PHILOX_ROUNDS=10 -DNVTE_WITH_NCCL_EP
      -DNV_CUDNN_FRONTEND_USE_DYNAMIC_LOADING -Dtransformer_engine_EXPORTS
      -I/dev/shm/TransformerEngine/transformer_engine/common/..
      -I/dev/shm/TransformerEngine/transformer_engine/common/include
      -I/venv/main/lib/python3.12/site-packages/include
      -I/dev/shm/TransformerEngine/transformer_engine/common/../../3rdparty/cutlass/include
      -I/dev/shm/TransformerEngine/transformer_engine/common/../../3rdparty/cutlass/tools/util/include
      -I/dev/shm/TransformerEngine/transformer_engine/common/../../3rdparty/nccl-extensions/build/include
      -I/dev/shm/TransformerEngine/build/temp.linux-x86_64-cpython-312/cmake-build-transformer_engine-3x47vimh/string_headers
      -isystem /usr/local/cuda-12.9/targets/x86_64-linux/include/cccl
      -isystem /venv/main/lib/python3.12/site-packages/nvidia/cudnn/include
      --expt-relaxed-constexpr -O3 -Xfatbin -compress-all
      --threads 1 -O3 -DNDEBUG -std=c++17 -Xcompiler=-fPIC
      --generate-code=arch=compute_100,code=sm_100 -MD -MT
      CMakeFiles/transformer_engine.dir/transpose/cast_transpose_fusion.cu.o -MF
      CMakeFiles/transformer_engine.dir/transpose/cast_transpose_fusion.cu.o.d
      -x cu -c
      /dev/shm/TransformerEngine/transformer_engine/common/transpose/cast_transpose_fusion.cu
      -o CMakeFiles/transformer_engine.dir/transpose/cast_transpose_fusion.cu.o
      In file included from
      /dev/shm/TransformerEngine/transformer_engine/common/transpose/cast_transpose_fusion.cu:16:
      /dev/shm/TransformerEngine/transformer_engine/common/transpose/../util/rtc.h:12:10:
      fatal error: nvrtc.h: No such file or directory
         12 | #include <nvrtc.h>
            |          ^~~~~~~~~
      compilation terminated.
      [5/99] /usr/local/cuda-12.9/bin/nvcc -forward-unknown-to-host-compiler
      -DNVTE_BUILD_LEGACY_STATIC_FUSED_SOFTMAX=0
      -DNVTE_BUILD_LEGACY_STATIC_NORM=0
      -DNVTE_BUILD_NUM_PHILOX_ROUNDS=10 -DNVTE_WITH_NCCL_EP
      -DNV_CUDNN_FRONTEND_USE_DYNAMIC_LOADING -Dtransformer_engine_EXPORTS
      -I/dev/shm/TransformerEngine/transformer_engine/common/..
      -I/dev/shm/TransformerEngine/transformer_engine/common/include
      -I/venv/main/lib/python3.12/site-packages/include
      -I/dev/shm/TransformerEngine/transformer_engine/common/../../3rdparty/cutlass/include
      -I/dev/shm/TransformerEngine/transformer_engine/common/../../3rdparty/cutlass/tools/util/include
      -I/dev/shm/TransformerEngine/transformer_engine/common/../../3rdparty/nccl-extensions/build/include
      -I/dev/shm/TransformerEngine/build/temp.linux-x86_64-cpython-312/cmake-build-transformer_engine-3x47vimh/string_headers
      -isystem /usr/local/cuda-12.9/targets/x86_64-linux/include/cccl
      -isystem /venv/main/lib/python3.12/site-packages/nvidia/cudnn/include
      --expt-relaxed-constexpr -O3 -Xfatbin -compress-all
      --threads 1 -O3 -DNDEBUG -std=c++17 -Xcompiler=-fPIC
      --generate-code=arch=compute_100,code=sm_100 --use_fast_math -MD -MT
      CMakeFiles/transformer_engine.dir/fused_softmax/scaled_upper_triang_masked_softmax.cu.o
      -MF
      CMakeFiles/transformer_engine.dir/fused_softmax/scaled_upper_triang_masked_softmax.cu.o.d
      -x cu -c
      /dev/shm/TransformerEngine/transformer_engine/common/fused_softmax/scaled_upper_triang_masked_softmax.cu
      -o
      CMakeFiles/transformer_engine.dir/fused_softmax/scaled_upper_triang_masked_softmax.cu.o
      FAILED: [code=1]
      CMakeFiles/transformer_engine.dir/fused_softmax/scaled_upper_triang_masked_softmax.cu.o
      /usr/local/cuda-12.9/bin/nvcc -forward-unknown-to-host-compiler
      -DNVTE_BUILD_LEGACY_STATIC_FUSED_SOFTMAX=0
      -DNVTE_BUILD_LEGACY_STATIC_NORM=0
      -DNVTE_BUILD_NUM_PHILOX_ROUNDS=10 -DNVTE_WITH_NCCL_EP
      -DNV_CUDNN_FRONTEND_USE_DYNAMIC_LOADING -Dtransformer_engine_EXPORTS
      -I/dev/shm/TransformerEngine/transformer_engine/common/..
      -I/dev/shm/TransformerEngine/transformer_engine/common/include
      -I/venv/main/lib/python3.12/site-packages/include
      -I/dev/shm/TransformerEngine/transformer_engine/common/../../3rdparty/cutlass/include
      -I/dev/shm/TransformerEngine/transformer_engine/common/../../3rdparty/cutlass/tools/util/include
      -I/dev/shm/TransformerEngine/transformer_engine/common/../../3rdparty/nccl-extensions/build/include
      -I/dev/shm/TransformerEngine/build/temp.linux-x86_64-cpython-312/cmake-build-transformer_engine-3x47vimh/string_headers
      -isystem /usr/local/cuda-12.9/targets/x86_64-linux/include/cccl
      -isystem /venv/main/lib/python3.12/site-packages/nvidia/cudnn/include
      --expt-relaxed-constexpr -O3 -Xfatbin -compress-all
      --threads 1 -O3 -DNDEBUG -std=c++17 -Xcompiler=-fPIC
      --generate-code=arch=compute_100,code=sm_100 --use_fast_math -MD -MT
      CMakeFiles/transformer_engine.dir/fused_softmax/scaled_upper_triang_masked_softmax.cu.o
      -MF
      CMakeFiles/transformer_engine.dir/fused_softmax/scaled_upper_triang_masked_softmax.cu.o.d
      -x cu -c
      /dev/shm/TransformerEngine/transformer_engine/common/fused_softmax/scaled_upper_triang_masked_softmax.cu
      -o
      CMakeFiles/transformer_engine.dir/fused_softmax/scaled_upper_triang_masked_softmax.cu.o
      /dev/shm/TransformerEngine/transformer_engine/common/fused_softmax/scaled_upper_triang_masked_softmax.cu:12:10:
      fatal error: cuda_profiler_api.h: No such file or directory
         12 | #include <cuda_profiler_api.h>
            |          ^~~~~~~~~~~~~~~~~~~~~
      compilation terminated.
      [6/99] /usr/bin/c++ -DNVTE_BUILD_LEGACY_STATIC_FUSED_SOFTMAX=0
      -DNVTE_BUILD_LEGACY_STATIC_NORM=0
      -DNVTE_BUILD_NUM_PHILOX_ROUNDS=10 -DNVTE_WITH_NCCL_EP
      -DNV_CUDNN_FRONTEND_USE_DYNAMIC_LOADING -Dtransformer_engine_EXPORTS
      -I/dev/shm/TransformerEngine/transformer_engine/common/..
      -I/dev/shm/TransformerEngine/transformer_engine/common/include
      -I/venv/main/lib/python3.12/site-packages/include
      -I/dev/shm/TransformerEngine/transformer_engine/common/../../3rdparty/cutlass/include
      -I/dev/shm/TransformerEngine/transformer_engine/common/../../3rdparty/cutlass/tools/util/include
      -I/dev/shm/TransformerEngine/transformer_engine/common/../../3rdparty/nccl-extensions/build/include
      -I/dev/shm/TransformerEngine/build/temp.linux-x86_64-cpython-312/cmake-build-transformer_engine-3x47vimh/string_headers
      -isystem /usr/local/cuda-12.9/targets/x86_64-linux/include -isystem
      /usr/local/cuda-12.9/targets/x86_64-linux/include/cccl -isystem
      /venv/main/lib/python3.12/site-packages/nvidia/cudnn/include
      -O3 -DNDEBUG -std=gnu++17 -fPIC -MD -MT
      CMakeFiles/transformer_engine.dir/gemm/config.cpp.o -MF
      CMakeFiles/transformer_engine.dir/gemm/config.cpp.o.d -o
      CMakeFiles/transformer_engine.dir/gemm/config.cpp.o -c
      /dev/shm/TransformerEngine/transformer_engine/common/gemm/config.cpp
      FAILED: [code=1] CMakeFiles/transformer_engine.dir/gemm/config.cpp.o
      /usr/bin/c++ -DNVTE_BUILD_LEGACY_STATIC_FUSED_SOFTMAX=0
      -DNVTE_BUILD_LEGACY_STATIC_NORM=0
      -DNVTE_BUILD_NUM_PHILOX_ROUNDS=10 -DNVTE_WITH_NCCL_EP
      -DNV_CUDNN_FRONTEND_USE_DYNAMIC_LOADING -Dtransformer_engine_EXPORTS
      -I/dev/shm/TransformerEngine/transformer_engine/common/..
      -I/dev/shm/TransformerEngine/transformer_engine/common/include
      -I/venv/main/lib/python3.12/site-packages/include
      -I/dev/shm/TransformerEngine/transformer_engine/common/../../3rdparty/cutlass/include
      -I/dev/shm/TransformerEngine/transformer_engine/common/../../3rdparty/cutlass/tools/util/include
      -I/dev/shm/TransformerEngine/transformer_engine/common/../../3rdparty/nccl-extensions/build/include
      -I/dev/shm/TransformerEngine/build/temp.linux-x86_64-cpython-312/cmake-build-transformer_engine-3x47vimh/string_headers
      -isystem /usr/local/cuda-12.9/targets/x86_64-linux/include -isystem
      /usr/local/cuda-12.9/targets/x86_64-linux/include/cccl -isystem
      /venv/main/lib/python3.12/site-packages/nvidia/cudnn/include
      -O3 -DNDEBUG -std=gnu++17 -fPIC -MD -MT
      CMakeFiles/transformer_engine.dir/gemm/config.cpp.o -MF
      CMakeFiles/transformer_engine.dir/gemm/config.cpp.o.d -o
      CMakeFiles/transformer_engine.dir/gemm/config.cpp.o -c
      /dev/shm/TransformerEngine/transformer_engine/common/gemm/config.cpp
      In file included from
      /dev/shm/TransformerEngine/transformer_engine/common/gemm/config.cpp:14:
      /dev/shm/TransformerEngine/transformer_engine/common/gemm/../util/logging.h:13:10:
      fatal error: nvrtc.h: No such file or directory
         13 | #include <nvrtc.h>
            |          ^~~~~~~~~
      compilation terminated.
      [7/99] /usr/local/cuda-12.9/bin/nvcc -forward-unknown-to-host-compiler
      -DNVTE_BUILD_LEGACY_STATIC_FUSED_SOFTMAX=0
      -DNVTE_BUILD_LEGACY_STATIC_NORM=0
      -DNVTE_BUILD_NUM_PHILOX_ROUNDS=10 -DNVTE_WITH_NCCL_EP
      -DNV_CUDNN_FRONTEND_USE_DYNAMIC_LOADING -Dtransformer_engine_EXPORTS
      -I/dev/shm/TransformerEngine/transformer_engine/common/..
      -I/dev/shm/TransformerEngine/transformer_engine/common/include
      -I/venv/main/lib/python3.12/site-packages/include
      -I/dev/shm/TransformerEngine/transformer_engine/common/../../3rdparty/cutlass/include
      -I/dev/shm/TransformerEngine/transformer_engine/common/../../3rdparty/cutlass/tools/util/include
      -I/dev/shm/TransformerEngine/transformer_engine/common/../../3rdparty/nccl-extensions/build/include
      -I/dev/shm/TransformerEngine/build/temp.linux-x86_64-cpython-312/cmake-build-transformer_engine-3x47vimh/string_headers
      -isystem /usr/local/cuda-12.9/targets/x86_64-linux/include/cccl
      -isystem /venv/main/lib/python3.12/site-packages/nvidia/cudnn/include
      --expt-relaxed-constexpr -O3 -Xfatbin -compress-all
      --threads 1 -O3 -DNDEBUG -std=c++17 -Xcompiler=-fPIC
      --generate-code=arch=compute_100,code=sm_100 --use_fast_math -MD -MT
      CMakeFiles/transformer_engine.dir/fused_softmax/scaled_aligned_causal_masked_softmax.cu.o
      -MF
      CMakeFiles/transformer_engine.dir/fused_softmax/scaled_aligned_causal_masked_softmax.cu.o.d
      -x cu -c
      /dev/shm/TransformerEngine/transformer_engine/common/fused_softmax/scaled_aligned_causal_masked_softmax.cu
      -o
      CMakeFiles/transformer_engine.dir/fused_softmax/scaled_aligned_causal_masked_softmax.cu.o
      FAILED: [code=1]
      CMakeFiles/transformer_engine.dir/fused_softmax/scaled_aligned_causal_masked_softmax.cu.o
      /usr/local/cuda-12.9/bin/nvcc -forward-unknown-to-host-compiler
      -DNVTE_BUILD_LEGACY_STATIC_FUSED_SOFTMAX=0
      -DNVTE_BUILD_LEGACY_STATIC_NORM=0
      -DNVTE_BUILD_NUM_PHILOX_ROUNDS=10 -DNVTE_WITH_NCCL_EP
      -DNV_CUDNN_FRONTEND_USE_DYNAMIC_LOADING -Dtransformer_engine_EXPORTS
      -I/dev/shm/TransformerEngine/transformer_engine/common/..
      -I/dev/shm/TransformerEngine/transformer_engine/common/include
      -I/venv/main/lib/python3.12/site-packages/include
      -I/dev/shm/TransformerEngine/transformer_engine/common/../../3rdparty/cutlass/include
      -I/dev/shm/TransformerEngine/transformer_engine/common/../../3rdparty/cutlass/tools/util/include
      -I/dev/shm/TransformerEngine/transformer_engine/common/../../3rdparty/nccl-extensions/build/include
      -I/dev/shm/TransformerEngine/build/temp.linux-x86_64-cpython-312/cmake-build-transformer_engine-3x47vimh/string_headers
      -isystem /usr/local/cuda-12.9/targets/x86_64-linux/include/cccl
      -isystem /venv/main/lib/python3.12/site-packages/nvidia/cudnn/include
      --expt-relaxed-constexpr -O3 -Xfatbin -compress-all
      --threads 1 -O3 -DNDEBUG -std=c++17 -Xcompiler=-fPIC
      --generate-code=arch=compute_100,code=sm_100 --use_fast_math -MD -MT
      CMakeFiles/transformer_engine.dir/fused_softmax/scaled_aligned_causal_masked_softmax.cu.o
      -MF
      CMakeFiles/transformer_engine.dir/fused_softmax/scaled_aligned_causal_masked_softmax.cu.o.d
      -x cu -c
      /dev/shm/TransformerEngine/transformer_engine/common/fused_softmax/scaled_aligned_causal_masked_softmax.cu
      -o
      CMakeFiles/transformer_engine.dir/fused_softmax/scaled_aligned_causal_masked_softmax.cu.o
      /dev/shm/TransformerEngine/transformer_engine/common/fused_softmax/scaled_aligned_causal_masked_softmax.cu:12:10:
      fatal error: cuda_profiler_api.h: No such file or directory
         12 | #include <cuda_profiler_api.h>
            |          ^~~~~~~~~~~~~~~~~~~~~
      compilation terminated.
      [8/99] /usr/local/cuda-12.9/bin/nvcc -forward-unknown-to-host-compiler
      -DNVTE_BUILD_LEGACY_STATIC_FUSED_SOFTMAX=0
      -DNVTE_BUILD_LEGACY_STATIC_NORM=0
      -DNVTE_BUILD_NUM_PHILOX_ROUNDS=10 -DNVTE_WITH_NCCL_EP
      -DNV_CUDNN_FRONTEND_USE_DYNAMIC_LOADING -Dtransformer_engine_EXPORTS
      -I/dev/shm/TransformerEngine/transformer_engine/common/..
      -I/dev/shm/TransformerEngine/transformer_engine/common/include
      -I/venv/main/lib/python3.12/site-packages/include
      -I/dev/shm/TransformerEngine/transformer_engine/common/../../3rdparty/cutlass/include
      -I/dev/shm/TransformerEngine/transformer_engine/common/../../3rdparty/cutlass/tools/util/include
      -I/dev/shm/TransformerEngine/transformer_engine/common/../../3rdparty/nccl-extensions/build/include
      -I/dev/shm/TransformerEngine/build/temp.linux-x86_64-cpython-312/cmake-build-transformer_engine-3x47vimh/string_headers
      -isystem /usr/local/cuda-12.9/targets/x86_64-linux/include/cccl
      -isystem /venv/main/lib/python3.12/site-packages/nvidia/cudnn/include
      --expt-relaxed-constexpr -O3 -Xfatbin -compress-all
      --threads 1 -O3 -DNDEBUG -std=c++17 -Xcompiler=-fPIC
      --generate-code=arch=compute_100,code=sm_100 -MD -MT
      CMakeFiles/transformer_engine.dir/dropout/dropout.cu.o -MF
      CMakeFiles/transformer_engine.dir/dropout/dropout.cu.o.d -x cu -c
      /dev/shm/TransformerEngine/transformer_engine/common/dropout/dropout.cu
      -o CMakeFiles/transformer_engine.dir/dropout/dropout.cu.o
      FAILED: [code=1] CMakeFiles/transformer_engine.dir/dropout/dropout.cu.o
      /usr/local/cuda-12.9/bin/nvcc -forward-unknown-to-host-compiler
      -DNVTE_BUILD_LEGACY_STATIC_FUSED_SOFTMAX=0
      -DNVTE_BUILD_LEGACY_STATIC_NORM=0
      -DNVTE_BUILD_NUM_PHILOX_ROUNDS=10 -DNVTE_WITH_NCCL_EP
      -DNV_CUDNN_FRONTEND_USE_DYNAMIC_LOADING -Dtransformer_engine_EXPORTS
      -I/dev/shm/TransformerEngine/transformer_engine/common/..
      -I/dev/shm/TransformerEngine/transformer_engine/common/include
      -I/venv/main/lib/python3.12/site-packages/include
      -I/dev/shm/TransformerEngine/transformer_engine/common/../../3rdparty/cutlass/include
      -I/dev/shm/TransformerEngine/transformer_engine/common/../../3rdparty/cutlass/tools/util/include
      -I/dev/shm/TransformerEngine/transformer_engine/common/../../3rdparty/nccl-extensions/build/include
      -I/dev/shm/TransformerEngine/build/temp.linux-x86_64-cpython-312/cmake-build-transformer_engine-3x47vimh/string_headers
      -isystem /usr/local/cuda-12.9/targets/x86_64-linux/include/cccl
      -isystem /venv/main/lib/python3.12/site-packages/nvidia/cudnn/include
      --expt-relaxed-constexpr -O3 -Xfatbin -compress-all
      --threads 1 -O3 -DNDEBUG -std=c++17 -Xcompiler=-fPIC
      --generate-code=arch=compute_100,code=sm_100 -MD -MT
      CMakeFiles/transformer_engine.dir/dropout/dropout.cu.o -MF
      CMakeFiles/transformer_engine.dir/dropout/dropout.cu.o.d -x cu -c
      /dev/shm/TransformerEngine/transformer_engine/common/dropout/dropout.cu
      -o CMakeFiles/transformer_engine.dir/dropout/dropout.cu.o
      /dev/shm/TransformerEngine/transformer_engine/common/dropout/dropout.cu:7:10:
      fatal error: curand.h: No such file or directory
          7 | #include <curand.h>
            |          ^~~~~~~~~~
      compilation terminated.
      [9/99] /usr/local/cuda-12.9/bin/nvcc -forward-unknown-to-host-compiler
      -DNVTE_BUILD_LEGACY_STATIC_FUSED_SOFTMAX=0
      -DNVTE_BUILD_LEGACY_STATIC_NORM=0
      -DNVTE_BUILD_NUM_PHILOX_ROUNDS=10 -DNVTE_WITH_NCCL_EP
      -DNV_CUDNN_FRONTEND_USE_DYNAMIC_LOADING -Dtransformer_engine_EXPORTS
      -I/dev/shm/TransformerEngine/transformer_engine/common/..
      -I/dev/shm/TransformerEngine/transformer_engine/common/include
      -I/venv/main/lib/python3.12/site-packages/include
      -I/dev/shm/TransformerEngine/transformer_engine/common/../../3rdparty/cutlass/include
      -I/dev/shm/TransformerEngine/transformer_engine/common/../../3rdparty/cutlass/tools/util/include
      -I/dev/shm/TransformerEngine/transformer_engine/common/../../3rdparty/nccl-extensions/build/include
      -I/dev/shm/TransformerEngine/build/temp.linux-x86_64-cpython-312/cmake-build-transformer_engine-3x47vimh/string_headers
      -isystem /usr/local/cuda-12.9/targets/x86_64-linux/include/cccl
      -isystem /venv/main/lib/python3.12/site-packages/nvidia/cudnn/include
      --expt-relaxed-constexpr -O3 -Xfatbin -compress-all
      --threads 1 -O3 -DNDEBUG -std=c++17 -Xcompiler=-fPIC
      --generate-code=arch=compute_100,code=sm_100 --use_fast_math -MD -MT
      CMakeFiles/transformer_engine.dir/fused_softmax/scaled_masked_softmax.cu.o
      -MF
      CMakeFiles/transformer_engine.dir/fused_softmax/scaled_masked_softmax.cu.o.d
      -x cu -c
      /dev/shm/TransformerEngine/transformer_engine/common/fused_softmax/scaled_masked_softmax.cu
      -o
      CMakeFiles/transformer_engine.dir/fused_softmax/scaled_masked_softmax.cu.o
      FAILED: [code=1]
      CMakeFiles/transformer_engine.dir/fused_softmax/scaled_masked_softmax.cu.o
      /usr/local/cuda-12.9/bin/nvcc -forward-unknown-to-host-compiler
      -DNVTE_BUILD_LEGACY_STATIC_FUSED_SOFTMAX=0
      -DNVTE_BUILD_LEGACY_STATIC_NORM=0
      -DNVTE_BUILD_NUM_PHILOX_ROUNDS=10 -DNVTE_WITH_NCCL_EP
      -DNV_CUDNN_FRONTEND_USE_DYNAMIC_LOADING -Dtransformer_engine_EXPORTS
      -I/dev/shm/TransformerEngine/transformer_engine/common/..
      -I/dev/shm/TransformerEngine/transformer_engine/common/include
      -I/venv/main/lib/python3.12/site-packages/include
      -I/dev/shm/TransformerEngine/transformer_engine/common/../../3rdparty/cutlass/include
      -I/dev/shm/TransformerEngine/transformer_engine/common/../../3rdparty/cutlass/tools/util/include
      -I/dev/shm/TransformerEngine/transformer_engine/common/../../3rdparty/nccl-extensions/build/include
      -I/dev/shm/TransformerEngine/build/temp.linux-x86_64-cpython-312/cmake-build-transformer_engine-3x47vimh/string_headers
      -isystem /usr/local/cuda-12.9/targets/x86_64-linux/include/cccl
      -isystem /venv/main/lib/python3.12/site-packages/nvidia/cudnn/include
      --expt-relaxed-constexpr -O3 -Xfatbin -compress-all
      --threads 1 -O3 -DNDEBUG -std=c++17 -Xcompiler=-fPIC
      --generate-code=arch=compute_100,code=sm_100 --use_fast_math -MD -MT
      CMakeFiles/transformer_engine.dir/fused_softmax/scaled_masked_softmax.cu.o
      -MF
      CMakeFiles/transformer_engine.dir/fused_softmax/scaled_masked_softmax.cu.o.d
      -x cu -c
      /dev/shm/TransformerEngine/transformer_engine/common/fused_softmax/scaled_masked_softmax.cu
      -o
      CMakeFiles/transformer_engine.dir/fused_softmax/scaled_masked_softmax.cu.o
      /dev/shm/TransformerEngine/transformer_engine/common/fused_softmax/scaled_masked_softmax.cu:12:10:
      fatal error: cuda_profiler_api.h: No such file or directory
         12 | #include <cuda_profiler_api.h>
            |          ^~~~~~~~~~~~~~~~~~~~~
      compilation terminated.
      [10/99] /usr/bin/c++ -DNVTE_BUILD_LEGACY_STATIC_FUSED_SOFTMAX=0
      -DNVTE_BUILD_LEGACY_STATIC_NORM=0
      -DNVTE_BUILD_NUM_PHILOX_ROUNDS=10 -DNVTE_WITH_NCCL_EP
      -DNV_CUDNN_FRONTEND_USE_DYNAMIC_LOADING -Dtransformer_engine_EXPORTS
      -I/dev/shm/TransformerEngine/transformer_engine/common/..
      -I/dev/shm/TransformerEngine/transformer_engine/common/include
      -I/venv/main/lib/python3.12/site-packages/include
      -I/dev/shm/TransformerEngine/transformer_engine/common/../../3rdparty/cutlass/include
      -I/dev/shm/TransformerEngine/transformer_engine/common/../../3rdparty/cutlass/tools/util/include
      -I/dev/shm/TransformerEngine/transformer_engine/common/../../3rdparty/nccl-extensions/build/include
      -I/dev/shm/TransformerEngine/build/temp.linux-x86_64-cpython-312/cmake-build-transformer_engine-3x47vimh/string_headers
      -isystem /usr/local/cuda-12.9/targets/x86_64-linux/include -isystem
      /usr/local/cuda-12.9/targets/x86_64-linux/include/cccl -isystem
      /venv/main/lib/python3.12/site-packages/nvidia/cudnn/include
      -O3 -DNDEBUG -std=gnu++17 -fPIC -MD -MT
      CMakeFiles/transformer_engine.dir/comm_gemm_overlap/userbuffers/ipcsocket.cc.o
      -MF
      CMakeFiles/transformer_engine.dir/comm_gemm_overlap/userbuffers/ipcsocket.cc.o.d
      -o
      CMakeFiles/transformer_engine.dir/comm_gemm_overlap/userbuffers/ipcsocket.cc.o
      -c
      /dev/shm/TransformerEngine/transformer_engine/common/comm_gemm_overlap/userbuffers/ipcsocket.cc
      [11/99] /usr/bin/c++ -DNVTE_BUILD_LEGACY_STATIC_FUSED_SOFTMAX=0
      -DNVTE_BUILD_LEGACY_STATIC_NORM=0
      -DNVTE_BUILD_NUM_PHILOX_ROUNDS=10 -DNVTE_WITH_NCCL_EP
      -DNV_CUDNN_FRONTEND_USE_DYNAMIC_LOADING -Dtransformer_engine_EXPORTS
      -I/dev/shm/TransformerEngine/transformer_engine/common/..
      -I/dev/shm/TransformerEngine/transformer_engine/common/include
      -I/venv/main/lib/python3.12/site-packages/include
      -I/dev/shm/TransformerEngine/transformer_engine/common/../../3rdparty/cutlass/include
      -I/dev/shm/TransformerEngine/transformer_engine/common/../../3rdparty/cutlass/tools/util/include
      -I/dev/shm/TransformerEngine/transformer_engine/common/../../3rdparty/nccl-extensions/build/include
      -I/dev/shm/TransformerEngine/build/temp.linux-x86_64-cpython-312/cmake-build-transformer_engine-3x47vimh/string_headers
      -isystem /usr/local/cuda-12.9/targets/x86_64-linux/include -isystem
      /usr/local/cuda-12.9/targets/x86_64-linux/include/cccl -isystem
      /venv/main/lib/python3.12/site-packages/nvidia/cudnn/include
      -O3 -DNDEBUG -std=gnu++17 -fPIC -MD -MT
      CMakeFiles/transformer_engine.dir/ep/ep_api.cpp.o -MF
      CMakeFiles/transformer_engine.dir/ep/ep_api.cpp.o.d -o
      CMakeFiles/transformer_engine.dir/ep/ep_api.cpp.o -c
      /dev/shm/TransformerEngine/transformer_engine/common/ep/ep_api.cpp
      FAILED: [code=1] CMakeFiles/transformer_engine.dir/ep/ep_api.cpp.o
      /usr/bin/c++ -DNVTE_BUILD_LEGACY_STATIC_FUSED_SOFTMAX=0
      -DNVTE_BUILD_LEGACY_STATIC_NORM=0
      -DNVTE_BUILD_NUM_PHILOX_ROUNDS=10 -DNVTE_WITH_NCCL_EP
      -DNV_CUDNN_FRONTEND_USE_DYNAMIC_LOADING -Dtransformer_engine_EXPORTS
      -I/dev/shm/TransformerEngine/transformer_engine/common/..
      -I/dev/shm/TransformerEngine/transformer_engine/common/include
      -I/venv/main/lib/python3.12/site-packages/include
      -I/dev/shm/TransformerEngine/transformer_engine/common/../../3rdparty/cutlass/include
      -I/dev/shm/TransformerEngine/transformer_engine/common/../../3rdparty/cutlass/tools/util/include
      -I/dev/shm/TransformerEngine/transformer_engine/common/../../3rdparty/nccl-extensions/build/include
      -I/dev/shm/TransformerEngine/build/temp.linux-x86_64-cpython-312/cmake-build-transformer_engine-3x47vimh/string_headers
      -isystem /usr/local/cuda-12.9/targets/x86_64-linux/include -isystem
      /usr/local/cuda-12.9/targets/x86_64-linux/include/cccl -isystem
      /venv/main/lib/python3.12/site-packages/nvidia/cudnn/include
      -O3 -DNDEBUG -std=gnu++17 -fPIC -MD -MT
      CMakeFiles/transformer_engine.dir/ep/ep_api.cpp.o -MF
      CMakeFiles/transformer_engine.dir/ep/ep_api.cpp.o.d -o
      CMakeFiles/transformer_engine.dir/ep/ep_api.cpp.o -c
      /dev/shm/TransformerEngine/transformer_engine/common/ep/ep_api.cpp
      In file included from
      /dev/shm/TransformerEngine/transformer_engine/common/ep/ep_api.cpp:20:
      /dev/shm/TransformerEngine/transformer_engine/common/ep/../util/logging.h:13:10:
      fatal error: nvrtc.h: No such file or directory
         13 | #include <nvrtc.h>
            |          ^~~~~~~~~
      compilation terminated.
      [12/99] /usr/bin/c++ -DNVTE_BUILD_LEGACY_STATIC_FUSED_SOFTMAX=0
      -DNVTE_BUILD_LEGACY_STATIC_NORM=0
      -DNVTE_BUILD_NUM_PHILOX_ROUNDS=10 -DNVTE_WITH_NCCL_EP
      -DNV_CUDNN_FRONTEND_USE_DYNAMIC_LOADING -Dtransformer_engine_EXPORTS
      -I/dev/shm/TransformerEngine/transformer_engine/common/..
      -I/dev/shm/TransformerEngine/transformer_engine/common/include
      -I/venv/main/lib/python3.12/site-packages/include
      -I/dev/shm/TransformerEngine/transformer_engine/common/../../3rdparty/cutlass/include
      -I/dev/shm/TransformerEngine/transformer_engine/common/../../3rdparty/cutlass/tools/util/include
      -I/dev/shm/TransformerEngine/transformer_engine/common/../../3rdparty/nccl-extensions/build/include
      -I/dev/shm/TransformerEngine/build/temp.linux-x86_64-cpython-312/cmake-build-transformer_engine-3x47vimh/string_headers
      -isystem /usr/local/cuda-12.9/targets/x86_64-linux/include -isystem
      /usr/local/cuda-12.9/targets/x86_64-linux/include/cccl -isystem
      /venv/main/lib/python3.12/site-packages/nvidia/cudnn/include
      -O3 -DNDEBUG -std=gnu++17 -fPIC -MD -MT
      CMakeFiles/transformer_engine.dir/util/multi_stream.cpp.o -MF
      CMakeFiles/transformer_engine.dir/util/multi_stream.cpp.o.d -o
      CMakeFiles/transformer_engine.dir/util/multi_stream.cpp.o -c
      /dev/shm/TransformerEngine/transformer_engine/common/util/multi_stream.cpp
      FAILED: [code=1]
      CMakeFiles/transformer_engine.dir/util/multi_stream.cpp.o
      /usr/bin/c++ -DNVTE_BUILD_LEGACY_STATIC_FUSED_SOFTMAX=0
      -DNVTE_BUILD_LEGACY_STATIC_NORM=0
      -DNVTE_BUILD_NUM_PHILOX_ROUNDS=10 -DNVTE_WITH_NCCL_EP
      -DNV_CUDNN_FRONTEND_USE_DYNAMIC_LOADING -Dtransformer_engine_EXPORTS
      -I/dev/shm/TransformerEngine/transformer_engine/common/..
      -I/dev/shm/TransformerEngine/transformer_engine/common/include
      -I/venv/main/lib/python3.12/site-packages/include
      -I/dev/shm/TransformerEngine/transformer_engine/common/../../3rdparty/cutlass/include
      -I/dev/shm/TransformerEngine/transformer_engine/common/../../3rdparty/cutlass/tools/util/include
      -I/dev/shm/TransformerEngine/transformer_engine/common/../../3rdparty/nccl-extensions/build/include
      -I/dev/shm/TransformerEngine/build/temp.linux-x86_64-cpython-312/cmake-build-transformer_engine-3x47vimh/string_headers
      -isystem /usr/local/cuda-12.9/targets/x86_64-linux/include -isystem
      /usr/local/cuda-12.9/targets/x86_64-linux/include/cccl -isystem
      /venv/main/lib/python3.12/site-packages/nvidia/cudnn/include
      -O3 -DNDEBUG -std=gnu++17 -fPIC -MD -MT
      CMakeFiles/transformer_engine.dir/util/multi_stream.cpp.o -MF
      CMakeFiles/transformer_engine.dir/util/multi_stream.cpp.o.d -o
      CMakeFiles/transformer_engine.dir/util/multi_stream.cpp.o -c
      /dev/shm/TransformerEngine/transformer_engine/common/util/multi_stream.cpp
      In file included from
      /dev/shm/TransformerEngine/transformer_engine/common/util/multi_stream.cpp:18:
      /dev/shm/TransformerEngine/transformer_engine/common/util/logging.h:13:10:
      fatal error: nvrtc.h: No such file or directory
         13 | #include <nvrtc.h>
            |          ^~~~~~~~~
      compilation terminated.
      [13/99] /usr/bin/c++ -DNVTE_BUILD_LEGACY_STATIC_FUSED_SOFTMAX=0
      -DNVTE_BUILD_LEGACY_STATIC_NORM=0
      -DNVTE_BUILD_NUM_PHILOX_ROUNDS=10 -DNVTE_WITH_NCCL_EP
      -DNV_CUDNN_FRONTEND_USE_DYNAMIC_LOADING -Dtransformer_engine_EXPORTS
      -I/dev/shm/TransformerEngine/transformer_engine/common/..
      -I/dev/shm/TransformerEngine/transformer_engine/common/include
      -I/venv/main/lib/python3.12/site-packages/include
      -I/dev/shm/TransformerEngine/transformer_engine/common/../../3rdparty/cutlass/include
      -I/dev/shm/TransformerEngine/transformer_engine/common/../../3rdparty/cutlass/tools/util/include
      -I/dev/shm/TransformerEngine/transformer_engine/common/../../3rdparty/nccl-extensions/build/include
      -I/dev/shm/TransformerEngine/build/temp.linux-x86_64-cpython-312/cmake-build-transformer_engine-3x47vimh/string_headers
      -isystem /usr/local/cuda-12.9/targets/x86_64-linux/include -isystem
      /usr/local/cuda-12.9/targets/x86_64-linux/include/cccl -isystem
      /venv/main/lib/python3.12/site-packages/nvidia/cudnn/include
      -O3 -DNDEBUG -std=gnu++17 -fPIC -MD -MT
      CMakeFiles/transformer_engine.dir/comm_gemm_overlap/userbuffers/userbuffers-host.cpp.o
      -MF
      CMakeFiles/transformer_engine.dir/comm_gemm_overlap/userbuffers/userbuffers-host.cpp.o.d
      -o
      CMakeFiles/transformer_engine.dir/comm_gemm_overlap/userbuffers/userbuffers-host.cpp.o
      -c
      /dev/shm/TransformerEngine/transformer_engine/common/comm_gemm_overlap/userbuffers/userbuffers-host.cpp
      FAILED: [code=1]
      CMakeFiles/transformer_engine.dir/comm_gemm_overlap/userbuffers/userbuffers-host.cpp.o
      /usr/bin/c++ -DNVTE_BUILD_LEGACY_STATIC_FUSED_SOFTMAX=0
      -DNVTE_BUILD_LEGACY_STATIC_NORM=0
      -DNVTE_BUILD_NUM_PHILOX_ROUNDS=10 -DNVTE_WITH_NCCL_EP
      -DNV_CUDNN_FRONTEND_USE_DYNAMIC_LOADING -Dtransformer_engine_EXPORTS
      -I/dev/shm/TransformerEngine/transformer_engine/common/..
      -I/dev/shm/TransformerEngine/transformer_engine/common/include
      -I/venv/main/lib/python3.12/site-packages/include
      -I/dev/shm/TransformerEngine/transformer_engine/common/../../3rdparty/cutlass/include
      -I/dev/shm/TransformerEngine/transformer_engine/common/../../3rdparty/cutlass/tools/util/include
      -I/dev/shm/TransformerEngine/transformer_engine/common/../../3rdparty/nccl-extensions/build/include
      -I/dev/shm/TransformerEngine/build/temp.linux-x86_64-cpython-312/cmake-build-transformer_engine-3x47vimh/string_headers
      -isystem /usr/local/cuda-12.9/targets/x86_64-linux/include -isystem
      /usr/local/cuda-12.9/targets/x86_64-linux/include/cccl -isystem
      /venv/main/lib/python3.12/site-packages/nvidia/cudnn/include
      -O3 -DNDEBUG -std=gnu++17 -fPIC -MD -MT
      CMakeFiles/transformer_engine.dir/comm_gemm_overlap/userbuffers/userbuffers-host.cpp.o
      -MF
      CMakeFiles/transformer_engine.dir/comm_gemm_overlap/userbuffers/userbuffers-host.cpp.o.d
      -o
      CMakeFiles/transformer_engine.dir/comm_gemm_overlap/userbuffers/userbuffers-host.cpp.o
      -c
      /dev/shm/TransformerEngine/transformer_engine/common/comm_gemm_overlap/userbuffers/userbuffers-host.cpp
      In file included from
      /dev/shm/TransformerEngine/transformer_engine/common/../common/util/../common.h:44,
                       from
      /dev/shm/TransformerEngine/transformer_engine/common/../common/util/cuda_driver.h:16,
                       from
      /dev/shm/TransformerEngine/transformer_engine/common/comm_gemm_overlap/userbuffers/userbuffers-host.cpp:22:
      /dev/shm/TransformerEngine/transformer_engine/common/../common/util/.././util/logging.h:13:10:
      fatal error: nvrtc.h: No such file or directory
         13 | #include <nvrtc.h>
            |          ^~~~~~~~~
      compilation terminated.
      [14/99] /usr/bin/c++ -DNVTE_BUILD_LEGACY_STATIC_FUSED_SOFTMAX=0
      -DNVTE_BUILD_LEGACY_STATIC_NORM=0
      -DNVTE_BUILD_NUM_PHILOX_ROUNDS=10 -DNVTE_WITH_NCCL_EP
      -DNV_CUDNN_FRONTEND_USE_DYNAMIC_LOADING -Dtransformer_engine_EXPORTS
      -I/dev/shm/TransformerEngine/transformer_engine/common/..
      -I/dev/shm/TransformerEngine/transformer_engine/common/include
      -I/venv/main/lib/python3.12/site-packages/include
      -I/dev/shm/TransformerEngine/transformer_engine/common/../../3rdparty/cutlass/include
      -I/dev/shm/TransformerEngine/transformer_engine/common/../../3rdparty/cutlass/tools/util/include
      -I/dev/shm/TransformerEngine/transformer_engine/common/../../3rdparty/nccl-extensions/build/include
      -I/dev/shm/TransformerEngine/build/temp.linux-x86_64-cpython-312/cmake-build-transformer_engine-3x47vimh/string_headers
      -isystem /usr/local/cuda-12.9/targets/x86_64-linux/include -isystem
      /usr/local/cuda-12.9/targets/x86_64-linux/include/cccl -isystem
      /venv/main/lib/python3.12/site-packages/nvidia/cudnn/include
      -O3 -DNDEBUG -std=gnu++17 -fPIC -MD -MT
      CMakeFiles/transformer_engine.dir/util/cuda_driver.cpp.o -MF
      CMakeFiles/transformer_engine.dir/util/cuda_driver.cpp.o.d -o
      CMakeFiles/transformer_engine.dir/util/cuda_driver.cpp.o -c
      /dev/shm/TransformerEngine/transformer_engine/common/util/cuda_driver.cpp
      FAILED: [code=1] CMakeFiles/transformer_engine.dir/util/cuda_driver.cpp.o
      /usr/bin/c++ -DNVTE_BUILD_LEGACY_STATIC_FUSED_SOFTMAX=0
      -DNVTE_BUILD_LEGACY_STATIC_NORM=0
      -DNVTE_BUILD_NUM_PHILOX_ROUNDS=10 -DNVTE_WITH_NCCL_EP
      -DNV_CUDNN_FRONTEND_USE_DYNAMIC_LOADING -Dtransformer_engine_EXPORTS
      -I/dev/shm/TransformerEngine/transformer_engine/common/..
      -I/dev/shm/TransformerEngine/transformer_engine/common/include
      -I/venv/main/lib/python3.12/site-packages/include
      -I/dev/shm/TransformerEngine/transformer_engine/common/../../3rdparty/cutlass/include
      -I/dev/shm/TransformerEngine/transformer_engine/common/../../3rdparty/cutlass/tools/util/include
      -I/dev/shm/TransformerEngine/transformer_engine/common/../../3rdparty/nccl-extensions/build/include
      -I/dev/shm/TransformerEngine/build/temp.linux-x86_64-cpython-312/cmake-build-transformer_engine-3x47vimh/string_headers
      -isystem /usr/local/cuda-12.9/targets/x86_64-linux/include -isystem
      /usr/local/cuda-12.9/targets/x86_64-linux/include/cccl -isystem
      /venv/main/lib/python3.12/site-packages/nvidia/cudnn/include
      -O3 -DNDEBUG -std=gnu++17 -fPIC -MD -MT
      CMakeFiles/transformer_engine.dir/util/cuda_driver.cpp.o -MF
      CMakeFiles/transformer_engine.dir/util/cuda_driver.cpp.o.d -o
      CMakeFiles/transformer_engine.dir/util/cuda_driver.cpp.o -c
      /dev/shm/TransformerEngine/transformer_engine/common/util/cuda_driver.cpp
      In file included from
      /dev/shm/TransformerEngine/transformer_engine/common/util/../common.h:44,
                       from
      /dev/shm/TransformerEngine/transformer_engine/common/util/cuda_driver.cpp:9:
      /dev/shm/TransformerEngine/transformer_engine/common/util/.././util/logging.h:13:10:
      fatal error: nvrtc.h: No such file or directory
         13 | #include <nvrtc.h>
            |          ^~~~~~~~~
      compilation terminated.
      [15/99] /usr/local/cuda-12.9/bin/nvcc -forward-unknown-to-host-compiler
      -DNVTE_BUILD_LEGACY_STATIC_FUSED_SOFTMAX=0
      -DNVTE_BUILD_LEGACY_STATIC_NORM=0
      -DNVTE_BUILD_NUM_PHILOX_ROUNDS=10 -DNVTE_WITH_NCCL_EP
      -DNV_CUDNN_FRONTEND_USE_DYNAMIC_LOADING -Dtransformer_engine_EXPORTS
      -I/dev/shm/TransformerEngine/transformer_engine/common/..
      -I/dev/shm/TransformerEngine/transformer_engine/common/include
      -I/venv/main/lib/python3.12/site-packages/include
      -I/dev/shm/TransformerEngine/transformer_engine/common/../../3rdparty/cutlass/include
      -I/dev/shm/TransformerEngine/transformer_engine/common/../../3rdparty/cutlass/tools/util/include
      -I/dev/shm/TransformerEngine/transformer_engine/common/../../3rdparty/nccl-extensions/build/include
      -I/dev/shm/TransformerEngine/build/temp.linux-x86_64-cpython-312/cmake-build-transformer_engine-3x47vimh/string_headers
      -isystem /usr/local/cuda-12.9/targets/x86_64-linux/include/cccl
      -isystem /venv/main/lib/python3.12/site-packages/nvidia/cudnn/include
      --expt-relaxed-constexpr -O3 -Xfatbin -compress-all
      --threads 1 -O3 -DNDEBUG -std=c++17 -Xcompiler=-fPIC
      --generate-code=arch=compute_100,code=sm_100 -MD -MT
      CMakeFiles/transformer_engine.dir/comm_gemm_overlap/userbuffers/userbuffers.cu.o
      -MF
      CMakeFiles/transformer_engine.dir/comm_gemm_overlap/userbuffers/userbuffers.cu.o.d
      -x cu -c
      /dev/shm/TransformerEngine/transformer_engine/common/comm_gemm_overlap/userbuffers/userbuffers.cu
      -o
      CMakeFiles/transformer_engine.dir/comm_gemm_overlap/userbuffers/userbuffers.cu.o
      FAILED: [code=1]
      CMakeFiles/transformer_engine.dir/comm_gemm_overlap/userbuffers/userbuffers.cu.o
      /usr/local/cuda-12.9/bin/nvcc -forward-unknown-to-host-compiler
      -DNVTE_BUILD_LEGACY_STATIC_FUSED_SOFTMAX=0
      -DNVTE_BUILD_LEGACY_STATIC_NORM=0
      -DNVTE_BUILD_NUM_PHILOX_ROUNDS=10 -DNVTE_WITH_NCCL_EP
      -DNV_CUDNN_FRONTEND_USE_DYNAMIC_LOADING -Dtransformer_engine_EXPORTS
      -I/dev/shm/TransformerEngine/transformer_engine/common/..
      -I/dev/shm/TransformerEngine/transformer_engine/common/include
      -I/venv/main/lib/python3.12/site-packages/include
      -I/dev/shm/TransformerEngine/transformer_engine/common/../../3rdparty/cutlass/include
      -I/dev/shm/TransformerEngine/transformer_engine/common/../../3rdparty/cutlass/tools/util/include
      -I/dev/shm/TransformerEngine/transformer_engine/common/../../3rdparty/nccl-extensions/build/include
      -I/dev/shm/TransformerEngine/build/temp.linux-x86_64-cpython-312/cmake-build-transformer_engine-3x47vimh/string_headers
      -isystem /usr/local/cuda-12.9/targets/x86_64-linux/include/cccl
      -isystem /venv/main/lib/python3.12/site-packages/nvidia/cudnn/include
      --expt-relaxed-constexpr -O3 -Xfatbin -compress-all
      --threads 1 -O3 -DNDEBUG -std=c++17 -Xcompiler=-fPIC
      --generate-code=arch=compute_100,code=sm_100 -MD -MT
      CMakeFiles/transformer_engine.dir/comm_gemm_overlap/userbuffers/userbuffers.cu.o
      -MF
      CMakeFiles/transformer_engine.dir/comm_gemm_overlap/userbuffers/userbuffers.cu.o.d
      -x cu -c
      /dev/shm/TransformerEngine/transformer_engine/common/comm_gemm_overlap/userbuffers/userbuffers.cu
      -o
      CMakeFiles/transformer_engine.dir/comm_gemm_overlap/userbuffers/userbuffers.cu.o
      In file included from
      /dev/shm/TransformerEngine/transformer_engine/common/../common/util/system.h:17,
                       from
      /dev/shm/TransformerEngine/transformer_engine/common/comm_gemm_overlap/userbuffers/userbuffers.cu:21:
      /dev/shm/TransformerEngine/transformer_engine/common/../common/util/logging.h:13:10:
      fatal error: nvrtc.h: No such file or directory
         13 | #include <nvrtc.h>
            |          ^~~~~~~~~
      compilation terminated.
      [16/99] /usr/local/cuda-12.9/bin/nvcc -forward-unknown-to-host-compiler
      -DNVTE_BUILD_LEGACY_STATIC_FUSED_SOFTMAX=0
      -DNVTE_BUILD_LEGACY_STATIC_NORM=0
      -DNVTE_BUILD_NUM_PHILOX_ROUNDS=10 -DNVTE_WITH_NCCL_EP
      -DNV_CUDNN_FRONTEND_USE_DYNAMIC_LOADING -Dtransformer_engine_EXPORTS
      -I/dev/shm/TransformerEngine/transformer_engine/common/..
      -I/dev/shm/TransformerEngine/transformer_engine/common/include
      -I/venv/main/lib/python3.12/site-packages/include
      -I/dev/shm/TransformerEngine/transformer_engine/common/../../3rdparty/cutlass/include
      -I/dev/shm/TransformerEngine/transformer_engine/common/../../3rdparty/cutlass/tools/util/include
      -I/dev/shm/TransformerEngine/transformer_engine/common/../../3rdparty/nccl-extensions/build/include
      -I/dev/shm/TransformerEngine/build/temp.linux-x86_64-cpython-312/cmake-build-transformer_engine-3x47vimh/string_headers
      -isystem /usr/local/cuda-12.9/targets/x86_64-linux/include/cccl
      -isystem /venv/main/lib/python3.12/site-packages/nvidia/cudnn/include
      --expt-relaxed-constexpr -O3 -Xfatbin -compress-all
      --threads 1 -O3 -DNDEBUG -std=c++17 -Xcompiler=-fPIC
      --generate-code=arch=compute_100a,code=sm_100a
      --generate-code=arch=compute_103a,code=sm_103a -MD -MT
      CMakeFiles/transformer_engine.dir/activation/gelu_grouped.cu.o -MF
      CMakeFiles/transformer_engine.dir/activation/gelu_grouped.cu.o.d -x cu -c
      /dev/shm/TransformerEngine/transformer_engine/common/activation/gelu_grouped.cu
      -o CMakeFiles/transformer_engine.dir/activation/gelu_grouped.cu.o
      FAILED: [code=1]
      CMakeFiles/transformer_engine.dir/activation/gelu_grouped.cu.o
      /usr/local/cuda-12.9/bin/nvcc -forward-unknown-to-host-compiler
      -DNVTE_BUILD_LEGACY_STATIC_FUSED_SOFTMAX=0
      -DNVTE_BUILD_LEGACY_STATIC_NORM=0
      -DNVTE_BUILD_NUM_PHILOX_ROUNDS=10 -DNVTE_WITH_NCCL_EP
      -DNV_CUDNN_FRONTEND_USE_DYNAMIC_LOADING -Dtransformer_engine_EXPORTS
      -I/dev/shm/TransformerEngine/transformer_engine/common/..
      -I/dev/shm/TransformerEngine/transformer_engine/common/include
      -I/venv/main/lib/python3.12/site-packages/include
      -I/dev/shm/TransformerEngine/transformer_engine/common/../../3rdparty/cutlass/include
      -I/dev/shm/TransformerEngine/transformer_engine/common/../../3rdparty/cutlass/tools/util/include
      -I/dev/shm/TransformerEngine/transformer_engine/common/../../3rdparty/nccl-extensions/build/include
      -I/dev/shm/TransformerEngine/build/temp.linux-x86_64-cpython-312/cmake-build-transformer_engine-3x47vimh/string_headers
      -isystem /usr/local/cuda-12.9/targets/x86_64-linux/include/cccl
      -isystem /venv/main/lib/python3.12/site-packages/nvidia/cudnn/include
      --expt-relaxed-constexpr -O3 -Xfatbin -compress-all
      --threads 1 -O3 -DNDEBUG -std=c++17 -Xcompiler=-fPIC
      --generate-code=arch=compute_100a,code=sm_100a
      --generate-code=arch=compute_103a,code=sm_103a -MD -MT
      CMakeFiles/transformer_engine.dir/activation/gelu_grouped.cu.o -MF
      CMakeFiles/transformer_engine.dir/activation/gelu_grouped.cu.o.d -x cu -c
      /dev/shm/TransformerEngine/transformer_engine/common/activation/gelu_grouped.cu
      -o CMakeFiles/transformer_engine.dir/activation/gelu_grouped.cu.o
      In file included from
      /dev/shm/TransformerEngine/transformer_engine/common/activation/./../cast/dispatch/../../common.h:44,
                       from
      /dev/shm/TransformerEngine/transformer_engine/common/activation/./../cast/dispatch/gated.cuh:16,
                       from
      /dev/shm/TransformerEngine/transformer_engine/common/activation/./activation_template.h:17,
                       from
      /dev/shm/TransformerEngine/transformer_engine/common/activation/gelu_grouped.cu:8:
      /dev/shm/TransformerEngine/transformer_engine/common/activation/./../cast/dispatch/../.././util/logging.h:13:10:
      fatal error: nvrtc.h: No such file or directory
         13 | #include <nvrtc.h>
            |          ^~~~~~~~~
      compilation terminated.
      [17/99] /usr/local/cuda-12.9/bin/nvcc -forward-unknown-to-host-compiler
      -DNVTE_BUILD_LEGACY_STATIC_FUSED_SOFTMAX=0
      -DNVTE_BUILD_LEGACY_STATIC_NORM=0
      -DNVTE_BUILD_NUM_PHILOX_ROUNDS=10 -DNVTE_WITH_NCCL_EP
      -DNV_CUDNN_FRONTEND_USE_DYNAMIC_LOADING -Dtransformer_engine_EXPORTS
      -I/dev/shm/TransformerEngine/transformer_engine/common/..
      -I/dev/shm/TransformerEngine/transformer_engine/common/include
      -I/venv/main/lib/python3.12/site-packages/include
      -I/dev/shm/TransformerEngine/transformer_engine/common/../../3rdparty/cutlass/include
      -I/dev/shm/TransformerEngine/transformer_engine/common/../../3rdparty/cutlass/tools/util/include
      -I/dev/shm/TransformerEngine/transformer_engine/common/../../3rdparty/nccl-extensions/build/include
      -I/dev/shm/TransformerEngine/build/temp.linux-x86_64-cpython-312/cmake-build-transformer_engine-3x47vimh/string_headers
      -isystem /usr/local/cuda-12.9/targets/x86_64-linux/include/cccl
      -isystem /venv/main/lib/python3.12/site-packages/nvidia/cudnn/include
      --expt-relaxed-constexpr -O3 -Xfatbin -compress-all
      --threads 1 -O3 -DNDEBUG -std=c++17 -Xcompiler=-fPIC
      --generate-code=arch=compute_100,code=sm_100 --use_fast_math -MD
      -MT CMakeFiles/transformer_engine.dir/multi_tensor/sgd.cu.o -MF
      CMakeFiles/transformer_engine.dir/multi_tensor/sgd.cu.o.d -x cu -c
      /dev/shm/TransformerEngine/transformer_engine/common/multi_tensor/sgd.cu
      -o CMakeFiles/transformer_engine.dir/multi_tensor/sgd.cu.o
      FAILED: [code=1] CMakeFiles/transformer_engine.dir/multi_tensor/sgd.cu.o
      /usr/local/cuda-12.9/bin/nvcc -forward-unknown-to-host-compiler
      -DNVTE_BUILD_LEGACY_STATIC_FUSED_SOFTMAX=0
      -DNVTE_BUILD_LEGACY_STATIC_NORM=0
      -DNVTE_BUILD_NUM_PHILOX_ROUNDS=10 -DNVTE_WITH_NCCL_EP
      -DNV_CUDNN_FRONTEND_USE_DYNAMIC_LOADING -Dtransformer_engine_EXPORTS
      -I/dev/shm/TransformerEngine/transformer_engine/common/..
      -I/dev/shm/TransformerEngine/transformer_engine/common/include
      -I/venv/main/lib/python3.12/site-packages/include
      -I/dev/shm/TransformerEngine/transformer_engine/common/../../3rdparty/cutlass/include
      -I/dev/shm/TransformerEngine/transformer_engine/common/../../3rdparty/cutlass/tools/util/include
      -I/dev/shm/TransformerEngine/transformer_engine/common/../../3rdparty/nccl-extensions/build/include
      -I/dev/shm/TransformerEngine/build/temp.linux-x86_64-cpython-312/cmake-build-transformer_engine-3x47vimh/string_headers
      -isystem /usr/local/cuda-12.9/targets/x86_64-linux/include/cccl
      -isystem /venv/main/lib/python3.12/site-packages/nvidia/cudnn/include
      --expt-relaxed-constexpr -O3 -Xfatbin -compress-all
      --threads 1 -O3 -DNDEBUG -std=c++17 -Xcompiler=-fPIC
      --generate-code=arch=compute_100,code=sm_100 --use_fast_math -MD
      -MT CMakeFiles/transformer_engine.dir/multi_tensor/sgd.cu.o -MF
      CMakeFiles/transformer_engine.dir/multi_tensor/sgd.cu.o.d -x cu -c
      /dev/shm/TransformerEngine/transformer_engine/common/multi_tensor/sgd.cu
      -o CMakeFiles/transformer_engine.dir/multi_tensor/sgd.cu.o
      In file included from
      /dev/shm/TransformerEngine/transformer_engine/common/multi_tensor/../common.h:44,
                       from
      /dev/shm/TransformerEngine/transformer_engine/common/multi_tensor/multi_tensor_apply.cuh:13,
                       from
      /dev/shm/TransformerEngine/transformer_engine/common/multi_tensor/sgd.cu:13:
      /dev/shm/TransformerEngine/transformer_engine/common/multi_tensor/.././util/logging.h:13:10:
      fatal error: nvrtc.h: No such file or directory
         13 | #include <nvrtc.h>
            |          ^~~~~~~~~
      compilation terminated.
      [18/99] /usr/bin/c++ -DNVTE_BUILD_LEGACY_STATIC_FUSED_SOFTMAX=0
      -DNVTE_BUILD_LEGACY_STATIC_NORM=0
      -DNVTE_BUILD_NUM_PHILOX_ROUNDS=10 -DNVTE_WITH_NCCL_EP
      -DNV_CUDNN_FRONTEND_USE_DYNAMIC_LOADING -Dtransformer_engine_EXPORTS
      -I/dev/shm/TransformerEngine/transformer_engine/common/..
      -I/dev/shm/TransformerEngine/transformer_engine/common/include
      -I/venv/main/lib/python3.12/site-packages/include
      -I/dev/shm/TransformerEngine/transformer_engine/common/../../3rdparty/cutlass/include
      -I/dev/shm/TransformerEngine/transformer_engine/common/../../3rdparty/cutlass/tools/util/include
      -I/dev/shm/TransformerEngine/transformer_engine/common/../../3rdparty/nccl-extensions/build/include
      -I/dev/shm/TransformerEngine/build/temp.linux-x86_64-cpython-312/cmake-build-transformer_engine-3x47vimh/string_headers
      -isystem /usr/local/cuda-12.9/targets/x86_64-linux/include -isystem
      /usr/local/cuda-12.9/targets/x86_64-linux/include/cccl -isystem
      /venv/main/lib/python3.12/site-packages/nvidia/cudnn/include
      -O3 -DNDEBUG -std=gnu++17 -fPIC -MD -MT
      CMakeFiles/transformer_engine.dir/fused_attn/fused_attn.cpp.o -MF
      CMakeFiles/transformer_engine.dir/fused_attn/fused_attn.cpp.o.d -o
      CMakeFiles/transformer_engine.dir/fused_attn/fused_attn.cpp.o -c
      /dev/shm/TransformerEngine/transformer_engine/common/fused_attn/fused_attn.cpp
      FAILED: [code=1]
      CMakeFiles/transformer_engine.dir/fused_attn/fused_attn.cpp.o
      /usr/bin/c++ -DNVTE_BUILD_LEGACY_STATIC_FUSED_SOFTMAX=0
      -DNVTE_BUILD_LEGACY_STATIC_NORM=0
      -DNVTE_BUILD_NUM_PHILOX_ROUNDS=10 -DNVTE_WITH_NCCL_EP
      -DNV_CUDNN_FRONTEND_USE_DYNAMIC_LOADING -Dtransformer_engine_EXPORTS
      -I/dev/shm/TransformerEngine/transformer_engine/common/..
      -I/dev/shm/TransformerEngine/transformer_engine/common/include
      -I/venv/main/lib/python3.12/site-packages/include
      -I/dev/shm/TransformerEngine/transformer_engine/common/../../3rdparty/cutlass/include
      -I/dev/shm/TransformerEngine/transformer_engine/common/../../3rdparty/cutlass/tools/util/include
      -I/dev/shm/TransformerEngine/transformer_engine/common/../../3rdparty/nccl-extensions/build/include
      -I/dev/shm/TransformerEngine/build/temp.linux-x86_64-cpython-312/cmake-build-transformer_engine-3x47vimh/string_headers
      -isystem /usr/local/cuda-12.9/targets/x86_64-linux/include -isystem
      /usr/local/cuda-12.9/targets/x86_64-linux/include/cccl -isystem
      /venv/main/lib/python3.12/site-packages/nvidia/cudnn/include
      -O3 -DNDEBUG -std=gnu++17 -fPIC -MD -MT
      CMakeFiles/transformer_engine.dir/fused_attn/fused_attn.cpp.o -MF
      CMakeFiles/transformer_engine.dir/fused_attn/fused_attn.cpp.o.d -o
      CMakeFiles/transformer_engine.dir/fused_attn/fused_attn.cpp.o -c
      /dev/shm/TransformerEngine/transformer_engine/common/fused_attn/fused_attn.cpp
      In file included from
      /dev/shm/TransformerEngine/transformer_engine/common/fused_attn/../common.h:44,
                       from
      /dev/shm/TransformerEngine/transformer_engine/common/fused_attn/fused_attn.cpp:9:
      /dev/shm/TransformerEngine/transformer_engine/common/fused_attn/.././util/logging.h:13:10:
      fatal error: nvrtc.h: No such file or directory
         13 | #include <nvrtc.h>
            |          ^~~~~~~~~
      compilation terminated.
      [19/99] /usr/local/cuda-12.9/bin/nvcc -forward-unknown-to-host-compiler
      -DNVTE_BUILD_LEGACY_STATIC_FUSED_SOFTMAX=0
      -DNVTE_BUILD_LEGACY_STATIC_NORM=0
      -DNVTE_BUILD_NUM_PHILOX_ROUNDS=10 -DNVTE_WITH_NCCL_EP
      -DNV_CUDNN_FRONTEND_USE_DYNAMIC_LOADING -Dtransformer_engine_EXPORTS
      -I/dev/shm/TransformerEngine/transformer_engine/common/..
      -I/dev/shm/TransformerEngine/transformer_engine/common/include
      -I/venv/main/lib/python3.12/site-packages/include
      -I/dev/shm/TransformerEngine/transformer_engine/common/../../3rdparty/cutlass/include
      -I/dev/shm/TransformerEngine/transformer_engine/common/../../3rdparty/cutlass/tools/util/include
      -I/dev/shm/TransformerEngine/transformer_engine/common/../../3rdparty/nccl-extensions/build/include
      -I/dev/shm/TransformerEngine/build/temp.linux-x86_64-cpython-312/cmake-build-transformer_engine-3x47vimh/string_headers
      -isystem /usr/local/cuda-12.9/targets/x86_64-linux/include/cccl
      -isystem /venv/main/lib/python3.12/site-packages/nvidia/cudnn/include
      --expt-relaxed-constexpr -O3 -Xfatbin -compress-all
      --threads 1 -O3 -DNDEBUG -std=c++17 -Xcompiler=-fPIC
      --generate-code=arch=compute_100a,code=sm_100a
      --generate-code=arch=compute_103a,code=sm_103a -MD -MT
      CMakeFiles/transformer_engine.dir/activation/scaled_swiglu.cu.o -MF
      CMakeFiles/transformer_engine.dir/activation/scaled_swiglu.cu.o.d -x cu -c
      /dev/shm/TransformerEngine/transformer_engine/common/activation/scaled_swiglu.cu
      -o CMakeFiles/transformer_engine.dir/activation/scaled_swiglu.cu.o
      FAILED: [code=1]
      CMakeFiles/transformer_engine.dir/activation/scaled_swiglu.cu.o
      /usr/local/cuda-12.9/bin/nvcc -forward-unknown-to-host-compiler
      -DNVTE_BUILD_LEGACY_STATIC_FUSED_SOFTMAX=0
      -DNVTE_BUILD_LEGACY_STATIC_NORM=0
      -DNVTE_BUILD_NUM_PHILOX_ROUNDS=10 -DNVTE_WITH_NCCL_EP
      -DNV_CUDNN_FRONTEND_USE_DYNAMIC_LOADING -Dtransformer_engine_EXPORTS
      -I/dev/shm/TransformerEngine/transformer_engine/common/..
      -I/dev/shm/TransformerEngine/transformer_engine/common/include
      -I/venv/main/lib/python3.12/site-packages/include
      -I/dev/shm/TransformerEngine/transformer_engine/common/../../3rdparty/cutlass/include
      -I/dev/shm/TransformerEngine/transformer_engine/common/../../3rdparty/cutlass/tools/util/include
      -I/dev/shm/TransformerEngine/transformer_engine/common/../../3rdparty/nccl-extensions/build/include
      -I/dev/shm/TransformerEngine/build/temp.linux-x86_64-cpython-312/cmake-build-transformer_engine-3x47vimh/string_headers
      -isystem /usr/local/cuda-12.9/targets/x86_64-linux/include/cccl
      -isystem /venv/main/lib/python3.12/site-packages/nvidia/cudnn/include
      --expt-relaxed-constexpr -O3 -Xfatbin -compress-all
      --threads 1 -O3 -DNDEBUG -std=c++17 -Xcompiler=-fPIC
      --generate-code=arch=compute_100a,code=sm_100a
      --generate-code=arch=compute_103a,code=sm_103a -MD -MT
      CMakeFiles/transformer_engine.dir/activation/scaled_swiglu.cu.o -MF
      CMakeFiles/transformer_engine.dir/activation/scaled_swiglu.cu.o.d -x cu -c
      /dev/shm/TransformerEngine/transformer_engine/common/activation/scaled_swiglu.cu
      -o CMakeFiles/transformer_engine.dir/activation/scaled_swiglu.cu.o
      In file included from
      /dev/shm/TransformerEngine/transformer_engine/common/activation/../common.h:44,
                       from
      /dev/shm/TransformerEngine/transformer_engine/common/activation/scaled_swiglu.cu:9:
      /dev/shm/TransformerEngine/transformer_engine/common/activation/.././util/logging.h:13:10:
      fatal error: nvrtc.h: No such file or directory
         13 | #include <nvrtc.h>
            |          ^~~~~~~~~
      compilation terminated.
      [20/99] /usr/local/cuda-12.9/bin/nvcc -forward-unknown-to-host-compiler
      -DNVTE_BUILD_LEGACY_STATIC_FUSED_SOFTMAX=0
      -DNVTE_BUILD_LEGACY_STATIC_NORM=0
      -DNVTE_BUILD_NUM_PHILOX_ROUNDS=10 -DNVTE_WITH_NCCL_EP
      -DNV_CUDNN_FRONTEND_USE_DYNAMIC_LOADING -Dtransformer_engine_EXPORTS
      -I/dev/shm/TransformerEngine/transformer_engine/common/..
      -I/dev/shm/TransformerEngine/transformer_engine/common/include
      -I/venv/main/lib/python3.12/site-packages/include
      -I/dev/shm/TransformerEngine/transformer_engine/common/../../3rdparty/cutlass/include
      -I/dev/shm/TransformerEngine/transformer_engine/common/../../3rdparty/cutlass/tools/util/include
      -I/dev/shm/TransformerEngine/transformer_engine/common/../../3rdparty/nccl-extensions/build/include
      -I/dev/shm/TransformerEngine/build/temp.linux-x86_64-cpython-312/cmake-build-transformer_engine-3x47vimh/string_headers
      -isystem /usr/local/cuda-12.9/targets/x86_64-linux/include/cccl
      -isystem /venv/main/lib/python3.12/site-packages/nvidia/cudnn/include
      --expt-relaxed-constexpr -O3 -Xfatbin -compress-all
      --threads 1 -O3 -DNDEBUG -std=c++17 -Xcompiler=-fPIC
      --generate-code=arch=compute_100,code=sm_100 --use_fast_math -MD
      -MT CMakeFiles/transformer_engine.dir/multi_tensor/scale.cu.o -MF
      CMakeFiles/transformer_engine.dir/multi_tensor/scale.cu.o.d -x cu -c
      /dev/shm/TransformerEngine/transformer_engine/common/multi_tensor/scale.cu
      -o CMakeFiles/transformer_engine.dir/multi_tensor/scale.cu.o
      FAILED: [code=1]
      CMakeFiles/transformer_engine.dir/multi_tensor/scale.cu.o
      /usr/local/cuda-12.9/bin/nvcc -forward-unknown-to-host-compiler
      -DNVTE_BUILD_LEGACY_STATIC_FUSED_SOFTMAX=0
      -DNVTE_BUILD_LEGACY_STATIC_NORM=0
      -DNVTE_BUILD_NUM_PHILOX_ROUNDS=10 -DNVTE_WITH_NCCL_EP
      -DNV_CUDNN_FRONTEND_USE_DYNAMIC_LOADING -Dtransformer_engine_EXPORTS
      -I/dev/shm/TransformerEngine/transformer_engine/common/..
      -I/dev/shm/TransformerEngine/transformer_engine/common/include
      -I/venv/main/lib/python3.12/site-packages/include
      -I/dev/shm/TransformerEngine/transformer_engine/common/../../3rdparty/cutlass/include
      -I/dev/shm/TransformerEngine/transformer_engine/common/../../3rdparty/cutlass/tools/util/include
      -I/dev/shm/TransformerEngine/transformer_engine/common/../../3rdparty/nccl-extensions/build/include
      -I/dev/shm/TransformerEngine/build/temp.linux-x86_64-cpython-312/cmake-build-transformer_engine-3x47vimh/string_headers
      -isystem /usr/local/cuda-12.9/targets/x86_64-linux/include/cccl
      -isystem /venv/main/lib/python3.12/site-packages/nvidia/cudnn/include
      --expt-relaxed-constexpr -O3 -Xfatbin -compress-all
      --threads 1 -O3 -DNDEBUG -std=c++17 -Xcompiler=-fPIC
      --generate-code=arch=compute_100,code=sm_100 --use_fast_math -MD
      -MT CMakeFiles/transformer_engine.dir/multi_tensor/scale.cu.o -MF
      CMakeFiles/transformer_engine.dir/multi_tensor/scale.cu.o.d -x cu -c
      /dev/shm/TransformerEngine/transformer_engine/common/multi_tensor/scale.cu
      -o CMakeFiles/transformer_engine.dir/multi_tensor/scale.cu.o
      In file included from
      /dev/shm/TransformerEngine/transformer_engine/common/multi_tensor/../common.h:44,
                       from
      /dev/shm/TransformerEngine/transformer_engine/common/multi_tensor/multi_tensor_apply.cuh:13,
                       from
      /dev/shm/TransformerEngine/transformer_engine/common/multi_tensor/scale.cu:17:
      /dev/shm/TransformerEngine/transformer_engine/common/multi_tensor/.././util/logging.h:13:10:
      fatal error: nvrtc.h: No such file or directory
         13 | #include <nvrtc.h>
            |          ^~~~~~~~~
      compilation terminated.
      [21/99] /usr/local/cuda-12.9/bin/nvcc -forward-unknown-to-host-compiler
      -DNVTE_BUILD_LEGACY_STATIC_FUSED_SOFTMAX=0
      -DNVTE_BUILD_LEGACY_STATIC_NORM=0
      -DNVTE_BUILD_NUM_PHILOX_ROUNDS=10 -DNVTE_WITH_NCCL_EP
      -DNV_CUDNN_FRONTEND_USE_DYNAMIC_LOADING -Dtransformer_engine_EXPORTS
      -I/dev/shm/TransformerEngine/transformer_engine/common/..
      -I/dev/shm/TransformerEngine/transformer_engine/common/include
      -I/venv/main/lib/python3.12/site-packages/include
      -I/dev/shm/TransformerEngine/transformer_engine/common/../../3rdparty/cutlass/include
      -I/dev/shm/TransformerEngine/transformer_engine/common/../../3rdparty/cutlass/tools/util/include
      -I/dev/shm/TransformerEngine/transformer_engine/common/../../3rdparty/nccl-extensions/build/include
      -I/dev/shm/TransformerEngine/build/temp.linux-x86_64-cpython-312/cmake-build-transformer_engine-3x47vimh/string_headers
      -isystem /usr/local/cuda-12.9/targets/x86_64-linux/include/cccl
      -isystem /venv/main/lib/python3.12/site-packages/nvidia/cudnn/include
      --expt-relaxed-constexpr -O3 -Xfatbin -compress-all
      --threads 1 -O3 -DNDEBUG -std=c++17 -Xcompiler=-fPIC
      --generate-code=arch=compute_100,code=sm_100 -MD -MT
      CMakeFiles/transformer_engine.dir/transpose/swap_first_dims.cu.o -MF
      CMakeFiles/transformer_engine.dir/transpose/swap_first_dims.cu.o.d
      -x cu -c
      /dev/shm/TransformerEngine/transformer_engine/common/transpose/swap_first_dims.cu
      -o CMakeFiles/transformer_engine.dir/transpose/swap_first_dims.cu.o
      FAILED: [code=1]
      CMakeFiles/transformer_engine.dir/transpose/swap_first_dims.cu.o
      /usr/local/cuda-12.9/bin/nvcc -forward-unknown-to-host-compiler
      -DNVTE_BUILD_LEGACY_STATIC_FUSED_SOFTMAX=0
      -DNVTE_BUILD_LEGACY_STATIC_NORM=0
      -DNVTE_BUILD_NUM_PHILOX_ROUNDS=10 -DNVTE_WITH_NCCL_EP
      -DNV_CUDNN_FRONTEND_USE_DYNAMIC_LOADING -Dtransformer_engine_EXPORTS
      -I/dev/shm/TransformerEngine/transformer_engine/common/..
      -I/dev/shm/TransformerEngine/transformer_engine/common/include
      -I/venv/main/lib/python3.12/site-packages/include
      -I/dev/shm/TransformerEngine/transformer_engine/common/../../3rdparty/cutlass/include
      -I/dev/shm/TransformerEngine/transformer_engine/common/../../3rdparty/cutlass/tools/util/include
      -I/dev/shm/TransformerEngine/transformer_engine/common/../../3rdparty/nccl-extensions/build/include
      -I/dev/shm/TransformerEngine/build/temp.linux-x86_64-cpython-312/cmake-build-transformer_engine-3x47vimh/string_headers
      -isystem /usr/local/cuda-12.9/targets/x86_64-linux/include/cccl
      -isystem /venv/main/lib/python3.12/site-packages/nvidia/cudnn/include
      --expt-relaxed-constexpr -O3 -Xfatbin -compress-all
      --threads 1 -O3 -DNDEBUG -std=c++17 -Xcompiler=-fPIC
      --generate-code=arch=compute_100,code=sm_100 -MD -MT
      CMakeFiles/transformer_engine.dir/transpose/swap_first_dims.cu.o -MF
      CMakeFiles/transformer_engine.dir/transpose/swap_first_dims.cu.o.d
      -x cu -c
      /dev/shm/TransformerEngine/transformer_engine/common/transpose/swap_first_dims.cu
      -o CMakeFiles/transformer_engine.dir/transpose/swap_first_dims.cu.o
      In file included from
      /dev/shm/TransformerEngine/transformer_engine/common/transpose/../common.h:44,
                       from
      /dev/shm/TransformerEngine/transformer_engine/common/transpose/swap_first_dims.cu:14:
      /dev/shm/TransformerEngine/transformer_engine/common/transpose/.././util/logging.h:13:10:
      fatal error: nvrtc.h: No such file or directory
         13 | #include <nvrtc.h>
            |          ^~~~~~~~~
      compilation terminated.
      [22/99] /usr/local/cuda-12.9/bin/nvcc -forward-unknown-to-host-compiler
      -DNVTE_BUILD_LEGACY_STATIC_FUSED_SOFTMAX=0
      -DNVTE_BUILD_LEGACY_STATIC_NORM=0
      -DNVTE_BUILD_NUM_PHILOX_ROUNDS=10 -DNVTE_WITH_NCCL_EP
      -DNV_CUDNN_FRONTEND_USE_DYNAMIC_LOADING -Dtransformer_engine_EXPORTS
      -I/dev/shm/TransformerEngine/transformer_engine/common/..
      -I/dev/shm/TransformerEngine/transformer_engine/common/include
      -I/venv/main/lib/python3.12/site-packages/include
      -I/dev/shm/TransformerEngine/transformer_engine/common/../../3rdparty/cutlass/include
      -I/dev/shm/TransformerEngine/transformer_engine/common/../../3rdparty/cutlass/tools/util/include
      -I/dev/shm/TransformerEngine/transformer_engine/common/../../3rdparty/nccl-extensions/build/include
      -I/dev/shm/TransformerEngine/build/temp.linux-x86_64-cpython-312/cmake-build-transformer_engine-3x47vimh/string_headers
      -isystem /usr/local/cuda-12.9/targets/x86_64-linux/include/cccl
      -isystem /venv/main/lib/python3.12/site-packages/nvidia/cudnn/include
      --expt-relaxed-constexpr -O3 -Xfatbin -compress-all
      --threads 1 -O3 -DNDEBUG -std=c++17 -Xcompiler=-fPIC
      --generate-code=arch=compute_100a,code=sm_100a
      --generate-code=arch=compute_103a,code=sm_103a -MD -MT
      CMakeFiles/transformer_engine.dir/cast/cast_dbias.cu.o -MF
      CMakeFiles/transformer_engine.dir/cast/cast_dbias.cu.o.d -x cu -c
      /dev/shm/TransformerEngine/transformer_engine/common/cast/cast_dbias.cu
      -o CMakeFiles/transformer_engine.dir/cast/cast_dbias.cu.o
      FAILED: [code=1] CMakeFiles/transformer_engine.dir/cast/cast_dbias.cu.o
      /usr/local/cuda-12.9/bin/nvcc -forward-unknown-to-host-compiler
      -DNVTE_BUILD_LEGACY_STATIC_FUSED_SOFTMAX=0
      -DNVTE_BUILD_LEGACY_STATIC_NORM=0
      -DNVTE_BUILD_NUM_PHILOX_ROUNDS=10 -DNVTE_WITH_NCCL_EP
      -DNV_CUDNN_FRONTEND_USE_DYNAMIC_LOADING -Dtransformer_engine_EXPORTS
      -I/dev/shm/TransformerEngine/transformer_engine/common/..
      -I/dev/shm/TransformerEngine/transformer_engine/common/include
      -I/venv/main/lib/python3.12/site-packages/include
      -I/dev/shm/TransformerEngine/transformer_engine/common/../../3rdparty/cutlass/include
      -I/dev/shm/TransformerEngine/transformer_engine/common/../../3rdparty/cutlass/tools/util/include
      -I/dev/shm/TransformerEngine/transformer_engine/common/../../3rdparty/nccl-extensions/build/include
      -I/dev/shm/TransformerEngine/build/temp.linux-x86_64-cpython-312/cmake-build-transformer_engine-3x47vimh/string_headers
      -isystem /usr/local/cuda-12.9/targets/x86_64-linux/include/cccl
      -isystem /venv/main/lib/python3.12/site-packages/nvidia/cudnn/include
      --expt-relaxed-constexpr -O3 -Xfatbin -compress-all
      --threads 1 -O3 -DNDEBUG -std=c++17 -Xcompiler=-fPIC
      --generate-code=arch=compute_100a,code=sm_100a
      --generate-code=arch=compute_103a,code=sm_103a -MD -MT
      CMakeFiles/transformer_engine.dir/cast/cast_dbias.cu.o -MF
      CMakeFiles/transformer_engine.dir/cast/cast_dbias.cu.o.d -x cu -c
      /dev/shm/TransformerEngine/transformer_engine/common/cast/cast_dbias.cu
      -o CMakeFiles/transformer_engine.dir/cast/cast_dbias.cu.o
      In file included from
      /dev/shm/TransformerEngine/transformer_engine/common/cast/../common.h:44,
                       from
      /dev/shm/TransformerEngine/transformer_engine/common/cast/cast_dbias.cu:10:
      /dev/shm/TransformerEngine/transformer_engine/common/cast/.././util/logging.h:13:10:
      fatal error: nvrtc.h: No such file or directory
         13 | #include <nvrtc.h>
            |          ^~~~~~~~~
      compilation terminated.
      [23/99] /usr/local/cuda-12.9/bin/nvcc -forward-unknown-to-host-compiler
      -DNVTE_BUILD_LEGACY_STATIC_FUSED_SOFTMAX=0
      -DNVTE_BUILD_LEGACY_STATIC_NORM=0
      -DNVTE_BUILD_NUM_PHILOX_ROUNDS=10 -DNVTE_WITH_NCCL_EP
      -DNV_CUDNN_FRONTEND_USE_DYNAMIC_LOADING -Dtransformer_engine_EXPORTS
      -I/dev/shm/TransformerEngine/transformer_engine/common/..
      -I/dev/shm/TransformerEngine/transformer_engine/common/include
      -I/venv/main/lib/python3.12/site-packages/include
      -I/dev/shm/TransformerEngine/transformer_engine/common/../../3rdparty/cutlass/include
      -I/dev/shm/TransformerEngine/transformer_engine/common/../../3rdparty/cutlass/tools/util/include
      -I/dev/shm/TransformerEngine/transformer_engine/common/../../3rdparty/nccl-extensions/build/include
      -I/dev/shm/TransformerEngine/build/temp.linux-x86_64-cpython-312/cmake-build-transformer_engine-3x47vimh/string_headers
      -isystem /usr/local/cuda-12.9/targets/x86_64-linux/include/cccl
      -isystem /venv/main/lib/python3.12/site-packages/nvidia/cudnn/include
      --expt-relaxed-constexpr -O3 -Xfatbin -compress-all
      --threads 1 -O3 -DNDEBUG -std=c++17 -Xcompiler=-fPIC
      --generate-code=arch=compute_100a,code=sm_100a
      --generate-code=arch=compute_103a,code=sm_103a -MD -MT
      CMakeFiles/transformer_engine.dir/activation/swiglu_grouped.cu.o -MF
      CMakeFiles/transformer_engine.dir/activation/swiglu_grouped.cu.o.d
      -x cu -c
      /dev/shm/TransformerEngine/transformer_engine/common/activation/swiglu_grouped.cu
      -o CMakeFiles/transformer_engine.dir/activation/swiglu_grouped.cu.o
      FAILED: [code=1]
      CMakeFiles/transformer_engine.dir/activation/swiglu_grouped.cu.o
      /usr/local/cuda-12.9/bin/nvcc -forward-unknown-to-host-compiler
      -DNVTE_BUILD_LEGACY_STATIC_FUSED_SOFTMAX=0
      -DNVTE_BUILD_LEGACY_STATIC_NORM=0
      -DNVTE_BUILD_NUM_PHILOX_ROUNDS=10 -DNVTE_WITH_NCCL_EP
      -DNV_CUDNN_FRONTEND_USE_DYNAMIC_LOADING -Dtransformer_engine_EXPORTS
      -I/dev/shm/TransformerEngine/transformer_engine/common/..
      -I/dev/shm/TransformerEngine/transformer_engine/common/include
      -I/venv/main/lib/python3.12/site-packages/include
      -I/dev/shm/TransformerEngine/transformer_engine/common/../../3rdparty/cutlass/include
      -I/dev/shm/TransformerEngine/transformer_engine/common/../../3rdparty/cutlass/tools/util/include
      -I/dev/shm/TransformerEngine/transformer_engine/common/../../3rdparty/nccl-extensions/build/include
      -I/dev/shm/TransformerEngine/build/temp.linux-x86_64-cpython-312/cmake-build-transformer_engine-3x47vimh/string_headers
      -isystem /usr/local/cuda-12.9/targets/x86_64-linux/include/cccl
      -isystem /venv/main/lib/python3.12/site-packages/nvidia/cudnn/include
      --expt-relaxed-constexpr -O3 -Xfatbin -compress-all
      --threads 1 -O3 -DNDEBUG -std=c++17 -Xcompiler=-fPIC
      --generate-code=arch=compute_100a,code=sm_100a
      --generate-code=arch=compute_103a,code=sm_103a -MD -MT
      CMakeFiles/transformer_engine.dir/activation/swiglu_grouped.cu.o -MF
      CMakeFiles/transformer_engine.dir/activation/swiglu_grouped.cu.o.d
      -x cu -c
      /dev/shm/TransformerEngine/transformer_engine/common/activation/swiglu_grouped.cu
      -o CMakeFiles/transformer_engine.dir/activation/swiglu_grouped.cu.o
      In file included from
      /dev/shm/TransformerEngine/transformer_engine/common/activation/./../cast/dispatch/../../common.h:44,
                       from
      /dev/shm/TransformerEngine/transformer_engine/common/activation/./../cast/dispatch/gated.cuh:16,
                       from
      /dev/shm/TransformerEngine/transformer_engine/common/activation/./activation_template.h:17,
                       from
      /dev/shm/TransformerEngine/transformer_engine/common/activation/swiglu_grouped.cu:8:
      /dev/shm/TransformerEngine/transformer_engine/common/activation/./../cast/dispatch/../.././util/logging.h:13:10:
      fatal error: nvrtc.h: No such file or directory
         13 | #include <nvrtc.h>
            |          ^~~~~~~~~
      compilation terminated.
      [24/99] /usr/local/cuda-12.9/bin/nvcc -forward-unknown-to-host-compiler
      -DNVTE_BUILD_LEGACY_STATIC_FUSED_SOFTMAX=0
      -DNVTE_BUILD_LEGACY_STATIC_NORM=0
      -DNVTE_BUILD_NUM_PHILOX_ROUNDS=10 -DNVTE_WITH_NCCL_EP
      -DNV_CUDNN_FRONTEND_USE_DYNAMIC_LOADING -Dtransformer_engine_EXPORTS
      -I/dev/shm/TransformerEngine/transformer_engine/common/..
      -I/dev/shm/TransformerEngine/transformer_engine/common/include
      -I/venv/main/lib/python3.12/site-packages/include
      -I/dev/shm/TransformerEngine/transformer_engine/common/../../3rdparty/cutlass/include
      -I/dev/shm/TransformerEngine/transformer_engine/common/../../3rdparty/cutlass/tools/util/include
      -I/dev/shm/TransformerEngine/transformer_engine/common/../../3rdparty/nccl-extensions/build/include
      -I/dev/shm/TransformerEngine/build/temp.linux-x86_64-cpython-312/cmake-build-transformer_engine-3x47vimh/string_headers
      -isystem /usr/local/cuda-12.9/targets/x86_64-linux/include/cccl
      -isystem /venv/main/lib/python3.12/site-packages/nvidia/cudnn/include
      --expt-relaxed-constexpr -O3 -Xfatbin -compress-all
      --threads 1 -O3 -DNDEBUG -std=c++17 -Xcompiler=-fPIC
      --generate-code=arch=compute_100a,code=sm_100a
      --generate-code=arch=compute_103a,code=sm_103a -MD -MT
      CMakeFiles/transformer_engine.dir/activation/swiglu_dbias.cu.o -MF
      CMakeFiles/transformer_engine.dir/activation/swiglu_dbias.cu.o.d -x cu -c
      /dev/shm/TransformerEngine/transformer_engine/common/activation/swiglu_dbias.cu
      -o CMakeFiles/transformer_engine.dir/activation/swiglu_dbias.cu.o
      FAILED: [code=1]
      CMakeFiles/transformer_engine.dir/activation/swiglu_dbias.cu.o
      /usr/local/cuda-12.9/bin/nvcc -forward-unknown-to-host-compiler
      -DNVTE_BUILD_LEGACY_STATIC_FUSED_SOFTMAX=0
      -DNVTE_BUILD_LEGACY_STATIC_NORM=0
      -DNVTE_BUILD_NUM_PHILOX_ROUNDS=10 -DNVTE_WITH_NCCL_EP
      -DNV_CUDNN_FRONTEND_USE_DYNAMIC_LOADING -Dtransformer_engine_EXPORTS
      -I/dev/shm/TransformerEngine/transformer_engine/common/..
      -I/dev/shm/TransformerEngine/transformer_engine/common/include
      -I/venv/main/lib/python3.12/site-packages/include
      -I/dev/shm/TransformerEngine/transformer_engine/common/../../3rdparty/cutlass/include
      -I/dev/shm/TransformerEngine/transformer_engine/common/../../3rdparty/cutlass/tools/util/include
      -I/dev/shm/TransformerEngine/transformer_engine/common/../../3rdparty/nccl-extensions/build/include
      -I/dev/shm/TransformerEngine/build/temp.linux-x86_64-cpython-312/cmake-build-transformer_engine-3x47vimh/string_headers
      -isystem /usr/local/cuda-12.9/targets/x86_64-linux/include/cccl
      -isystem /venv/main/lib/python3.12/site-packages/nvidia/cudnn/include
      --expt-relaxed-constexpr -O3 -Xfatbin -compress-all
      --threads 1 -O3 -DNDEBUG -std=c++17 -Xcompiler=-fPIC
      --generate-code=arch=compute_100a,code=sm_100a
      --generate-code=arch=compute_103a,code=sm_103a -MD -MT
      CMakeFiles/transformer_engine.dir/activation/swiglu_dbias.cu.o -MF
      CMakeFiles/transformer_engine.dir/activation/swiglu_dbias.cu.o.d -x cu -c
      /dev/shm/TransformerEngine/transformer_engine/common/activation/swiglu_dbias.cu
      -o CMakeFiles/transformer_engine.dir/activation/swiglu_dbias.cu.o
      In file included from
      /dev/shm/TransformerEngine/transformer_engine/common/activation/./../cast/dispatch/../../common.h:44,
                       from
      /dev/shm/TransformerEngine/transformer_engine/common/activation/./../cast/dispatch/gated.cuh:16,
                       from
      /dev/shm/TransformerEngine/transformer_engine/common/activation/./activation_template.h:17,
                       from
      /dev/shm/TransformerEngine/transformer_engine/common/activation/swiglu_dbias.cu:8:
      /dev/shm/TransformerEngine/transformer_engine/common/activation/./../cast/dispatch/../.././util/logging.h:13:10:
      fatal error: nvrtc.h: No such file or directory
         13 | #include <nvrtc.h>
            |          ^~~~~~~~~
      compilation terminated.
      [25/99] /usr/local/cuda-12.9/bin/nvcc -forward-unknown-to-host-compiler
      -DNVTE_BUILD_LEGACY_STATIC_FUSED_SOFTMAX=0
      -DNVTE_BUILD_LEGACY_STATIC_NORM=0
      -DNVTE_BUILD_NUM_PHILOX_ROUNDS=10 -DNVTE_WITH_NCCL_EP
      -DNV_CUDNN_FRONTEND_USE_DYNAMIC_LOADING -Dtransformer_engine_EXPORTS
      -I/dev/shm/TransformerEngine/transformer_engine/common/..
      -I/dev/shm/TransformerEngine/transformer_engine/common/include
      -I/venv/main/lib/python3.12/site-packages/include
      -I/dev/shm/TransformerEngine/transformer_engine/common/../../3rdparty/cutlass/include
      -I/dev/shm/TransformerEngine/transformer_engine/common/../../3rdparty/cutlass/tools/util/include
      -I/dev/shm/TransformerEngine/transformer_engine/common/../../3rdparty/nccl-extensions/build/include
      -I/dev/shm/TransformerEngine/build/temp.linux-x86_64-cpython-312/cmake-build-transformer_engine-3x47vimh/string_headers
      -isystem /usr/local/cuda-12.9/targets/x86_64-linux/include/cccl
      -isystem /venv/main/lib/python3.12/site-packages/nvidia/cudnn/include
      --expt-relaxed-constexpr -O3 -Xfatbin -compress-all
      --threads 1 -O3 -DNDEBUG -std=c++17 -Xcompiler=-fPIC
      --generate-code=arch=compute_100a,code=sm_100a
      --generate-code=arch=compute_103a,code=sm_103a -MD -MT
      CMakeFiles/transformer_engine.dir/recipe/mxfp8_scaling.cu.o -MF
      CMakeFiles/transformer_engine.dir/recipe/mxfp8_scaling.cu.o.d -x cu -c
      /dev/shm/TransformerEngine/transformer_engine/common/recipe/mxfp8_scaling.cu
      -o CMakeFiles/transformer_engine.dir/recipe/mxfp8_scaling.cu.o
      FAILED: [code=1]
      CMakeFiles/transformer_engine.dir/recipe/mxfp8_scaling.cu.o
      /usr/local/cuda-12.9/bin/nvcc -forward-unknown-to-host-compiler
      -DNVTE_BUILD_LEGACY_STATIC_FUSED_SOFTMAX=0
      -DNVTE_BUILD_LEGACY_STATIC_NORM=0
      -DNVTE_BUILD_NUM_PHILOX_ROUNDS=10 -DNVTE_WITH_NCCL_EP
      -DNV_CUDNN_FRONTEND_USE_DYNAMIC_LOADING -Dtransformer_engine_EXPORTS
      -I/dev/shm/TransformerEngine/transformer_engine/common/..
      -I/dev/shm/TransformerEngine/transformer_engine/common/include
      -I/venv/main/lib/python3.12/site-packages/include
      -I/dev/shm/TransformerEngine/transformer_engine/common/../../3rdparty/cutlass/include
      -I/dev/shm/TransformerEngine/transformer_engine/common/../../3rdparty/cutlass/tools/util/include
      -I/dev/shm/TransformerEngine/transformer_engine/common/../../3rdparty/nccl-extensions/build/include
      -I/dev/shm/TransformerEngine/build/temp.linux-x86_64-cpython-312/cmake-build-transformer_engine-3x47vimh/string_headers
      -isystem /usr/local/cuda-12.9/targets/x86_64-linux/include/cccl
      -isystem /venv/main/lib/python3.12/site-packages/nvidia/cudnn/include
      --expt-relaxed-constexpr -O3 -Xfatbin -compress-all
      --threads 1 -O3 -DNDEBUG -std=c++17 -Xcompiler=-fPIC
      --generate-code=arch=compute_100a,code=sm_100a
      --generate-code=arch=compute_103a,code=sm_103a -MD -MT
      CMakeFiles/transformer_engine.dir/recipe/mxfp8_scaling.cu.o -MF
      CMakeFiles/transformer_engine.dir/recipe/mxfp8_scaling.cu.o.d -x cu -c
      /dev/shm/TransformerEngine/transformer_engine/common/recipe/mxfp8_scaling.cu
      -o CMakeFiles/transformer_engine.dir/recipe/mxfp8_scaling.cu.o
      In file included from
      /dev/shm/TransformerEngine/transformer_engine/common/recipe/../common.h:44,
                       from
      /dev/shm/TransformerEngine/transformer_engine/common/recipe/mxfp8_scaling.cu:9:
      /dev/shm/TransformerEngine/transformer_engine/common/recipe/.././util/logging.h:13:10:
      fatal error: nvrtc.h: No such file or directory
         13 | #include <nvrtc.h>
            |          ^~~~~~~~~
      compilation terminated.
      [26/99] /usr/local/cuda-12.9/bin/nvcc -forward-unknown-to-host-compiler
      -DNVTE_BUILD_LEGACY_STATIC_FUSED_SOFTMAX=0
      -DNVTE_BUILD_LEGACY_STATIC_NORM=0
      -DNVTE_BUILD_NUM_PHILOX_ROUNDS=10 -DNVTE_WITH_NCCL_EP
      -DNV_CUDNN_FRONTEND_USE_DYNAMIC_LOADING -Dtransformer_engine_EXPORTS
      -I/dev/shm/TransformerEngine/transformer_engine/common/..
      -I/dev/shm/TransformerEngine/transformer_engine/common/include
      -I/venv/main/lib/python3.12/site-packages/include
      -I/dev/shm/TransformerEngine/transformer_engine/common/../../3rdparty/cutlass/include
      -I/dev/shm/TransformerEngine/transformer_engine/common/../../3rdparty/cutlass/tools/util/include
      -I/dev/shm/TransformerEngine/transformer_engine/common/../../3rdparty/nccl-extensions/build/include
      -I/dev/shm/TransformerEngine/build/temp.linux-x86_64-cpython-312/cmake-build-transformer_engine-3x47vimh/string_headers
      -isystem /usr/local/cuda-12.9/targets/x86_64-linux/include/cccl
      -isystem /venv/main/lib/python3.12/site-packages/nvidia/cudnn/include
      --expt-relaxed-constexpr -O3 -Xfatbin -compress-all
      --threads 1 -O3 -DNDEBUG -std=c++17 -Xcompiler=-fPIC
      --generate-code=arch=compute_100a,code=sm_100a
      --generate-code=arch=compute_103a,code=sm_103a -MD -MT
      CMakeFiles/transformer_engine.dir/activation/scaled_srelu.cu.o -MF
      CMakeFiles/transformer_engine.dir/activation/scaled_srelu.cu.o.d -x cu -c
      /dev/shm/TransformerEngine/transformer_engine/common/activation/scaled_srelu.cu
      -o CMakeFiles/transformer_engine.dir/activation/scaled_srelu.cu.o
      FAILED: [code=1]
      CMakeFiles/transformer_engine.dir/activation/scaled_srelu.cu.o
      /usr/local/cuda-12.9/bin/nvcc -forward-unknown-to-host-compiler
      -DNVTE_BUILD_LEGACY_STATIC_FUSED_SOFTMAX=0
      -DNVTE_BUILD_LEGACY_STATIC_NORM=0
      -DNVTE_BUILD_NUM_PHILOX_ROUNDS=10 -DNVTE_WITH_NCCL_EP
      -DNV_CUDNN_FRONTEND_USE_DYNAMIC_LOADING -Dtransformer_engine_EXPORTS
      -I/dev/shm/TransformerEngine/transformer_engine/common/..
      -I/dev/shm/TransformerEngine/transformer_engine/common/include
      -I/venv/main/lib/python3.12/site-packages/include
      -I/dev/shm/TransformerEngine/transformer_engine/common/../../3rdparty/cutlass/include
      -I/dev/shm/TransformerEngine/transformer_engine/common/../../3rdparty/cutlass/tools/util/include
      -I/dev/shm/TransformerEngine/transformer_engine/common/../../3rdparty/nccl-extensions/build/include
      -I/dev/shm/TransformerEngine/build/temp.linux-x86_64-cpython-312/cmake-build-transformer_engine-3x47vimh/string_headers
      -isystem /usr/local/cuda-12.9/targets/x86_64-linux/include/cccl
      -isystem /venv/main/lib/python3.12/site-packages/nvidia/cudnn/include
      --expt-relaxed-constexpr -O3 -Xfatbin -compress-all
      --threads 1 -O3 -DNDEBUG -std=c++17 -Xcompiler=-fPIC
      --generate-code=arch=compute_100a,code=sm_100a
      --generate-code=arch=compute_103a,code=sm_103a -MD -MT
      CMakeFiles/transformer_engine.dir/activation/scaled_srelu.cu.o -MF
      CMakeFiles/transformer_engine.dir/activation/scaled_srelu.cu.o.d -x cu -c
      /dev/shm/TransformerEngine/transformer_engine/common/activation/scaled_srelu.cu
      -o CMakeFiles/transformer_engine.dir/activation/scaled_srelu.cu.o
      In file included from
      /dev/shm/TransformerEngine/transformer_engine/common/activation/../common.h:44,
                       from
      /dev/shm/TransformerEngine/transformer_engine/common/activation/scaled_srelu.cu:9:
      /dev/shm/TransformerEngine/transformer_engine/common/activation/.././util/logging.h:13:10:
      fatal error: nvrtc.h: No such file or directory
         13 | #include <nvrtc.h>
            |          ^~~~~~~~~
      compilation terminated.
      [27/99] /usr/bin/c++ -DNVTE_BUILD_LEGACY_STATIC_FUSED_SOFTMAX=0
      -DNVTE_BUILD_LEGACY_STATIC_NORM=0
      -DNVTE_BUILD_NUM_PHILOX_ROUNDS=10 -DNVTE_WITH_NCCL_EP
      -DNV_CUDNN_FRONTEND_USE_DYNAMIC_LOADING -Dtransformer_engine_EXPORTS
      -I/dev/shm/TransformerEngine/transformer_engine/common/..
      -I/dev/shm/TransformerEngine/transformer_engine/common/include
      -I/venv/main/lib/python3.12/site-packages/include
      -I/dev/shm/TransformerEngine/transformer_engine/common/../../3rdparty/cutlass/include
      -I/dev/shm/TransformerEngine/transformer_engine/common/../../3rdparty/cutlass/tools/util/include
      -I/dev/shm/TransformerEngine/transformer_engine/common/../../3rdparty/nccl-extensions/build/include
      -I/dev/shm/TransformerEngine/build/temp.linux-x86_64-cpython-312/cmake-build-transformer_engine-3x47vimh/string_headers
      -isystem /usr/local/cuda-12.9/targets/x86_64-linux/include -isystem
      /usr/local/cuda-12.9/targets/x86_64-linux/include/cccl -isystem
      /venv/main/lib/python3.12/site-packages/nvidia/cudnn/include
      -O3 -DNDEBUG -std=gnu++17 -fPIC -MD -MT
      CMakeFiles/transformer_engine.dir/comm_gemm_overlap/comm_gemm_overlap.cpp.o
      -MF
      CMakeFiles/transformer_engine.dir/comm_gemm_overlap/comm_gemm_overlap.cpp.o.d
      -o
      CMakeFiles/transformer_engine.dir/comm_gemm_overlap/comm_gemm_overlap.cpp.o
      -c
      /dev/shm/TransformerEngine/transformer_engine/common/comm_gemm_overlap/comm_gemm_overlap.cpp
      FAILED: [code=1]
      CMakeFiles/transformer_engine.dir/comm_gemm_overlap/comm_gemm_overlap.cpp.o
      /usr/bin/c++ -DNVTE_BUILD_LEGACY_STATIC_FUSED_SOFTMAX=0
      -DNVTE_BUILD_LEGACY_STATIC_NORM=0
      -DNVTE_BUILD_NUM_PHILOX_ROUNDS=10 -DNVTE_WITH_NCCL_EP
      -DNV_CUDNN_FRONTEND_USE_DYNAMIC_LOADING -Dtransformer_engine_EXPORTS
      -I/dev/shm/TransformerEngine/transformer_engine/common/..
      -I/dev/shm/TransformerEngine/transformer_engine/common/include
      -I/venv/main/lib/python3.12/site-packages/include
      -I/dev/shm/TransformerEngine/transformer_engine/common/../../3rdparty/cutlass/include
      -I/dev/shm/TransformerEngine/transformer_engine/common/../../3rdparty/cutlass/tools/util/include
      -I/dev/shm/TransformerEngine/transformer_engine/common/../../3rdparty/nccl-extensions/build/include
      -I/dev/shm/TransformerEngine/build/temp.linux-x86_64-cpython-312/cmake-build-transformer_engine-3x47vimh/string_headers
      -isystem /usr/local/cuda-12.9/targets/x86_64-linux/include -isystem
      /usr/local/cuda-12.9/targets/x86_64-linux/include/cccl -isystem
      /venv/main/lib/python3.12/site-packages/nvidia/cudnn/include
      -O3 -DNDEBUG -std=gnu++17 -fPIC -MD -MT
      CMakeFiles/transformer_engine.dir/comm_gemm_overlap/comm_gemm_overlap.cpp.o
      -MF
      CMakeFiles/transformer_engine.dir/comm_gemm_overlap/comm_gemm_overlap.cpp.o.d
      -o
      CMakeFiles/transformer_engine.dir/comm_gemm_overlap/comm_gemm_overlap.cpp.o
      -c
      /dev/shm/TransformerEngine/transformer_engine/common/comm_gemm_overlap/comm_gemm_overlap.cpp
      In file included from
      /dev/shm/TransformerEngine/transformer_engine/common/../common/comm_gemm_overlap/userbuffers/userbuffers.h:18,
                       from
      /dev/shm/TransformerEngine/transformer_engine/common/include/transformer_engine/comm_gemm_overlap.h:18,
                       from
      /dev/shm/TransformerEngine/transformer_engine/common/comm_gemm_overlap/comm_gemm_overlap.cpp:8:
      /dev/shm/TransformerEngine/transformer_engine/common/../common/util/logging.h:13:10:
      fatal error: nvrtc.h: No such file or directory
         13 | #include <nvrtc.h>
            |          ^~~~~~~~~
      compilation terminated.
      [28/99] /usr/local/cuda-12.9/bin/nvcc -forward-unknown-to-host-compiler
      -DNVTE_BUILD_LEGACY_STATIC_FUSED_SOFTMAX=0
      -DNVTE_BUILD_LEGACY_STATIC_NORM=0
      -DNVTE_BUILD_NUM_PHILOX_ROUNDS=10 -DNVTE_WITH_NCCL_EP
      -DNV_CUDNN_FRONTEND_USE_DYNAMIC_LOADING -Dtransformer_engine_EXPORTS
      -I/dev/shm/TransformerEngine/transformer_engine/common/..
      -I/dev/shm/TransformerEngine/transformer_engine/common/include
      -I/venv/main/lib/python3.12/site-packages/include
      -I/dev/shm/TransformerEngine/transformer_engine/common/../../3rdparty/cutlass/include
      -I/dev/shm/TransformerEngine/transformer_engine/common/../../3rdparty/cutlass/tools/util/include
      -I/dev/shm/TransformerEngine/transformer_engine/common/../../3rdparty/nccl-extensions/build/include
      -I/dev/shm/TransformerEngine/build/temp.linux-x86_64-cpython-312/cmake-build-transformer_engine-3x47vimh/string_headers
      -isystem /usr/local/cuda-12.9/targets/x86_64-linux/include/cccl
      -isystem /venv/main/lib/python3.12/site-packages/nvidia/cudnn/include
      --expt-relaxed-constexpr -O3 -Xfatbin -compress-all
      --threads 1 -O3 -DNDEBUG -std=c++17 -Xcompiler=-fPIC
      --generate-code=arch=compute_100a,code=sm_100a
      --generate-code=arch=compute_103a,code=sm_103a -MD -MT
      CMakeFiles/transformer_engine.dir/activation/gelu_grouped_dbias.cu.o -MF
      CMakeFiles/transformer_engine.dir/activation/gelu_grouped_dbias.cu.o.d
      -x cu -c
      /dev/shm/TransformerEngine/transformer_engine/common/activation/gelu_grouped_dbias.cu
      -o CMakeFiles/transformer_engine.dir/activation/gelu_grouped_dbias.cu.o
      FAILED: [code=1]
      CMakeFiles/transformer_engine.dir/activation/gelu_grouped_dbias.cu.o
      /usr/local/cuda-12.9/bin/nvcc -forward-unknown-to-host-compiler
      -DNVTE_BUILD_LEGACY_STATIC_FUSED_SOFTMAX=0
      -DNVTE_BUILD_LEGACY_STATIC_NORM=0
      -DNVTE_BUILD_NUM_PHILOX_ROUNDS=10 -DNVTE_WITH_NCCL_EP
      -DNV_CUDNN_FRONTEND_USE_DYNAMIC_LOADING -Dtransformer_engine_EXPORTS
      -I/dev/shm/TransformerEngine/transformer_engine/common/..
      -I/dev/shm/TransformerEngine/transformer_engine/common/include
      -I/venv/main/lib/python3.12/site-packages/include
      -I/dev/shm/TransformerEngine/transformer_engine/common/../../3rdparty/cutlass/include
      -I/dev/shm/TransformerEngine/transformer_engine/common/../../3rdparty/cutlass/tools/util/include
      -I/dev/shm/TransformerEngine/transformer_engine/common/../../3rdparty/nccl-extensions/build/include
      -I/dev/shm/TransformerEngine/build/temp.linux-x86_64-cpython-312/cmake-build-transformer_engine-3x47vimh/string_headers
      -isystem /usr/local/cuda-12.9/targets/x86_64-linux/include/cccl
      -isystem /venv/main/lib/python3.12/site-packages/nvidia/cudnn/include
      --expt-relaxed-constexpr -O3 -Xfatbin -compress-all
      --threads 1 -O3 -DNDEBUG -std=c++17 -Xcompiler=-fPIC
      --generate-code=arch=compute_100a,code=sm_100a
      --generate-code=arch=compute_103a,code=sm_103a -MD -MT
      CMakeFiles/transformer_engine.dir/activation/gelu_grouped_dbias.cu.o -MF
      CMakeFiles/transformer_engine.dir/activation/gelu_grouped_dbias.cu.o.d
      -x cu -c
      /dev/shm/TransformerEngine/transformer_engine/common/activation/gelu_grouped_dbias.cu
      -o CMakeFiles/transformer_engine.dir/activation/gelu_grouped_dbias.cu.o
      In file included from
      /dev/shm/TransformerEngine/transformer_engine/common/activation/./../cast/dispatch/../../common.h:44,
                       from
      /dev/shm/TransformerEngine/transformer_engine/common/activation/./../cast/dispatch/gated.cuh:16,
                       from
      /dev/shm/TransformerEngine/transformer_engine/common/activation/./activation_template.h:17,
                       from
      /dev/shm/TransformerEngine/transformer_engine/common/activation/gelu_grouped_dbias.cu:8:
      /dev/shm/TransformerEngine/transformer_engine/common/activation/./../cast/dispatch/../.././util/logging.h:13:10:
      fatal error: nvrtc.h: No such file or directory
         13 | #include <nvrtc.h>
            |          ^~~~~~~~~
      compilation terminated.
      [29/99] /usr/bin/c++ -DNVTE_BUILD_LEGACY_STATIC_FUSED_SOFTMAX=0
      -DNVTE_BUILD_LEGACY_STATIC_NORM=0
      -DNVTE_BUILD_NUM_PHILOX_ROUNDS=10 -DNVTE_WITH_NCCL_EP
      -DNV_CUDNN_FRONTEND_USE_DYNAMIC_LOADING -Dtransformer_engine_EXPORTS
      -I/dev/shm/TransformerEngine/transformer_engine/common/..
      -I/dev/shm/TransformerEngine/transformer_engine/common/include
      -I/venv/main/lib/python3.12/site-packages/include
      -I/dev/shm/TransformerEngine/transformer_engine/common/../../3rdparty/cutlass/include
      -I/dev/shm/TransformerEngine/transformer_engine/common/../../3rdparty/cutlass/tools/util/include
      -I/dev/shm/TransformerEngine/transformer_engine/common/../../3rdparty/nccl-extensions/build/include
      -I/dev/shm/TransformerEngine/build/temp.linux-x86_64-cpython-312/cmake-build-transformer_engine-3x47vimh/string_headers
      -isystem /usr/local/cuda-12.9/targets/x86_64-linux/include -isystem
      /usr/local/cuda-12.9/targets/x86_64-linux/include/cccl -isystem
      /venv/main/lib/python3.12/site-packages/nvidia/cudnn/include
      -O3 -DNDEBUG -std=gnu++17 -fPIC -MD -MT
      CMakeFiles/transformer_engine.dir/ep/nccl_ep_provider.cpp.o -MF
      CMakeFiles/transformer_engine.dir/ep/nccl_ep_provider.cpp.o.d -o
      CMakeFiles/transformer_engine.dir/ep/nccl_ep_provider.cpp.o -c
      /dev/shm/TransformerEngine/transformer_engine/common/ep/nccl_ep_provider.cpp
      FAILED: [code=1]
      CMakeFiles/transformer_engine.dir/ep/nccl_ep_provider.cpp.o
      /usr/bin/c++ -DNVTE_BUILD_LEGACY_STATIC_FUSED_SOFTMAX=0
      -DNVTE_BUILD_LEGACY_STATIC_NORM=0
      -DNVTE_BUILD_NUM_PHILOX_ROUNDS=10 -DNVTE_WITH_NCCL_EP
      -DNV_CUDNN_FRONTEND_USE_DYNAMIC_LOADING -Dtransformer_engine_EXPORTS
      -I/dev/shm/TransformerEngine/transformer_engine/common/..
      -I/dev/shm/TransformerEngine/transformer_engine/common/include
      -I/venv/main/lib/python3.12/site-packages/include
      -I/dev/shm/TransformerEngine/transformer_engine/common/../../3rdparty/cutlass/include
      -I/dev/shm/TransformerEngine/transformer_engine/common/../../3rdparty/cutlass/tools/util/include
      -I/dev/shm/TransformerEngine/transformer_engine/common/../../3rdparty/nccl-extensions/build/include
      -I/dev/shm/TransformerEngine/build/temp.linux-x86_64-cpython-312/cmake-build-transformer_engine-3x47vimh/string_headers
      -isystem /usr/local/cuda-12.9/targets/x86_64-linux/include -isystem
      /usr/local/cuda-12.9/targets/x86_64-linux/include/cccl -isystem
      /venv/main/lib/python3.12/site-packages/nvidia/cudnn/include
      -O3 -DNDEBUG -std=gnu++17 -fPIC -MD -MT
      CMakeFiles/transformer_engine.dir/ep/nccl_ep_provider.cpp.o -MF
      CMakeFiles/transformer_engine.dir/ep/nccl_ep_provider.cpp.o.d -o
      CMakeFiles/transformer_engine.dir/ep/nccl_ep_provider.cpp.o -c
      /dev/shm/TransformerEngine/transformer_engine/common/ep/nccl_ep_provider.cpp
      In file included from
      /dev/shm/TransformerEngine/transformer_engine/common/ep/nccl_ep_provider.cpp:24:
      /dev/shm/TransformerEngine/transformer_engine/common/ep/../util/logging.h:13:10:
      fatal error: nvrtc.h: No such file or directory
         13 | #include <nvrtc.h>
            |          ^~~~~~~~~
      compilation terminated.
      [30/99] /usr/local/cuda-12.9/bin/nvcc -forward-unknown-to-host-compiler
      -DNVTE_BUILD_LEGACY_STATIC_FUSED_SOFTMAX=0
      -DNVTE_BUILD_LEGACY_STATIC_NORM=0
      -DNVTE_BUILD_NUM_PHILOX_ROUNDS=10 -DNVTE_WITH_NCCL_EP
      -DNV_CUDNN_FRONTEND_USE_DYNAMIC_LOADING -Dtransformer_engine_EXPORTS
      -I/dev/shm/TransformerEngine/transformer_engine/common/..
      -I/dev/shm/TransformerEngine/transformer_engine/common/include
      -I/venv/main/lib/python3.12/site-packages/include
      -I/dev/shm/TransformerEngine/transformer_engine/common/../../3rdparty/cutlass/include
      -I/dev/shm/TransformerEngine/transformer_engine/common/../../3rdparty/cutlass/tools/util/include
      -I/dev/shm/TransformerEngine/transformer_engine/common/../../3rdparty/nccl-extensions/build/include
      -I/dev/shm/TransformerEngine/build/temp.linux-x86_64-cpython-312/cmake-build-transformer_engine-3x47vimh/string_headers
      -isystem /usr/local/cuda-12.9/targets/x86_64-linux/include/cccl
      -isystem /venv/main/lib/python3.12/site-packages/nvidia/cudnn/include
      --expt-relaxed-constexpr -O3 -Xfatbin -compress-all
      --threads 1 -O3 -DNDEBUG -std=c++17 -Xcompiler=-fPIC
      --generate-code=arch=compute_100a,code=sm_100a
      --generate-code=arch=compute_103a,code=sm_103a -MD -MT
      CMakeFiles/transformer_engine.dir/activation/gelu.cu.o -MF
      CMakeFiles/transformer_engine.dir/activation/gelu.cu.o.d -x cu -c
      /dev/shm/TransformerEngine/transformer_engine/common/activation/gelu.cu
      -o CMakeFiles/transformer_engine.dir/activation/gelu.cu.o
      FAILED: [code=1] CMakeFiles/transformer_engine.dir/activation/gelu.cu.o
      /usr/local/cuda-12.9/bin/nvcc -forward-unknown-to-host-compiler
      -DNVTE_BUILD_LEGACY_STATIC_FUSED_SOFTMAX=0
      -DNVTE_BUILD_LEGACY_STATIC_NORM=0
      -DNVTE_BUILD_NUM_PHILOX_ROUNDS=10 -DNVTE_WITH_NCCL_EP
      -DNV_CUDNN_FRONTEND_USE_DYNAMIC_LOADING -Dtransformer_engine_EXPORTS
      -I/dev/shm/TransformerEngine/transformer_engine/common/..
      -I/dev/shm/TransformerEngine/transformer_engine/common/include
      -I/venv/main/lib/python3.12/site-packages/include
      -I/dev/shm/TransformerEngine/transformer_engine/common/../../3rdparty/cutlass/include
      -I/dev/shm/TransformerEngine/transformer_engine/common/../../3rdparty/cutlass/tools/util/include
      -I/dev/shm/TransformerEngine/transformer_engine/common/../../3rdparty/nccl-extensions/build/include
      -I/dev/shm/TransformerEngine/build/temp.linux-x86_64-cpython-312/cmake-build-transformer_engine-3x47vimh/string_headers
      -isystem /usr/local/cuda-12.9/targets/x86_64-linux/include/cccl
      -isystem /venv/main/lib/python3.12/site-packages/nvidia/cudnn/include
      --expt-relaxed-constexpr -O3 -Xfatbin -compress-all
      --threads 1 -O3 -DNDEBUG -std=c++17 -Xcompiler=-fPIC
      --generate-code=arch=compute_100a,code=sm_100a
      --generate-code=arch=compute_103a,code=sm_103a -MD -MT
      CMakeFiles/transformer_engine.dir/activation/gelu.cu.o -MF
      CMakeFiles/transformer_engine.dir/activation/gelu.cu.o.d -x cu -c
      /dev/shm/TransformerEngine/transformer_engine/common/activation/gelu.cu
      -o CMakeFiles/transformer_engine.dir/activation/gelu.cu.o
      In file included from
      /dev/shm/TransformerEngine/transformer_engine/common/activation/./../cast/dispatch/../../common.h:44,
                       from
      /dev/shm/TransformerEngine/transformer_engine/common/activation/./../cast/dispatch/gated.cuh:16,
                       from
      /dev/shm/TransformerEngine/transformer_engine/common/activation/./activation_template.h:17,
                       from
      /dev/shm/TransformerEngine/transformer_engine/common/activation/gelu.cu:8:
      /dev/shm/TransformerEngine/transformer_engine/common/activation/./../cast/dispatch/../.././util/logging.h:13:10:
      fatal error: nvrtc.h: No such file or directory
         13 | #include <nvrtc.h>
            |          ^~~~~~~~~
      compilation terminated.
      [31/99] /usr/local/cuda-12.9/bin/nvcc -forward-unknown-to-host-compiler
      -DNVTE_BUILD_LEGACY_STATIC_FUSED_SOFTMAX=0
      -DNVTE_BUILD_LEGACY_STATIC_NORM=0
      -DNVTE_BUILD_NUM_PHILOX_ROUNDS=10 -DNVTE_WITH_NCCL_EP
      -DNV_CUDNN_FRONTEND_USE_DYNAMIC_LOADING -Dtransformer_engine_EXPORTS
      -I/dev/shm/TransformerEngine/transformer_engine/common/..
      -I/dev/shm/TransformerEngine/transformer_engine/common/include
      -I/venv/main/lib/python3.12/site-packages/include
      -I/dev/shm/TransformerEngine/transformer_engine/common/../../3rdparty/cutlass/include
      -I/dev/shm/TransformerEngine/transformer_engine/common/../../3rdparty/cutlass/tools/util/include
      -I/dev/shm/TransformerEngine/transformer_engine/common/../../3rdparty/nccl-extensions/build/include
      -I/dev/shm/TransformerEngine/build/temp.linux-x86_64-cpython-312/cmake-build-transformer_engine-3x47vimh/string_headers
      -isystem /usr/local/cuda-12.9/targets/x86_64-linux/include/cccl
      -isystem /venv/main/lib/python3.12/site-packages/nvidia/cudnn/include
      --expt-relaxed-constexpr -O3 -Xfatbin -compress-all
      --threads 1 -O3 -DNDEBUG -std=c++17 -Xcompiler=-fPIC
      --generate-code=arch=compute_100a,code=sm_100a
      --generate-code=arch=compute_103a,code=sm_103a -MD -MT
      CMakeFiles/transformer_engine.dir/activation/swiglu_grouped_dbias.cu.o -MF
      CMakeFiles/transformer_engine.dir/activation/swiglu_grouped_dbias.cu.o.d
      -x cu -c
      /dev/shm/TransformerEngine/transformer_engine/common/activation/swiglu_grouped_dbias.cu
      -o CMakeFiles/transformer_engine.dir/activation/swiglu_grouped_dbias.cu.o
      FAILED: [code=1]
      CMakeFiles/transformer_engine.dir/activation/swiglu_grouped_dbias.cu.o
      /usr/local/cuda-12.9/bin/nvcc -forward-unknown-to-host-compiler
      -DNVTE_BUILD_LEGACY_STATIC_FUSED_SOFTMAX=0
      -DNVTE_BUILD_LEGACY_STATIC_NORM=0
      -DNVTE_BUILD_NUM_PHILOX_ROUNDS=10 -DNVTE_WITH_NCCL_EP
      -DNV_CUDNN_FRONTEND_USE_DYNAMIC_LOADING -Dtransformer_engine_EXPORTS
      -I/dev/shm/TransformerEngine/transformer_engine/common/..
      -I/dev/shm/TransformerEngine/transformer_engine/common/include
      -I/venv/main/lib/python3.12/site-packages/include
      -I/dev/shm/TransformerEngine/transformer_engine/common/../../3rdparty/cutlass/include
      -I/dev/shm/TransformerEngine/transformer_engine/common/../../3rdparty/cutlass/tools/util/include
      -I/dev/shm/TransformerEngine/transformer_engine/common/../../3rdparty/nccl-extensions/build/include
      -I/dev/shm/TransformerEngine/build/temp.linux-x86_64-cpython-312/cmake-build-transformer_engine-3x47vimh/string_headers
      -isystem /usr/local/cuda-12.9/targets/x86_64-linux/include/cccl
      -isystem /venv/main/lib/python3.12/site-packages/nvidia/cudnn/include
      --expt-relaxed-constexpr -O3 -Xfatbin -compress-all
      --threads 1 -O3 -DNDEBUG -std=c++17 -Xcompiler=-fPIC
      --generate-code=arch=compute_100a,code=sm_100a
      --generate-code=arch=compute_103a,code=sm_103a -MD -MT
      CMakeFiles/transformer_engine.dir/activation/swiglu_grouped_dbias.cu.o -MF
      CMakeFiles/transformer_engine.dir/activation/swiglu_grouped_dbias.cu.o.d
      -x cu -c
      /dev/shm/TransformerEngine/transformer_engine/common/activation/swiglu_grouped_dbias.cu
      -o CMakeFiles/transformer_engine.dir/activation/swiglu_grouped_dbias.cu.o
      In file included from
      /dev/shm/TransformerEngine/transformer_engine/common/activation/./../cast/dispatch/../../common.h:44,
                       from
      /dev/shm/TransformerEngine/transformer_engine/common/activation/./../cast/dispatch/gated.cuh:16,
                       from
      /dev/shm/TransformerEngine/transformer_engine/common/activation/./activation_template.h:17,
                       from
      /dev/shm/TransformerEngine/transformer_engine/common/activation/swiglu_grouped_dbias.cu:8:
      /dev/shm/TransformerEngine/transformer_engine/common/activation/./../cast/dispatch/../.././util/logging.h:13:10:
      fatal error: nvrtc.h: No such file or directory
         13 | #include <nvrtc.h>
            |          ^~~~~~~~~
      compilation terminated.
      [32/99] /usr/local/cuda-12.9/bin/nvcc -forward-unknown-to-host-compiler
      -DNVTE_BUILD_LEGACY_STATIC_FUSED_SOFTMAX=0
      -DNVTE_BUILD_LEGACY_STATIC_NORM=0
      -DNVTE_BUILD_NUM_PHILOX_ROUNDS=10 -DNVTE_WITH_NCCL_EP
      -DNV_CUDNN_FRONTEND_USE_DYNAMIC_LOADING -Dtransformer_engine_EXPORTS
      -I/dev/shm/TransformerEngine/transformer_engine/common/..
      -I/dev/shm/TransformerEngine/transformer_engine/common/include
      -I/venv/main/lib/python3.12/site-packages/include
      -I/dev/shm/TransformerEngine/transformer_engine/common/../../3rdparty/cutlass/include
      -I/dev/shm/TransformerEngine/transformer_engine/common/../../3rdparty/cutlass/tools/util/include
      -I/dev/shm/TransformerEngine/transformer_engine/common/../../3rdparty/nccl-extensions/build/include
      -I/dev/shm/TransformerEngine/build/temp.linux-x86_64-cpython-312/cmake-build-transformer_engine-3x47vimh/string_headers
      -isystem /usr/local/cuda-12.9/targets/x86_64-linux/include/cccl
      -isystem /venv/main/lib/python3.12/site-packages/nvidia/cudnn/include
      --expt-relaxed-constexpr -O3 -Xfatbin -compress-all
      --threads 1 -O3 -DNDEBUG -std=c++17 -Xcompiler=-fPIC
      --generate-code=arch=compute_100,code=sm_100 -MD -MT
      CMakeFiles/transformer_engine.dir/util/padding.cu.o -MF
      CMakeFiles/transformer_engine.dir/util/padding.cu.o.d -x cu -c
      /dev/shm/TransformerEngine/transformer_engine/common/util/padding.cu -o
      CMakeFiles/transformer_engine.dir/util/padding.cu.o
      FAILED: [code=1] CMakeFiles/transformer_engine.dir/util/padding.cu.o
      /usr/local/cuda-12.9/bin/nvcc -forward-unknown-to-host-compiler
      -DNVTE_BUILD_LEGACY_STATIC_FUSED_SOFTMAX=0
      -DNVTE_BUILD_LEGACY_STATIC_NORM=0
      -DNVTE_BUILD_NUM_PHILOX_ROUNDS=10 -DNVTE_WITH_NCCL_EP
      -DNV_CUDNN_FRONTEND_USE_DYNAMIC_LOADING -Dtransformer_engine_EXPORTS
      -I/dev/shm/TransformerEngine/transformer_engine/common/..
      -I/dev/shm/TransformerEngine/transformer_engine/common/include
      -I/venv/main/lib/python3.12/site-packages/include
      -I/dev/shm/TransformerEngine/transformer_engine/common/../../3rdparty/cutlass/include
      -I/dev/shm/TransformerEngine/transformer_engine/common/../../3rdparty/cutlass/tools/util/include
      -I/dev/shm/TransformerEngine/transformer_engine/common/../../3rdparty/nccl-extensions/build/include
      -I/dev/shm/TransformerEngine/build/temp.linux-x86_64-cpython-312/cmake-build-transformer_engine-3x47vimh/string_headers
      -isystem /usr/local/cuda-12.9/targets/x86_64-linux/include/cccl
      -isystem /venv/main/lib/python3.12/site-packages/nvidia/cudnn/include
      --expt-relaxed-constexpr -O3 -Xfatbin -compress-all
      --threads 1 -O3 -DNDEBUG -std=c++17 -Xcompiler=-fPIC
      --generate-code=arch=compute_100,code=sm_100 -MD -MT
      CMakeFiles/transformer_engine.dir/util/padding.cu.o -MF
      CMakeFiles/transformer_engine.dir/util/padding.cu.o.d -x cu -c
      /dev/shm/TransformerEngine/transformer_engine/common/util/padding.cu -o
      CMakeFiles/transformer_engine.dir/util/padding.cu.o
      In file included from
      /dev/shm/TransformerEngine/transformer_engine/common/util/../common.h:44,
                       from
      /dev/shm/TransformerEngine/transformer_engine/common/util/padding.cu:14:
      /dev/shm/TransformerEngine/transformer_engine/common/util/.././util/logging.h:13:10:
      fatal error: nvrtc.h: No such file or directory
         13 | #include <nvrtc.h>
            |          ^~~~~~~~~
      compilation terminated.
      [33/99] /usr/local/cuda-12.9/bin/nvcc -forward-unknown-to-host-compiler
      -DNVTE_BUILD_LEGACY_STATIC_FUSED_SOFTMAX=0
      -DNVTE_BUILD_LEGACY_STATIC_NORM=0
      -DNVTE_BUILD_NUM_PHILOX_ROUNDS=10 -DNVTE_WITH_NCCL_EP
      -DNV_CUDNN_FRONTEND_USE_DYNAMIC_LOADING -Dtransformer_engine_EXPORTS
      -I/dev/shm/TransformerEngine/transformer_engine/common/..
      -I/dev/shm/TransformerEngine/transformer_engine/common/include
      -I/venv/main/lib/python3.12/site-packages/include
      -I/dev/shm/TransformerEngine/transformer_engine/common/../../3rdparty/cutlass/include
      -I/dev/shm/TransformerEngine/transformer_engine/common/../../3rdparty/cutlass/tools/util/include
      -I/dev/shm/TransformerEngine/transformer_engine/common/../../3rdparty/nccl-extensions/build/include
      -I/dev/shm/TransformerEngine/build/temp.linux-x86_64-cpython-312/cmake-build-transformer_engine-3x47vimh/string_headers
      -isystem /usr/local/cuda-12.9/targets/x86_64-linux/include/cccl
      -isystem /venv/main/lib/python3.12/site-packages/nvidia/cudnn/include
      --expt-relaxed-constexpr -O3 -Xfatbin -compress-all
      --threads 1 -O3 -DNDEBUG -std=c++17 -Xcompiler=-fPIC
      --generate-code=arch=compute_100,code=sm_100 -MD -MT
      CMakeFiles/transformer_engine.dir/swizzle/swizzle_block_scaling.cu.o -MF
      CMakeFiles/transformer_engine.dir/swizzle/swizzle_block_scaling.cu.o.d
      -x cu -c
      /dev/shm/TransformerEngine/transformer_engine/common/swizzle/swizzle_block_scaling.cu
      -o CMakeFiles/transformer_engine.dir/swizzle/swizzle_block_scaling.cu.o
      FAILED: [code=1]
      CMakeFiles/transformer_engine.dir/swizzle/swizzle_block_scaling.cu.o
      /usr/local/cuda-12.9/bin/nvcc -forward-unknown-to-host-compiler
      -DNVTE_BUILD_LEGACY_STATIC_FUSED_SOFTMAX=0
      -DNVTE_BUILD_LEGACY_STATIC_NORM=0
      -DNVTE_BUILD_NUM_PHILOX_ROUNDS=10 -DNVTE_WITH_NCCL_EP
      -DNV_CUDNN_FRONTEND_USE_DYNAMIC_LOADING -Dtransformer_engine_EXPORTS
      -I/dev/shm/TransformerEngine/transformer_engine/common/..
      -I/dev/shm/TransformerEngine/transformer_engine/common/include
      -I/venv/main/lib/python3.12/site-packages/include
      -I/dev/shm/TransformerEngine/transformer_engine/common/../../3rdparty/cutlass/include
      -I/dev/shm/TransformerEngine/transformer_engine/common/../../3rdparty/cutlass/tools/util/include
      -I/dev/shm/TransformerEngine/transformer_engine/common/../../3rdparty/nccl-extensions/build/include
      -I/dev/shm/TransformerEngine/build/temp.linux-x86_64-cpython-312/cmake-build-transformer_engine-3x47vimh/string_headers
      -isystem /usr/local/cuda-12.9/targets/x86_64-linux/include/cccl
      -isystem /venv/main/lib/python3.12/site-packages/nvidia/cudnn/include
      --expt-relaxed-constexpr -O3 -Xfatbin -compress-all
      --threads 1 -O3 -DNDEBUG -std=c++17 -Xcompiler=-fPIC
      --generate-code=arch=compute_100,code=sm_100 -MD -MT
      CMakeFiles/transformer_engine.dir/swizzle/swizzle_block_scaling.cu.o -MF
      CMakeFiles/transformer_engine.dir/swizzle/swizzle_block_scaling.cu.o.d
      -x cu -c
      /dev/shm/TransformerEngine/transformer_engine/common/swizzle/swizzle_block_scaling.cu
      -o CMakeFiles/transformer_engine.dir/swizzle/swizzle_block_scaling.cu.o
      In file included from
      /dev/shm/TransformerEngine/transformer_engine/common/swizzle/../common.h:44,
                       from
      /dev/shm/TransformerEngine/transformer_engine/common/swizzle/swizzle_block_scaling.cu:13:
      /dev/shm/TransformerEngine/transformer_engine/common/swizzle/.././util/logging.h:13:10:
      fatal error: nvrtc.h: No such file or directory
         13 | #include <nvrtc.h>
            |          ^~~~~~~~~
      compilation terminated.
      [34/99] /usr/local/cuda-12.9/bin/nvcc -forward-unknown-to-host-compiler
      -DNVTE_BUILD_LEGACY_STATIC_FUSED_SOFTMAX=0
      -DNVTE_BUILD_LEGACY_STATIC_NORM=0
      -DNVTE_BUILD_NUM_PHILOX_ROUNDS=10 -DNVTE_WITH_NCCL_EP
      -DNV_CUDNN_FRONTEND_USE_DYNAMIC_LOADING -Dtransformer_engine_EXPORTS
      -I/dev/shm/TransformerEngine/transformer_engine/common/..
      -I/dev/shm/TransformerEngine/transformer_engine/common/include
      -I/venv/main/lib/python3.12/site-packages/include
      -I/dev/shm/TransformerEngine/transformer_engine/common/../../3rdparty/cutlass/include
      -I/dev/shm/TransformerEngine/transformer_engine/common/../../3rdparty/cutlass/tools/util/include
      -I/dev/shm/TransformerEngine/transformer_engine/common/../../3rdparty/nccl-extensions/build/include
      -I/dev/shm/TransformerEngine/build/temp.linux-x86_64-cpython-312/cmake-build-transformer_engine-3x47vimh/string_headers
      -isystem /usr/local/cuda-12.9/targets/x86_64-linux/include/cccl
      -isystem /venv/main/lib/python3.12/site-packages/nvidia/cudnn/include
      --expt-relaxed-constexpr -O3 -Xfatbin -compress-all
      --threads 1 -O3 -DNDEBUG -std=c++17 -Xcompiler=-fPIC
      --generate-code=arch=compute_100a,code=sm_100a
      --generate-code=arch=compute_103a,code=sm_103a -MD -MT
      CMakeFiles/transformer_engine.dir/recipe/nvfp4.cu.o -MF
      CMakeFiles/transformer_engine.dir/recipe/nvfp4.cu.o.d -x cu -c
      /dev/shm/TransformerEngine/transformer_engine/common/recipe/nvfp4.cu -o
      CMakeFiles/transformer_engine.dir/recipe/nvfp4.cu.o
      FAILED: [code=1] CMakeFiles/transformer_engine.dir/recipe/nvfp4.cu.o
      /usr/local/cuda-12.9/bin/nvcc -forward-unknown-to-host-compiler
      -DNVTE_BUILD_LEGACY_STATIC_FUSED_SOFTMAX=0
      -DNVTE_BUILD_LEGACY_STATIC_NORM=0
      -DNVTE_BUILD_NUM_PHILOX_ROUNDS=10 -DNVTE_WITH_NCCL_EP
      -DNV_CUDNN_FRONTEND_USE_DYNAMIC_LOADING -Dtransformer_engine_EXPORTS
      -I/dev/shm/TransformerEngine/transformer_engine/common/..
      -I/dev/shm/TransformerEngine/transformer_engine/common/include
      -I/venv/main/lib/python3.12/site-packages/include
      -I/dev/shm/TransformerEngine/transformer_engine/common/../../3rdparty/cutlass/include
      -I/dev/shm/TransformerEngine/transformer_engine/common/../../3rdparty/cutlass/tools/util/include
      -I/dev/shm/TransformerEngine/transformer_engine/common/../../3rdparty/nccl-extensions/build/include
      -I/dev/shm/TransformerEngine/build/temp.linux-x86_64-cpython-312/cmake-build-transformer_engine-3x47vimh/string_headers
      -isystem /usr/local/cuda-12.9/targets/x86_64-linux/include/cccl
      -isystem /venv/main/lib/python3.12/site-packages/nvidia/cudnn/include
      --expt-relaxed-constexpr -O3 -Xfatbin -compress-all
      --threads 1 -O3 -DNDEBUG -std=c++17 -Xcompiler=-fPIC
      --generate-code=arch=compute_100a,code=sm_100a
      --generate-code=arch=compute_103a,code=sm_103a -MD -MT
      CMakeFiles/transformer_engine.dir/recipe/nvfp4.cu.o -MF
      CMakeFiles/transformer_engine.dir/recipe/nvfp4.cu.o.d -x cu -c
      /dev/shm/TransformerEngine/transformer_engine/common/recipe/nvfp4.cu -o
      CMakeFiles/transformer_engine.dir/recipe/nvfp4.cu.o
      In file included from
      /dev/shm/TransformerEngine/transformer_engine/common/recipe/../common.h:44,
                       from
      /dev/shm/TransformerEngine/transformer_engine/common/recipe/nvfp4.cu:13:
      /dev/shm/TransformerEngine/transformer_engine/common/recipe/.././util/logging.h:13:10:
      fatal error: nvrtc.h: No such file or directory
         13 | #include <nvrtc.h>
            |          ^~~~~~~~~
      compilation terminated.
      [35/99] /usr/local/cuda-12.9/bin/nvcc -forward-unknown-to-host-compiler
      -DNVTE_BUILD_LEGACY_STATIC_FUSED_SOFTMAX=0
      -DNVTE_BUILD_LEGACY_STATIC_NORM=0
      -DNVTE_BUILD_NUM_PHILOX_ROUNDS=10 -DNVTE_WITH_NCCL_EP
      -DNV_CUDNN_FRONTEND_USE_DYNAMIC_LOADING -Dtransformer_engine_EXPORTS
      -I/dev/shm/TransformerEngine/transformer_engine/common/..
      -I/dev/shm/TransformerEngine/transformer_engine/common/include
      -I/venv/main/lib/python3.12/site-packages/include
      -I/dev/shm/TransformerEngine/transformer_engine/common/../../3rdparty/cutlass/include
      -I/dev/shm/TransformerEngine/transformer_engine/common/../../3rdparty/cutlass/tools/util/include
      -I/dev/shm/TransformerEngine/transformer_engine/common/../../3rdparty/nccl-extensions/build/include
      -I/dev/shm/TransformerEngine/build/temp.linux-x86_64-cpython-312/cmake-build-transformer_engine-3x47vimh/string_headers
      -isystem /usr/local/cuda-12.9/targets/x86_64-linux/include/cccl
      -isystem /venv/main/lib/python3.12/site-packages/nvidia/cudnn/include
      --expt-relaxed-constexpr -O3 -Xfatbin -compress-all
      --threads 1 -O3 -DNDEBUG -std=c++17 -Xcompiler=-fPIC
      --generate-code=arch=compute_100a,code=sm_100a
      --generate-code=arch=compute_103a,code=sm_103a -MD -MT
      CMakeFiles/transformer_engine.dir/activation/relu.cu.o -MF
      CMakeFiles/transformer_engine.dir/activation/relu.cu.o.d -x cu -c
      /dev/shm/TransformerEngine/transformer_engine/common/activation/relu.cu
      -o CMakeFiles/transformer_engine.dir/activation/relu.cu.o
      FAILED: [code=1] CMakeFiles/transformer_engine.dir/activation/relu.cu.o
      /usr/local/cuda-12.9/bin/nvcc -forward-unknown-to-host-compiler
      -DNVTE_BUILD_LEGACY_STATIC_FUSED_SOFTMAX=0
      -DNVTE_BUILD_LEGACY_STATIC_NORM=0
      -DNVTE_BUILD_NUM_PHILOX_ROUNDS=10 -DNVTE_WITH_NCCL_EP
      -DNV_CUDNN_FRONTEND_USE_DYNAMIC_LOADING -Dtransformer_engine_EXPORTS
      -I/dev/shm/TransformerEngine/transformer_engine/common/..
      -I/dev/shm/TransformerEngine/transformer_engine/common/include
      -I/venv/main/lib/python3.12/site-packages/include
      -I/dev/shm/TransformerEngine/transformer_engine/common/../../3rdparty/cutlass/include
      -I/dev/shm/TransformerEngine/transformer_engine/common/../../3rdparty/cutlass/tools/util/include
      -I/dev/shm/TransformerEngine/transformer_engine/common/../../3rdparty/nccl-extensions/build/include
      -I/dev/shm/TransformerEngine/build/temp.linux-x86_64-cpython-312/cmake-build-transformer_engine-3x47vimh/string_headers
      -isystem /usr/local/cuda-12.9/targets/x86_64-linux/include/cccl
      -isystem /venv/main/lib/python3.12/site-packages/nvidia/cudnn/include
      --expt-relaxed-constexpr -O3 -Xfatbin -compress-all
      --threads 1 -O3 -DNDEBUG -std=c++17 -Xcompiler=-fPIC
      --generate-code=arch=compute_100a,code=sm_100a
      --generate-code=arch=compute_103a,code=sm_103a -MD -MT
      CMakeFiles/transformer_engine.dir/activation/relu.cu.o -MF
      CMakeFiles/transformer_engine.dir/activation/relu.cu.o.d -x cu -c
      /dev/shm/TransformerEngine/transformer_engine/common/activation/relu.cu
      -o CMakeFiles/transformer_engine.dir/activation/relu.cu.o
      In file included from
      /dev/shm/TransformerEngine/transformer_engine/common/activation/./../cast/dispatch/../../common.h:44,
                       from
      /dev/shm/TransformerEngine/transformer_engine/common/activation/./../cast/dispatch/gated.cuh:16,
                       from
      /dev/shm/TransformerEngine/transformer_engine/common/activation/./activation_template.h:17,
                       from
      /dev/shm/TransformerEngine/transformer_engine/common/activation/relu.cu:8:
      /dev/shm/TransformerEngine/transformer_engine/common/activation/./../cast/dispatch/../.././util/logging.h:13:10:
      fatal error: nvrtc.h: No such file or directory
         13 | #include <nvrtc.h>
            |          ^~~~~~~~~
      compilation terminated.
      [36/99] /usr/local/cuda-12.9/bin/nvcc -forward-unknown-to-host-compiler
      -DNVTE_BUILD_LEGACY_STATIC_FUSED_SOFTMAX=0
      -DNVTE_BUILD_LEGACY_STATIC_NORM=0
      -DNVTE_BUILD_NUM_PHILOX_ROUNDS=10 -DNVTE_WITH_NCCL_EP
      -DNV_CUDNN_FRONTEND_USE_DYNAMIC_LOADING -Dtransformer_engine_EXPORTS
      -I/dev/shm/TransformerEngine/transformer_engine/common/..
      -I/dev/shm/TransformerEngine/transformer_engine/common/include
      -I/venv/main/lib/python3.12/site-packages/include
      -I/dev/shm/TransformerEngine/transformer_engine/common/../../3rdparty/cutlass/include
      -I/dev/shm/TransformerEngine/transformer_engine/common/../../3rdparty/cutlass/tools/util/include
      -I/dev/shm/TransformerEngine/transformer_engine/common/../../3rdparty/nccl-extensions/build/include
      -I/dev/shm/TransformerEngine/build/temp.linux-x86_64-cpython-312/cmake-build-transformer_engine-3x47vimh/string_headers
      -isystem /usr/local/cuda-12.9/targets/x86_64-linux/include/cccl
      -isystem /venv/main/lib/python3.12/site-packages/nvidia/cudnn/include
      --expt-relaxed-constexpr -O3 -Xfatbin -compress-all
      --threads 1 -O3 -DNDEBUG -std=c++17 -Xcompiler=-fPIC
      --generate-code=arch=compute_100a,code=sm_100a
      --generate-code=arch=compute_103a,code=sm_103a -MD -MT
      CMakeFiles/transformer_engine.dir/activation/swiglu.cu.o -MF
      CMakeFiles/transformer_engine.dir/activation/swiglu.cu.o.d -x cu -c
      /dev/shm/TransformerEngine/transformer_engine/common/activation/swiglu.cu
      -o CMakeFiles/transformer_engine.dir/activation/swiglu.cu.o
      FAILED: [code=1] CMakeFiles/transformer_engine.dir/activation/swiglu.cu.o
      /usr/local/cuda-12.9/bin/nvcc -forward-unknown-to-host-compiler
      -DNVTE_BUILD_LEGACY_STATIC_FUSED_SOFTMAX=0
      -DNVTE_BUILD_LEGACY_STATIC_NORM=0
      -DNVTE_BUILD_NUM_PHILOX_ROUNDS=10 -DNVTE_WITH_NCCL_EP
      -DNV_CUDNN_FRONTEND_USE_DYNAMIC_LOADING -Dtransformer_engine_EXPORTS
      -I/dev/shm/TransformerEngine/transformer_engine/common/..
      -I/dev/shm/TransformerEngine/transformer_engine/common/include
      -I/venv/main/lib/python3.12/site-packages/include
      -I/dev/shm/TransformerEngine/transformer_engine/common/../../3rdparty/cutlass/include
      -I/dev/shm/TransformerEngine/transformer_engine/common/../../3rdparty/cutlass/tools/util/include
      -I/dev/shm/TransformerEngine/transformer_engine/common/../../3rdparty/nccl-extensions/build/include
      -I/dev/shm/TransformerEngine/build/temp.linux-x86_64-cpython-312/cmake-build-transformer_engine-3x47vimh/string_headers
      -isystem /usr/local/cuda-12.9/targets/x86_64-linux/include/cccl
      -isystem /venv/main/lib/python3.12/site-packages/nvidia/cudnn/include
      --expt-relaxed-constexpr -O3 -Xfatbin -compress-all
      --threads 1 -O3 -DNDEBUG -std=c++17 -Xcompiler=-fPIC
      --generate-code=arch=compute_100a,code=sm_100a
      --generate-code=arch=compute_103a,code=sm_103a -MD -MT
      CMakeFiles/transformer_engine.dir/activation/swiglu.cu.o -MF
      CMakeFiles/transformer_engine.dir/activation/swiglu.cu.o.d -x cu -c
      /dev/shm/TransformerEngine/transformer_engine/common/activation/swiglu.cu
      -o CMakeFiles/transformer_engine.dir/activation/swiglu.cu.o
      In file included from
      /dev/shm/TransformerEngine/transformer_engine/common/activation/./../cast/dispatch/../../common.h:44,
                       from
      /dev/shm/TransformerEngine/transformer_engine/common/activation/./../cast/dispatch/gated.cuh:16,
                       from
      /dev/shm/TransformerEngine/transformer_engine/common/activation/./activation_template.h:17,
                       from
      /dev/shm/TransformerEngine/transformer_engine/common/activation/swiglu.cu:8:
      /dev/shm/TransformerEngine/transformer_engine/common/activation/./../cast/dispatch/../.././util/logging.h:13:10:
      fatal error: nvrtc.h: No such file or directory
         13 | #include <nvrtc.h>
            |          ^~~~~~~~~
      compilation terminated.
      [37/99] /usr/local/cuda-12.9/bin/nvcc -forward-unknown-to-host-compiler
      -DNVTE_BUILD_LEGACY_STATIC_FUSED_SOFTMAX=0
      -DNVTE_BUILD_LEGACY_STATIC_NORM=0
      -DNVTE_BUILD_NUM_PHILOX_ROUNDS=10 -DNVTE_WITH_NCCL_EP
      -DNV_CUDNN_FRONTEND_USE_DYNAMIC_LOADING -Dtransformer_engine_EXPORTS
      -I/dev/shm/TransformerEngine/transformer_engine/common/..
      -I/dev/shm/TransformerEngine/transformer_engine/common/include
      -I/venv/main/lib/python3.12/site-packages/include
      -I/dev/shm/TransformerEngine/transformer_engine/common/../../3rdparty/cutlass/include
      -I/dev/shm/TransformerEngine/transformer_engine/common/../../3rdparty/cutlass/tools/util/include
      -I/dev/shm/TransformerEngine/transformer_engine/common/../../3rdparty/nccl-extensions/build/include
      -I/dev/shm/TransformerEngine/build/temp.linux-x86_64-cpython-312/cmake-build-transformer_engine-3x47vimh/string_headers
      -isystem /usr/local/cuda-12.9/targets/x86_64-linux/include/cccl
      -isystem /venv/main/lib/python3.12/site-packages/nvidia/cudnn/include
      --expt-relaxed-constexpr -O3 -Xfatbin -compress-all
      --threads 1 -O3 -DNDEBUG -std=c++17 -Xcompiler=-fPIC
      --generate-code=arch=compute_100,code=sm_100 -MD -MT
      CMakeFiles/transformer_engine.dir/fused_router/fused_score_for_moe_aux_loss.cu.o
      -MF
      CMakeFiles/transformer_engine.dir/fused_router/fused_score_for_moe_aux_loss.cu.o.d
      -x cu -c
      /dev/shm/TransformerEngine/transformer_engine/common/fused_router/fused_score_for_moe_aux_loss.cu
      -o
      CMakeFiles/transformer_engine.dir/fused_router/fused_score_for_moe_aux_loss.cu.o
      FAILED: [code=1]
      CMakeFiles/transformer_engine.dir/fused_router/fused_score_for_moe_aux_loss.cu.o
      /usr/local/cuda-12.9/bin/nvcc -forward-unknown-to-host-compiler
      -DNVTE_BUILD_LEGACY_STATIC_FUSED_SOFTMAX=0
      -DNVTE_BUILD_LEGACY_STATIC_NORM=0
      -DNVTE_BUILD_NUM_PHILOX_ROUNDS=10 -DNVTE_WITH_NCCL_EP
      -DNV_CUDNN_FRONTEND_USE_DYNAMIC_LOADING -Dtransformer_engine_EXPORTS
      -I/dev/shm/TransformerEngine/transformer_engine/common/..
      -I/dev/shm/TransformerEngine/transformer_engine/common/include
      -I/venv/main/lib/python3.12/site-packages/include
      -I/dev/shm/TransformerEngine/transformer_engine/common/../../3rdparty/cutlass/include
      -I/dev/shm/TransformerEngine/transformer_engine/common/../../3rdparty/cutlass/tools/util/include
      -I/dev/shm/TransformerEngine/transformer_engine/common/../../3rdparty/nccl-extensions/build/include
      -I/dev/shm/TransformerEngine/build/temp.linux-x86_64-cpython-312/cmake-build-transformer_engine-3x47vimh/string_headers
      -isystem /usr/local/cuda-12.9/targets/x86_64-linux/include/cccl
      -isystem /venv/main/lib/python3.12/site-packages/nvidia/cudnn/include
      --expt-relaxed-constexpr -O3 -Xfatbin -compress-all
      --threads 1 -O3 -DNDEBUG -std=c++17 -Xcompiler=-fPIC
      --generate-code=arch=compute_100,code=sm_100 -MD -MT
      CMakeFiles/transformer_engine.dir/fused_router/fused_score_for_moe_aux_loss.cu.o
      -MF
      CMakeFiles/transformer_engine.dir/fused_router/fused_score_for_moe_aux_loss.cu.o.d
      -x cu -c
      /dev/shm/TransformerEngine/transformer_engine/common/fused_router/fused_score_for_moe_aux_loss.cu
      -o
      CMakeFiles/transformer_engine.dir/fused_router/fused_score_for_moe_aux_loss.cu.o
      In file included from
      /dev/shm/TransformerEngine/transformer_engine/common/fused_router/../common.h:44,
                       from
      /dev/shm/TransformerEngine/transformer_engine/common/fused_router/fused_score_for_moe_aux_loss.cu:14:
      /dev/shm/TransformerEngine/transformer_engine/common/fused_router/.././util/logging.h:13:10:
      fatal error: nvrtc.h: No such file or directory
         13 | #include <nvrtc.h>
            |          ^~~~~~~~~
      compilation terminated.
      [38/99] /usr/local/cuda-12.9/bin/nvcc -forward-unknown-to-host-compiler
      -DNVTE_BUILD_LEGACY_STATIC_FUSED_SOFTMAX=0
      -DNVTE_BUILD_LEGACY_STATIC_NORM=0
      -DNVTE_BUILD_NUM_PHILOX_ROUNDS=10 -DNVTE_WITH_NCCL_EP
      -DNV_CUDNN_FRONTEND_USE_DYNAMIC_LOADING -Dtransformer_engine_EXPORTS
      -I/dev/shm/TransformerEngine/transformer_engine/common/..
      -I/dev/shm/TransformerEngine/transformer_engine/common/include
      -I/venv/main/lib/python3.12/site-packages/include
      -I/dev/shm/TransformerEngine/transformer_engine/common/../../3rdparty/cutlass/include
      -I/dev/shm/TransformerEngine/transformer_engine/common/../../3rdparty/cutlass/tools/util/include
      -I/dev/shm/TransformerEngine/transformer_engine/common/../../3rdparty/nccl-extensions/build/include
      -I/dev/shm/TransformerEngine/build/temp.linux-x86_64-cpython-312/cmake-build-transformer_engine-3x47vimh/string_headers
      -isystem /usr/local/cuda-12.9/targets/x86_64-linux/include/cccl
      -isystem /venv/main/lib/python3.12/site-packages/nvidia/cudnn/include
      --expt-relaxed-constexpr -O3 -Xfatbin -compress-all
      --threads 1 -O3 -DNDEBUG -std=c++17 -Xcompiler=-fPIC
      --generate-code=arch=compute_100,code=sm_100 -MD -MT
      CMakeFiles/transformer_engine.dir/common.cu.o -MF
      CMakeFiles/transformer_engine.dir/common.cu.o.d -x cu -c
      /dev/shm/TransformerEngine/transformer_engine/common/common.cu -o
      CMakeFiles/transformer_engine.dir/common.cu.o
      FAILED: [code=1] CMakeFiles/transformer_engine.dir/common.cu.o
      /usr/local/cuda-12.9/bin/nvcc -forward-unknown-to-host-compiler
      -DNVTE_BUILD_LEGACY_STATIC_FUSED_SOFTMAX=0
      -DNVTE_BUILD_LEGACY_STATIC_NORM=0
      -DNVTE_BUILD_NUM_PHILOX_ROUNDS=10 -DNVTE_WITH_NCCL_EP
      -DNV_CUDNN_FRONTEND_USE_DYNAMIC_LOADING -Dtransformer_engine_EXPORTS
      -I/dev/shm/TransformerEngine/transformer_engine/common/..
      -I/dev/shm/TransformerEngine/transformer_engine/common/include
      -I/venv/main/lib/python3.12/site-packages/include
      -I/dev/shm/TransformerEngine/transformer_engine/common/../../3rdparty/cutlass/include
      -I/dev/shm/TransformerEngine/transformer_engine/common/../../3rdparty/cutlass/tools/util/include
      -I/dev/shm/TransformerEngine/transformer_engine/common/../../3rdparty/nccl-extensions/build/include
      -I/dev/shm/TransformerEngine/build/temp.linux-x86_64-cpython-312/cmake-build-transformer_engine-3x47vimh/string_headers
      -isystem /usr/local/cuda-12.9/targets/x86_64-linux/include/cccl
      -isystem /venv/main/lib/python3.12/site-packages/nvidia/cudnn/include
      --expt-relaxed-constexpr -O3 -Xfatbin -compress-all
      --threads 1 -O3 -DNDEBUG -std=c++17 -Xcompiler=-fPIC
      --generate-code=arch=compute_100,code=sm_100 -MD -MT
      CMakeFiles/transformer_engine.dir/common.cu.o -MF
      CMakeFiles/transformer_engine.dir/common.cu.o.d -x cu -c
      /dev/shm/TransformerEngine/transformer_engine/common/common.cu -o
      CMakeFiles/transformer_engine.dir/common.cu.o
      In file included from
      /dev/shm/TransformerEngine/transformer_engine/common/./common.h:44,
                       from
      /dev/shm/TransformerEngine/transformer_engine/common/common.cu:11:
      /dev/shm/TransformerEngine/transformer_engine/common/././util/logging.h:13:10:
      fatal error: nvrtc.h: No such file or directory
         13 | #include <nvrtc.h>
            |          ^~~~~~~~~
      compilation terminated.
      [39/99] /usr/local/cuda-12.9/bin/nvcc -forward-unknown-to-host-compiler
      -DNVTE_BUILD_LEGACY_STATIC_FUSED_SOFTMAX=0
      -DNVTE_BUILD_LEGACY_STATIC_NORM=0
      -DNVTE_BUILD_NUM_PHILOX_ROUNDS=10 -DNVTE_WITH_NCCL_EP
      -DNV_CUDNN_FRONTEND_USE_DYNAMIC_LOADING -Dtransformer_engine_EXPORTS
      -I/dev/shm/TransformerEngine/transformer_engine/common/..
      -I/dev/shm/TransformerEngine/transformer_engine/common/include
      -I/venv/main/lib/python3.12/site-packages/include
      -I/dev/shm/TransformerEngine/transformer_engine/common/../../3rdparty/cutlass/include
      -I/dev/shm/TransformerEngine/transformer_engine/common/../../3rdparty/cutlass/tools/util/include
      -I/dev/shm/TransformerEngine/transformer_engine/common/../../3rdparty/nccl-extensions/build/include
      -I/dev/shm/TransformerEngine/build/temp.linux-x86_64-cpython-312/cmake-build-transformer_engine-3x47vimh/string_headers
      -isystem /usr/local/cuda-12.9/targets/x86_64-linux/include/cccl
      -isystem /venv/main/lib/python3.12/site-packages/nvidia/cudnn/include
      --expt-relaxed-constexpr -O3 -Xfatbin -compress-all
      --threads 1 -O3 -DNDEBUG -std=c++17 -Xcompiler=-fPIC
      --generate-code=arch=compute_100,code=sm_100 -MD -MT
      CMakeFiles/transformer_engine.dir/gemm/cublaslt_grouped_gemm.cu.o -MF
      CMakeFiles/transformer_engine.dir/gemm/cublaslt_grouped_gemm.cu.o.d
      -x cu -c
      /dev/shm/TransformerEngine/transformer_engine/common/gemm/cublaslt_grouped_gemm.cu
      -o CMakeFiles/transformer_engine.dir/gemm/cublaslt_grouped_gemm.cu.o
      FAILED: [code=1]
      CMakeFiles/transformer_engine.dir/gemm/cublaslt_grouped_gemm.cu.o
      /usr/local/cuda-12.9/bin/nvcc -forward-unknown-to-host-compiler
      -DNVTE_BUILD_LEGACY_STATIC_FUSED_SOFTMAX=0
      -DNVTE_BUILD_LEGACY_STATIC_NORM=0
      -DNVTE_BUILD_NUM_PHILOX_ROUNDS=10 -DNVTE_WITH_NCCL_EP
      -DNV_CUDNN_FRONTEND_USE_DYNAMIC_LOADING -Dtransformer_engine_EXPORTS
      -I/dev/shm/TransformerEngine/transformer_engine/common/..
      -I/dev/shm/TransformerEngine/transformer_engine/common/include
      -I/venv/main/lib/python3.12/site-packages/include
      -I/dev/shm/TransformerEngine/transformer_engine/common/../../3rdparty/cutlass/include
      -I/dev/shm/TransformerEngine/transformer_engine/common/../../3rdparty/cutlass/tools/util/include
      -I/dev/shm/TransformerEngine/transformer_engine/common/../../3rdparty/nccl-extensions/build/include
      -I/dev/shm/TransformerEngine/build/temp.linux-x86_64-cpython-312/cmake-build-transformer_engine-3x47vimh/string_headers
      -isystem /usr/local/cuda-12.9/targets/x86_64-linux/include/cccl
      -isystem /venv/main/lib/python3.12/site-packages/nvidia/cudnn/include
      --expt-relaxed-constexpr -O3 -Xfatbin -compress-all
      --threads 1 -O3 -DNDEBUG -std=c++17 -Xcompiler=-fPIC
      --generate-code=arch=compute_100,code=sm_100 -MD -MT
      CMakeFiles/transformer_engine.dir/gemm/cublaslt_grouped_gemm.cu.o -MF
      CMakeFiles/transformer_engine.dir/gemm/cublaslt_grouped_gemm.cu.o.d
      -x cu -c
      /dev/shm/TransformerEngine/transformer_engine/common/gemm/cublaslt_grouped_gemm.cu
      -o CMakeFiles/transformer_engine.dir/gemm/cublaslt_grouped_gemm.cu.o
      In file included from
      /dev/shm/TransformerEngine/transformer_engine/common/gemm/../common.h:44,
                       from
      /dev/shm/TransformerEngine/transformer_engine/common/gemm/cublaslt_grouped_gemm.cu:19:
      /dev/shm/TransformerEngine/transformer_engine/common/gemm/.././util/logging.h:13:10:
      fatal error: nvrtc.h: No such file or directory
         13 | #include <nvrtc.h>
            |          ^~~~~~~~~
      compilation terminated.
      [40/99] /usr/local/cuda-12.9/bin/nvcc -forward-unknown-to-host-compiler
      -DNVTE_BUILD_LEGACY_STATIC_FUSED_SOFTMAX=0
      -DNVTE_BUILD_LEGACY_STATIC_NORM=0
      -DNVTE_BUILD_NUM_PHILOX_ROUNDS=10 -DNVTE_WITH_NCCL_EP
      -DNV_CUDNN_FRONTEND_USE_DYNAMIC_LOADING -Dtransformer_engine_EXPORTS
      -I/dev/shm/TransformerEngine/transformer_engine/common/..
      -I/dev/shm/TransformerEngine/transformer_engine/common/include
      -I/venv/main/lib/python3.12/site-packages/include
      -I/dev/shm/TransformerEngine/transformer_engine/common/../../3rdparty/cutlass/include
      -I/dev/shm/TransformerEngine/transformer_engine/common/../../3rdparty/cutlass/tools/util/include
      -I/dev/shm/TransformerEngine/transformer_engine/common/../../3rdparty/nccl-extensions/build/include
      -I/dev/shm/TransformerEngine/build/temp.linux-x86_64-cpython-312/cmake-build-transformer_engine-3x47vimh/string_headers
      -isystem /usr/local/cuda-12.9/targets/x86_64-linux/include/cccl
      -isystem /venv/main/lib/python3.12/site-packages/nvidia/cudnn/include
      --expt-relaxed-constexpr -O3 -Xfatbin -compress-all
      --threads 1 -O3 -DNDEBUG -std=c++17 -Xcompiler=-fPIC
      --generate-code=arch=compute_100,code=sm_100 -MD -MT
      CMakeFiles/transformer_engine.dir/gemm/cublaslt_gemm.cu.o -MF
      CMakeFiles/transformer_engine.dir/gemm/cublaslt_gemm.cu.o.d -x cu -c
      /dev/shm/TransformerEngine/transformer_engine/common/gemm/cublaslt_gemm.cu
      -o CMakeFiles/transformer_engine.dir/gemm/cublaslt_gemm.cu.o
      FAILED: [code=1]
      CMakeFiles/transformer_engine.dir/gemm/cublaslt_gemm.cu.o
      /usr/local/cuda-12.9/bin/nvcc -forward-unknown-to-host-compiler
      -DNVTE_BUILD_LEGACY_STATIC_FUSED_SOFTMAX=0
      -DNVTE_BUILD_LEGACY_STATIC_NORM=0
      -DNVTE_BUILD_NUM_PHILOX_ROUNDS=10 -DNVTE_WITH_NCCL_EP
      -DNV_CUDNN_FRONTEND_USE_DYNAMIC_LOADING -Dtransformer_engine_EXPORTS
      -I/dev/shm/TransformerEngine/transformer_engine/common/..
      -I/dev/shm/TransformerEngine/transformer_engine/common/include
      -I/venv/main/lib/python3.12/site-packages/include
      -I/dev/shm/TransformerEngine/transformer_engine/common/../../3rdparty/cutlass/include
      -I/dev/shm/TransformerEngine/transformer_engine/common/../../3rdparty/cutlass/tools/util/include
      -I/dev/shm/TransformerEngine/transformer_engine/common/../../3rdparty/nccl-extensions/build/include
      -I/dev/shm/TransformerEngine/build/temp.linux-x86_64-cpython-312/cmake-build-transformer_engine-3x47vimh/string_headers
      -isystem /usr/local/cuda-12.9/targets/x86_64-linux/include/cccl
      -isystem /venv/main/lib/python3.12/site-packages/nvidia/cudnn/include
      --expt-relaxed-constexpr -O3 -Xfatbin -compress-all
      --threads 1 -O3 -DNDEBUG -std=c++17 -Xcompiler=-fPIC
      --generate-code=arch=compute_100,code=sm_100 -MD -MT
      CMakeFiles/transformer_engine.dir/gemm/cublaslt_gemm.cu.o -MF
      CMakeFiles/transformer_engine.dir/gemm/cublaslt_gemm.cu.o.d -x cu -c
      /dev/shm/TransformerEngine/transformer_engine/common/gemm/cublaslt_gemm.cu
      -o CMakeFiles/transformer_engine.dir/gemm/cublaslt_gemm.cu.o
      In file included from
      /dev/shm/TransformerEngine/transformer_engine/common/gemm/../common.h:44,
                       from
      /dev/shm/TransformerEngine/transformer_engine/common/gemm/cublaslt_gemm.cu:20:
      /dev/shm/TransformerEngine/transformer_engine/common/gemm/.././util/logging.h:13:10:
      fatal error: nvrtc.h: No such file or directory
         13 | #include <nvrtc.h>
            |          ^~~~~~~~~
      compilation terminated.
      [41/99] /usr/local/cuda-12.9/bin/nvcc -forward-unknown-to-host-compiler
      -DNVTE_BUILD_LEGACY_STATIC_FUSED_SOFTMAX=0
      -DNVTE_BUILD_LEGACY_STATIC_NORM=0
      -DNVTE_BUILD_NUM_PHILOX_ROUNDS=10 -DNVTE_WITH_NCCL_EP
      -DNV_CUDNN_FRONTEND_USE_DYNAMIC_LOADING -Dtransformer_engine_EXPORTS
      -I/dev/shm/TransformerEngine/transformer_engine/common/..
      -I/dev/shm/TransformerEngine/transformer_engine/common/include
      -I/venv/main/lib/python3.12/site-packages/include
      -I/dev/shm/TransformerEngine/transformer_engine/common/../../3rdparty/cutlass/include
      -I/dev/shm/TransformerEngine/transformer_engine/common/../../3rdparty/cutlass/tools/util/include
      -I/dev/shm/TransformerEngine/transformer_engine/common/../../3rdparty/nccl-extensions/build/include
      -I/dev/shm/TransformerEngine/build/temp.linux-x86_64-cpython-312/cmake-build-transformer_engine-3x47vimh/string_headers
      -isystem /usr/local/cuda-12.9/targets/x86_64-linux/include/cccl
      -isystem /venv/main/lib/python3.12/site-packages/nvidia/cudnn/include
      --expt-relaxed-constexpr -O3 -Xfatbin -compress-all
      --threads 1 -O3 -DNDEBUG -std=c++17 -Xcompiler=-fPIC
      --generate-code=arch=compute_100,code=sm_100 -MD -MT
      CMakeFiles/transformer_engine.dir/recipe/fp8_block_scaling.cu.o -MF
      CMakeFiles/transformer_engine.dir/recipe/fp8_block_scaling.cu.o.d -x cu -c
      /dev/shm/TransformerEngine/transformer_engine/common/recipe/fp8_block_scaling.cu
      -o CMakeFiles/transformer_engine.dir/recipe/fp8_block_scaling.cu.o
      FAILED: [code=1]
      CMakeFiles/transformer_engine.dir/recipe/fp8_block_scaling.cu.o
      /usr/local/cuda-12.9/bin/nvcc -forward-unknown-to-host-compiler
      -DNVTE_BUILD_LEGACY_STATIC_FUSED_SOFTMAX=0
      -DNVTE_BUILD_LEGACY_STATIC_NORM=0
      -DNVTE_BUILD_NUM_PHILOX_ROUNDS=10 -DNVTE_WITH_NCCL_EP
      -DNV_CUDNN_FRONTEND_USE_DYNAMIC_LOADING -Dtransformer_engine_EXPORTS
      -I/dev/shm/TransformerEngine/transformer_engine/common/..
      -I/dev/shm/TransformerEngine/transformer_engine/common/include
      -I/venv/main/lib/python3.12/site-packages/include
      -I/dev/shm/TransformerEngine/transformer_engine/common/../../3rdparty/cutlass/include
      -I/dev/shm/TransformerEngine/transformer_engine/common/../../3rdparty/cutlass/tools/util/include
      -I/dev/shm/TransformerEngine/transformer_engine/common/../../3rdparty/nccl-extensions/build/include
      -I/dev/shm/TransformerEngine/build/temp.linux-x86_64-cpython-312/cmake-build-transformer_engine-3x47vimh/string_headers
      -isystem /usr/local/cuda-12.9/targets/x86_64-linux/include/cccl
      -isystem /venv/main/lib/python3.12/site-packages/nvidia/cudnn/include
      --expt-relaxed-constexpr -O3 -Xfatbin -compress-all
      --threads 1 -O3 -DNDEBUG -std=c++17 -Xcompiler=-fPIC
      --generate-code=arch=compute_100,code=sm_100 -MD -MT
      CMakeFiles/transformer_engine.dir/recipe/fp8_block_scaling.cu.o -MF
      CMakeFiles/transformer_engine.dir/recipe/fp8_block_scaling.cu.o.d -x cu -c
      /dev/shm/TransformerEngine/transformer_engine/common/recipe/fp8_block_scaling.cu
      -o CMakeFiles/transformer_engine.dir/recipe/fp8_block_scaling.cu.o
      In file included from
      /dev/shm/TransformerEngine/transformer_engine/common/recipe/../common.h:44,
                       from
      /dev/shm/TransformerEngine/transformer_engine/common/recipe/fp8_block_scaling.cu:11:
      /dev/shm/TransformerEngine/transformer_engine/common/recipe/.././util/logging.h:13:10:
      fatal error: nvrtc.h: No such file or directory
         13 | #include <nvrtc.h>
            |          ^~~~~~~~~
      compilation terminated.
      [42/99] /usr/bin/c++ -DNVTE_BUILD_LEGACY_STATIC_FUSED_SOFTMAX=0
      -DNVTE_BUILD_LEGACY_STATIC_NORM=0
      -DNVTE_BUILD_NUM_PHILOX_ROUNDS=10 -DNVTE_WITH_NCCL_EP
      -DNV_CUDNN_FRONTEND_USE_DYNAMIC_LOADING -Dtransformer_engine_EXPORTS
      -I/dev/shm/TransformerEngine/transformer_engine/common/..
      -I/dev/shm/TransformerEngine/transformer_engine/common/include
      -I/venv/main/lib/python3.12/site-packages/include
      -I/dev/shm/TransformerEngine/transformer_engine/common/../../3rdparty/cutlass/include
      -I/dev/shm/TransformerEngine/transformer_engine/common/../../3rdparty/cutlass/tools/util/include
      -I/dev/shm/TransformerEngine/transformer_engine/common/../../3rdparty/nccl-extensions/build/include
      -I/dev/shm/TransformerEngine/build/temp.linux-x86_64-cpython-312/cmake-build-transformer_engine-3x47vimh/string_headers
      -isystem /usr/local/cuda-12.9/targets/x86_64-linux/include -isystem
      /usr/local/cuda-12.9/targets/x86_64-linux/include/cccl -isystem
      /venv/main/lib/python3.12/site-packages/nvidia/cudnn/include
      -O3 -DNDEBUG -std=gnu++17 -fPIC -MD -MT
      CMakeFiles/transformer_engine.dir/normalization/rmsnorm/rmsnorm_api.cpp.o
      -MF
      CMakeFiles/transformer_engine.dir/normalization/rmsnorm/rmsnorm_api.cpp.o.d
      -o
      CMakeFiles/transformer_engine.dir/normalization/rmsnorm/rmsnorm_api.cpp.o
      -c
      /dev/shm/TransformerEngine/transformer_engine/common/normalization/rmsnorm/rmsnorm_api.cpp
      FAILED: [code=1]
      CMakeFiles/transformer_engine.dir/normalization/rmsnorm/rmsnorm_api.cpp.o
      /usr/bin/c++ -DNVTE_BUILD_LEGACY_STATIC_FUSED_SOFTMAX=0
      -DNVTE_BUILD_LEGACY_STATIC_NORM=0
      -DNVTE_BUILD_NUM_PHILOX_ROUNDS=10 -DNVTE_WITH_NCCL_EP
      -DNV_CUDNN_FRONTEND_USE_DYNAMIC_LOADING -Dtransformer_engine_EXPORTS
      -I/dev/shm/TransformerEngine/transformer_engine/common/..
      -I/dev/shm/TransformerEngine/transformer_engine/common/include
      -I/venv/main/lib/python3.12/site-packages/include
      -I/dev/shm/TransformerEngine/transformer_engine/common/../../3rdparty/cutlass/include
      -I/dev/shm/TransformerEngine/transformer_engine/common/../../3rdparty/cutlass/tools/util/include
      -I/dev/shm/TransformerEngine/transformer_engine/common/../../3rdparty/nccl-extensions/build/include
      -I/dev/shm/TransformerEngine/build/temp.linux-x86_64-cpython-312/cmake-build-transformer_engine-3x47vimh/string_headers
      -isystem /usr/local/cuda-12.9/targets/x86_64-linux/include -isystem
      /usr/local/cuda-12.9/targets/x86_64-linux/include/cccl -isystem
      /venv/main/lib/python3.12/site-packages/nvidia/cudnn/include
      -O3 -DNDEBUG -std=gnu++17 -fPIC -MD -MT
      CMakeFiles/transformer_engine.dir/normalization/rmsnorm/rmsnorm_api.cpp.o
      -MF
      CMakeFiles/transformer_engine.dir/normalization/rmsnorm/rmsnorm_api.cpp.o.d
      -o
      CMakeFiles/transformer_engine.dir/normalization/rmsnorm/rmsnorm_api.cpp.o
      -c
      /dev/shm/TransformerEngine/transformer_engine/common/normalization/rmsnorm/rmsnorm_api.cpp
      In file included from
      /dev/shm/TransformerEngine/transformer_engine/common/normalization/rmsnorm/../../common.h:44,
                       from
      /dev/shm/TransformerEngine/transformer_engine/common/normalization/rmsnorm/rmsnorm_api.cpp:12:
      /dev/shm/TransformerEngine/transformer_engine/common/normalization/rmsnorm/../.././util/logging.h:13:10:
      fatal error: nvrtc.h: No such file or directory
         13 | #include <nvrtc.h>
            |          ^~~~~~~~~
      compilation terminated.
      [43/99] /usr/bin/c++ -DNVTE_BUILD_LEGACY_STATIC_FUSED_SOFTMAX=0
      -DNVTE_BUILD_LEGACY_STATIC_NORM=0
      -DNVTE_BUILD_NUM_PHILOX_ROUNDS=10 -DNVTE_WITH_NCCL_EP
      -DNV_CUDNN_FRONTEND_USE_DYNAMIC_LOADING -Dtransformer_engine_EXPORTS
      -I/dev/shm/TransformerEngine/transformer_engine/common/..
      -I/dev/shm/TransformerEngine/transformer_engine/common/include
      -I/venv/main/lib/python3.12/site-packages/include
      -I/dev/shm/TransformerEngine/transformer_engine/common/../../3rdparty/cutlass/include
      -I/dev/shm/TransformerEngine/transformer_engine/common/../../3rdparty/cutlass/tools/util/include
      -I/dev/shm/TransformerEngine/transformer_engine/common/../../3rdparty/nccl-extensions/build/include
      -I/dev/shm/TransformerEngine/build/temp.linux-x86_64-cpython-312/cmake-build-transformer_engine-3x47vimh/string_headers
      -isystem /usr/local/cuda-12.9/targets/x86_64-linux/include -isystem
      /usr/local/cuda-12.9/targets/x86_64-linux/include/cccl -isystem
      /venv/main/lib/python3.12/site-packages/nvidia/cudnn/include
      -O3 -DNDEBUG -std=gnu++17 -fPIC -MD -MT
      CMakeFiles/transformer_engine.dir/comm_gemm/comm_gemm.cpp.o -MF
      CMakeFiles/transformer_engine.dir/comm_gemm/comm_gemm.cpp.o.d -o
      CMakeFiles/transformer_engine.dir/comm_gemm/comm_gemm.cpp.o -c
      /dev/shm/TransformerEngine/transformer_engine/common/comm_gemm/comm_gemm.cpp
      FAILED: [code=1]
      CMakeFiles/transformer_engine.dir/comm_gemm/comm_gemm.cpp.o
      /usr/bin/c++ -DNVTE_BUILD_LEGACY_STATIC_FUSED_SOFTMAX=0
      -DNVTE_BUILD_LEGACY_STATIC_NORM=0
      -DNVTE_BUILD_NUM_PHILOX_ROUNDS=10 -DNVTE_WITH_NCCL_EP
      -DNV_CUDNN_FRONTEND_USE_DYNAMIC_LOADING -Dtransformer_engine_EXPORTS
      -I/dev/shm/TransformerEngine/transformer_engine/common/..
      -I/dev/shm/TransformerEngine/transformer_engine/common/include
      -I/venv/main/lib/python3.12/site-packages/include
      -I/dev/shm/TransformerEngine/transformer_engine/common/../../3rdparty/cutlass/include
      -I/dev/shm/TransformerEngine/transformer_engine/common/../../3rdparty/cutlass/tools/util/include
      -I/dev/shm/TransformerEngine/transformer_engine/common/../../3rdparty/nccl-extensions/build/include
      -I/dev/shm/TransformerEngine/build/temp.linux-x86_64-cpython-312/cmake-build-transformer_engine-3x47vimh/string_headers
      -isystem /usr/local/cuda-12.9/targets/x86_64-linux/include -isystem
      /usr/local/cuda-12.9/targets/x86_64-linux/include/cccl -isystem
      /venv/main/lib/python3.12/site-packages/nvidia/cudnn/include
      -O3 -DNDEBUG -std=gnu++17 -fPIC -MD -MT
      CMakeFiles/transformer_engine.dir/comm_gemm/comm_gemm.cpp.o -MF
      CMakeFiles/transformer_engine.dir/comm_gemm/comm_gemm.cpp.o.d -o
      CMakeFiles/transformer_engine.dir/comm_gemm/comm_gemm.cpp.o -c
      /dev/shm/TransformerEngine/transformer_engine/common/comm_gemm/comm_gemm.cpp
      In file included from
      /dev/shm/TransformerEngine/transformer_engine/common/comm_gemm/../common.h:44,
                       from
      /dev/shm/TransformerEngine/transformer_engine/common/comm_gemm/comm_gemm.cpp:20:
      /dev/shm/TransformerEngine/transformer_engine/common/comm_gemm/.././util/logging.h:13:10:
      fatal error: nvrtc.h: No such file or directory
         13 | #include <nvrtc.h>
            |          ^~~~~~~~~
      compilation terminated.
      [44/99] /usr/bin/c++ -DNVTE_BUILD_LEGACY_STATIC_FUSED_SOFTMAX=0
      -DNVTE_BUILD_LEGACY_STATIC_NORM=0
      -DNVTE_BUILD_NUM_PHILOX_ROUNDS=10 -DNVTE_WITH_NCCL_EP
      -DNV_CUDNN_FRONTEND_USE_DYNAMIC_LOADING -Dtransformer_engine_EXPORTS
      -I/dev/shm/TransformerEngine/transformer_engine/common/..
      -I/dev/shm/TransformerEngine/transformer_engine/common/include
      -I/venv/main/lib/python3.12/site-packages/include
      -I/dev/shm/TransformerEngine/transformer_engine/common/../../3rdparty/cutlass/include
      -I/dev/shm/TransformerEngine/transformer_engine/common/../../3rdparty/cutlass/tools/util/include
      -I/dev/shm/TransformerEngine/transformer_engine/common/../../3rdparty/nccl-extensions/build/include
      -I/dev/shm/TransformerEngine/build/temp.linux-x86_64-cpython-312/cmake-build-transformer_engine-3x47vimh/string_headers
      -isystem /usr/local/cuda-12.9/targets/x86_64-linux/include -isystem
      /usr/local/cuda-12.9/targets/x86_64-linux/include/cccl -isystem
      /venv/main/lib/python3.12/site-packages/nvidia/cudnn/include
      -O3 -DNDEBUG -std=gnu++17 -fPIC -MD -MT
      CMakeFiles/transformer_engine.dir/util/cuda_runtime.cpp.o -MF
      CMakeFiles/transformer_engine.dir/util/cuda_runtime.cpp.o.d -o
      CMakeFiles/transformer_engine.dir/util/cuda_runtime.cpp.o -c
      /dev/shm/TransformerEngine/transformer_engine/common/util/cuda_runtime.cpp
      FAILED: [code=1]
      CMakeFiles/transformer_engine.dir/util/cuda_runtime.cpp.o
      /usr/bin/c++ -DNVTE_BUILD_LEGACY_STATIC_FUSED_SOFTMAX=0
      -DNVTE_BUILD_LEGACY_STATIC_NORM=0
      -DNVTE_BUILD_NUM_PHILOX_ROUNDS=10 -DNVTE_WITH_NCCL_EP
      -DNV_CUDNN_FRONTEND_USE_DYNAMIC_LOADING -Dtransformer_engine_EXPORTS
      -I/dev/shm/TransformerEngine/transformer_engine/common/..
      -I/dev/shm/TransformerEngine/transformer_engine/common/include
      -I/venv/main/lib/python3.12/site-packages/include
      -I/dev/shm/TransformerEngine/transformer_engine/common/../../3rdparty/cutlass/include
      -I/dev/shm/TransformerEngine/transformer_engine/common/../../3rdparty/cutlass/tools/util/include
      -I/dev/shm/TransformerEngine/transformer_engine/common/../../3rdparty/nccl-extensions/build/include
      -I/dev/shm/TransformerEngine/build/temp.linux-x86_64-cpython-312/cmake-build-transformer_engine-3x47vimh/string_headers
      -isystem /usr/local/cuda-12.9/targets/x86_64-linux/include -isystem
      /usr/local/cuda-12.9/targets/x86_64-linux/include/cccl -isystem
      /venv/main/lib/python3.12/site-packages/nvidia/cudnn/include
      -O3 -DNDEBUG -std=gnu++17 -fPIC -MD -MT
      CMakeFiles/transformer_engine.dir/util/cuda_runtime.cpp.o -MF
      CMakeFiles/transformer_engine.dir/util/cuda_runtime.cpp.o.d -o
      CMakeFiles/transformer_engine.dir/util/cuda_runtime.cpp.o -c
      /dev/shm/TransformerEngine/transformer_engine/common/util/cuda_runtime.cpp
      In file included from
      /dev/shm/TransformerEngine/transformer_engine/common/util/../common.h:44,
                       from
      /dev/shm/TransformerEngine/transformer_engine/common/util/cuda_runtime.cpp:15:
      /dev/shm/TransformerEngine/transformer_engine/common/util/.././util/logging.h:13:10:
      fatal error: nvrtc.h: No such file or directory
         13 | #include <nvrtc.h>
            |          ^~~~~~~~~
      compilation terminated.
      [45/99] /usr/bin/c++ -DNVTE_BUILD_LEGACY_STATIC_FUSED_SOFTMAX=0
      -DNVTE_BUILD_LEGACY_STATIC_NORM=0
      -DNVTE_BUILD_NUM_PHILOX_ROUNDS=10 -DNVTE_WITH_NCCL_EP
      -DNV_CUDNN_FRONTEND_USE_DYNAMIC_LOADING -Dtransformer_engine_EXPORTS
      -I/dev/shm/TransformerEngine/transformer_engine/common/..
      -I/dev/shm/TransformerEngine/transformer_engine/common/include
      -I/venv/main/lib/python3.12/site-packages/include
      -I/dev/shm/TransformerEngine/transformer_engine/common/../../3rdparty/cutlass/include
      -I/dev/shm/TransformerEngine/transformer_engine/common/../../3rdparty/cutlass/tools/util/include
      -I/dev/shm/TransformerEngine/transformer_engine/common/../../3rdparty/nccl-extensions/build/include
      -I/dev/shm/TransformerEngine/build/temp.linux-x86_64-cpython-312/cmake-build-transformer_engine-3x47vimh/string_headers
      -isystem /usr/local/cuda-12.9/targets/x86_64-linux/include -isystem
      /usr/local/cuda-12.9/targets/x86_64-linux/include/cccl -isystem
      /venv/main/lib/python3.12/site-packages/nvidia/cudnn/include
      -O3 -DNDEBUG -std=gnu++17 -fPIC -MD -MT
      CMakeFiles/transformer_engine.dir/transformer_engine.cpp.o -MF
      CMakeFiles/transformer_engine.dir/transformer_engine.cpp.o.d -o
      CMakeFiles/transformer_engine.dir/transformer_engine.cpp.o -c
      /dev/shm/TransformerEngine/transformer_engine/common/transformer_engine.cpp
      FAILED: [code=1]
      CMakeFiles/transformer_engine.dir/transformer_engine.cpp.o
      /usr/bin/c++ -DNVTE_BUILD_LEGACY_STATIC_FUSED_SOFTMAX=0
      -DNVTE_BUILD_LEGACY_STATIC_NORM=0
      -DNVTE_BUILD_NUM_PHILOX_ROUNDS=10 -DNVTE_WITH_NCCL_EP
      -DNV_CUDNN_FRONTEND_USE_DYNAMIC_LOADING -Dtransformer_engine_EXPORTS
      -I/dev/shm/TransformerEngine/transformer_engine/common/..
      -I/dev/shm/TransformerEngine/transformer_engine/common/include
      -I/venv/main/lib/python3.12/site-packages/include
      -I/dev/shm/TransformerEngine/transformer_engine/common/../../3rdparty/cutlass/include
      -I/dev/shm/TransformerEngine/transformer_engine/common/../../3rdparty/cutlass/tools/util/include
      -I/dev/shm/TransformerEngine/transformer_engine/common/../../3rdparty/nccl-extensions/build/include
      -I/dev/shm/TransformerEngine/build/temp.linux-x86_64-cpython-312/cmake-build-transformer_engine-3x47vimh/string_headers
      -isystem /usr/local/cuda-12.9/targets/x86_64-linux/include -isystem
      /usr/local/cuda-12.9/targets/x86_64-linux/include/cccl -isystem
      /venv/main/lib/python3.12/site-packages/nvidia/cudnn/include
      -O3 -DNDEBUG -std=gnu++17 -fPIC -MD -MT
      CMakeFiles/transformer_engine.dir/transformer_engine.cpp.o -MF
      CMakeFiles/transformer_engine.dir/transformer_engine.cpp.o.d -o
      CMakeFiles/transformer_engine.dir/transformer_engine.cpp.o -c
      /dev/shm/TransformerEngine/transformer_engine/common/transformer_engine.cpp
      In file included from
      /dev/shm/TransformerEngine/transformer_engine/common/common.h:44,
                       from
      /dev/shm/TransformerEngine/transformer_engine/common/transformer_engine.cpp:25:
      /dev/shm/TransformerEngine/transformer_engine/common/./util/logging.h:13:10:
      fatal error: nvrtc.h: No such file or directory
         13 | #include <nvrtc.h>
            |          ^~~~~~~~~
      compilation terminated.
      [46/99] /usr/bin/c++ -DNVTE_BUILD_LEGACY_STATIC_FUSED_SOFTMAX=0
      -DNVTE_BUILD_LEGACY_STATIC_NORM=0
      -DNVTE_BUILD_NUM_PHILOX_ROUNDS=10 -DNVTE_WITH_NCCL_EP
      -DNV_CUDNN_FRONTEND_USE_DYNAMIC_LOADING -Dtransformer_engine_EXPORTS
      -I/dev/shm/TransformerEngine/transformer_engine/common/..
      -I/dev/shm/TransformerEngine/transformer_engine/common/include
      -I/venv/main/lib/python3.12/site-packages/include
      -I/dev/shm/TransformerEngine/transformer_engine/common/../../3rdparty/cutlass/include
      -I/dev/shm/TransformerEngine/transformer_engine/common/../../3rdparty/cutlass/tools/util/include
      -I/dev/shm/TransformerEngine/transformer_engine/common/../../3rdparty/nccl-extensions/build/include
      -I/dev/shm/TransformerEngine/build/temp.linux-x86_64-cpython-312/cmake-build-transformer_engine-3x47vimh/string_headers
      -isystem /usr/local/cuda-12.9/targets/x86_64-linux/include -isystem
      /usr/local/cuda-12.9/targets/x86_64-linux/include/cccl -isystem
      /venv/main/lib/python3.12/site-packages/nvidia/cudnn/include
      -O3 -DNDEBUG -std=gnu++17 -fPIC -MD -MT
      CMakeFiles/transformer_engine.dir/normalization/layernorm/ln_api.cpp.o -MF
      CMakeFiles/transformer_engine.dir/normalization/layernorm/ln_api.cpp.o.d
      -o
      CMakeFiles/transformer_engine.dir/normalization/layernorm/ln_api.cpp.o -c
      /dev/shm/TransformerEngine/transformer_engine/common/normalization/layernorm/ln_api.cpp
      FAILED: [code=1]
      CMakeFiles/transformer_engine.dir/normalization/layernorm/ln_api.cpp.o
      /usr/bin/c++ -DNVTE_BUILD_LEGACY_STATIC_FUSED_SOFTMAX=0
      -DNVTE_BUILD_LEGACY_STATIC_NORM=0
      -DNVTE_BUILD_NUM_PHILOX_ROUNDS=10 -DNVTE_WITH_NCCL_EP
      -DNV_CUDNN_FRONTEND_USE_DYNAMIC_LOADING -Dtransformer_engine_EXPORTS
      -I/dev/shm/TransformerEngine/transformer_engine/common/..
      -I/dev/shm/TransformerEngine/transformer_engine/common/include
      -I/venv/main/lib/python3.12/site-packages/include
      -I/dev/shm/TransformerEngine/transformer_engine/common/../../3rdparty/cutlass/include
      -I/dev/shm/TransformerEngine/transformer_engine/common/../../3rdparty/cutlass/tools/util/include
      -I/dev/shm/TransformerEngine/transformer_engine/common/../../3rdparty/nccl-extensions/build/include
      -I/dev/shm/TransformerEngine/build/temp.linux-x86_64-cpython-312/cmake-build-transformer_engine-3x47vimh/string_headers
      -isystem /usr/local/cuda-12.9/targets/x86_64-linux/include -isystem
      /usr/local/cuda-12.9/targets/x86_64-linux/include/cccl -isystem
      /venv/main/lib/python3.12/site-packages/nvidia/cudnn/include
      -O3 -DNDEBUG -std=gnu++17 -fPIC -MD -MT
      CMakeFiles/transformer_engine.dir/normalization/layernorm/ln_api.cpp.o -MF
      CMakeFiles/transformer_engine.dir/normalization/layernorm/ln_api.cpp.o.d
      -o
      CMakeFiles/transformer_engine.dir/normalization/layernorm/ln_api.cpp.o -c
      /dev/shm/TransformerEngine/transformer_engine/common/normalization/layernorm/ln_api.cpp
      In file included from
      /dev/shm/TransformerEngine/transformer_engine/common/normalization/layernorm/../../common.h:44,
                       from
      /dev/shm/TransformerEngine/transformer_engine/common/normalization/layernorm/ln_api.cpp:15:
      /dev/shm/TransformerEngine/transformer_engine/common/normalization/layernorm/../.././util/logging.h:13:10:
      fatal error: nvrtc.h: No such file or directory
         13 | #include <nvrtc.h>
            |          ^~~~~~~~~
      compilation terminated.
      [47/99] /usr/bin/c++ -DNVTE_BUILD_LEGACY_STATIC_FUSED_SOFTMAX=0
      -DNVTE_BUILD_LEGACY_STATIC_NORM=0
      -DNVTE_BUILD_NUM_PHILOX_ROUNDS=10 -DNVTE_WITH_NCCL_EP
      -DNV_CUDNN_FRONTEND_USE_DYNAMIC_LOADING -Dtransformer_engine_EXPORTS
      -I/dev/shm/TransformerEngine/transformer_engine/common/..
      -I/dev/shm/TransformerEngine/transformer_engine/common/include
      -I/venv/main/lib/python3.12/site-packages/include
      -I/dev/shm/TransformerEngine/transformer_engine/common/../../3rdparty/cutlass/include
      -I/dev/shm/TransformerEngine/transformer_engine/common/../../3rdparty/cutlass/tools/util/include
      -I/dev/shm/TransformerEngine/transformer_engine/common/../../3rdparty/nccl-extensions/build/include
      -I/dev/shm/TransformerEngine/build/temp.linux-x86_64-cpython-312/cmake-build-transformer_engine-3x47vimh/string_headers
      -isystem /usr/local/cuda-12.9/targets/x86_64-linux/include -isystem
      /usr/local/cuda-12.9/targets/x86_64-linux/include/cccl -isystem
      /venv/main/lib/python3.12/site-packages/nvidia/cudnn/include
      -O3 -DNDEBUG -std=gnu++17 -fPIC -MD -MT
      CMakeFiles/transformer_engine.dir/newton_schulz/newton_schulz.cpp.o -MF
      CMakeFiles/transformer_engine.dir/newton_schulz/newton_schulz.cpp.o.d -o
      CMakeFiles/transformer_engine.dir/newton_schulz/newton_schulz.cpp.o -c
      /dev/shm/TransformerEngine/transformer_engine/common/newton_schulz/newton_schulz.cpp
      FAILED: [code=1]
      CMakeFiles/transformer_engine.dir/newton_schulz/newton_schulz.cpp.o
      /usr/bin/c++ -DNVTE_BUILD_LEGACY_STATIC_FUSED_SOFTMAX=0
      -DNVTE_BUILD_LEGACY_STATIC_NORM=0
      -DNVTE_BUILD_NUM_PHILOX_ROUNDS=10 -DNVTE_WITH_NCCL_EP
      -DNV_CUDNN_FRONTEND_USE_DYNAMIC_LOADING -Dtransformer_engine_EXPORTS
      -I/dev/shm/TransformerEngine/transformer_engine/common/..
      -I/dev/shm/TransformerEngine/transformer_engine/common/include
      -I/venv/main/lib/python3.12/site-packages/include
      -I/dev/shm/TransformerEngine/transformer_engine/common/../../3rdparty/cutlass/include
      -I/dev/shm/TransformerEngine/transformer_engine/common/../../3rdparty/cutlass/tools/util/include
      -I/dev/shm/TransformerEngine/transformer_engine/common/../../3rdparty/nccl-extensions/build/include
      -I/dev/shm/TransformerEngine/build/temp.linux-x86_64-cpython-312/cmake-build-transformer_engine-3x47vimh/string_headers
      -isystem /usr/local/cuda-12.9/targets/x86_64-linux/include -isystem
      /usr/local/cuda-12.9/targets/x86_64-linux/include/cccl -isystem
      /venv/main/lib/python3.12/site-packages/nvidia/cudnn/include
      -O3 -DNDEBUG -std=gnu++17 -fPIC -MD -MT
      CMakeFiles/transformer_engine.dir/newton_schulz/newton_schulz.cpp.o -MF
      CMakeFiles/transformer_engine.dir/newton_schulz/newton_schulz.cpp.o.d -o
      CMakeFiles/transformer_engine.dir/newton_schulz/newton_schulz.cpp.o -c
      /dev/shm/TransformerEngine/transformer_engine/common/newton_schulz/newton_schulz.cpp
      In file included from
      /dev/shm/TransformerEngine/transformer_engine/common/newton_schulz/../common.h:44,
                       from
      /dev/shm/TransformerEngine/transformer_engine/common/newton_schulz/newton_schulz.cpp:14:
      /dev/shm/TransformerEngine/transformer_engine/common/newton_schulz/.././util/logging.h:13:10:
      fatal error: nvrtc.h: No such file or directory
         13 | #include <nvrtc.h>
            |          ^~~~~~~~~
      compilation terminated.
      [48/99] /usr/local/cuda-12.9/bin/nvcc -forward-unknown-to-host-compiler
      -DNVTE_BUILD_LEGACY_STATIC_FUSED_SOFTMAX=0
      -DNVTE_BUILD_LEGACY_STATIC_NORM=0
      -DNVTE_BUILD_NUM_PHILOX_ROUNDS=10 -DNVTE_WITH_NCCL_EP
      -DNV_CUDNN_FRONTEND_USE_DYNAMIC_LOADING -Dtransformer_engine_EXPORTS
      -I/dev/shm/TransformerEngine/transformer_engine/common/..
      -I/dev/shm/TransformerEngine/transformer_engine/common/include
      -I/venv/main/lib/python3.12/site-packages/include
      -I/dev/shm/TransformerEngine/transformer_engine/common/../../3rdparty/cutlass/include
      -I/dev/shm/TransformerEngine/transformer_engine/common/../../3rdparty/cutlass/tools/util/include
      -I/dev/shm/TransformerEngine/transformer_engine/common/../../3rdparty/nccl-extensions/build/include
      -I/dev/shm/TransformerEngine/build/temp.linux-x86_64-cpython-312/cmake-build-transformer_engine-3x47vimh/string_headers
      -isystem /usr/local/cuda-12.9/targets/x86_64-linux/include/cccl
      -isystem /venv/main/lib/python3.12/site-packages/nvidia/cudnn/include
      --expt-relaxed-constexpr -O3 -Xfatbin -compress-all
      --threads 1 -O3 -DNDEBUG -std=c++17 -Xcompiler=-fPIC
      --generate-code=arch=compute_100,code=sm_100 -MD -MT
      CMakeFiles/transformer_engine.dir/util/utils.cu.o -MF
      CMakeFiles/transformer_engine.dir/util/utils.cu.o.d -x cu -c
      /dev/shm/TransformerEngine/transformer_engine/common/util/utils.cu -o
      CMakeFiles/transformer_engine.dir/util/utils.cu.o
      FAILED: [code=1] CMakeFiles/transformer_engine.dir/util/utils.cu.o
      /usr/local/cuda-12.9/bin/nvcc -forward-unknown-to-host-compiler
      -DNVTE_BUILD_LEGACY_STATIC_FUSED_SOFTMAX=0
      -DNVTE_BUILD_LEGACY_STATIC_NORM=0
      -DNVTE_BUILD_NUM_PHILOX_ROUNDS=10 -DNVTE_WITH_NCCL_EP
      -DNV_CUDNN_FRONTEND_USE_DYNAMIC_LOADING -Dtransformer_engine_EXPORTS
      -I/dev/shm/TransformerEngine/transformer_engine/common/..
      -I/dev/shm/TransformerEngine/transformer_engine/common/include
      -I/venv/main/lib/python3.12/site-packages/include
      -I/dev/shm/TransformerEngine/transformer_engine/common/../../3rdparty/cutlass/include
      -I/dev/shm/TransformerEngine/transformer_engine/common/../../3rdparty/cutlass/tools/util/include
      -I/dev/shm/TransformerEngine/transformer_engine/common/../../3rdparty/nccl-extensions/build/include
      -I/dev/shm/TransformerEngine/build/temp.linux-x86_64-cpython-312/cmake-build-transformer_engine-3x47vimh/string_headers
      -isystem /usr/local/cuda-12.9/targets/x86_64-linux/include/cccl
      -isystem /venv/main/lib/python3.12/site-packages/nvidia/cudnn/include
      --expt-relaxed-constexpr -O3 -Xfatbin -compress-all
      --threads 1 -O3 -DNDEBUG -std=c++17 -Xcompiler=-fPIC
      --generate-code=arch=compute_100,code=sm_100 -MD -MT
      CMakeFiles/transformer_engine.dir/util/utils.cu.o -MF
      CMakeFiles/transformer_engine.dir/util/utils.cu.o.d -x cu -c
      /dev/shm/TransformerEngine/transformer_engine/common/util/utils.cu -o
      CMakeFiles/transformer_engine.dir/util/utils.cu.o
      In file included from
      /dev/shm/TransformerEngine/transformer_engine/common/util/../common.h:44,
                       from
      /dev/shm/TransformerEngine/transformer_engine/common/util/utils.cu:13:
      /dev/shm/TransformerEngine/transformer_engine/common/util/.././util/logging.h:13:10:
      fatal error: nvrtc.h: No such file or directory
         13 | #include <nvrtc.h>
            |          ^~~~~~~~~
      compilation terminated.
      [49/99] /usr/local/cuda-12.9/bin/nvcc -forward-unknown-to-host-compiler
      -DNVTE_BUILD_LEGACY_STATIC_FUSED_SOFTMAX=0
      -DNVTE_BUILD_LEGACY_STATIC_NORM=0
      -DNVTE_BUILD_NUM_PHILOX_ROUNDS=10 -DNVTE_WITH_NCCL_EP
      -DNV_CUDNN_FRONTEND_USE_DYNAMIC_LOADING -Dtransformer_engine_EXPORTS
      -I/dev/shm/TransformerEngine/transformer_engine/common/..
      -I/dev/shm/TransformerEngine/transformer_engine/common/include
      -I/venv/main/lib/python3.12/site-packages/include
      -I/dev/shm/TransformerEngine/transformer_engine/common/../../3rdparty/cutlass/include
      -I/dev/shm/TransformerEngine/transformer_engine/common/../../3rdparty/cutlass/tools/util/include
      -I/dev/shm/TransformerEngine/transformer_engine/common/../../3rdparty/nccl-extensions/build/include
      -I/dev/shm/TransformerEngine/build/temp.linux-x86_64-cpython-312/cmake-build-transformer_engine-3x47vimh/string_headers
      -isystem /usr/local/cuda-12.9/targets/x86_64-linux/include/cccl
      -isystem /venv/main/lib/python3.12/site-packages/nvidia/cudnn/include
      --expt-relaxed-constexpr -O3 -Xfatbin -compress-all
      --threads 1 -O3 -DNDEBUG -std=c++17 -Xcompiler=-fPIC
      --generate-code=arch=compute_100,code=sm_100 --use_fast_math -MD -MT
      CMakeFiles/transformer_engine.dir/fused_attn/context_parallel.cu.o -MF
      CMakeFiles/transformer_engine.dir/fused_attn/context_parallel.cu.o.d
      -x cu -c
      /dev/shm/TransformerEngine/transformer_engine/common/fused_attn/context_parallel.cu
      -o CMakeFiles/transformer_engine.dir/fused_attn/context_parallel.cu.o
      FAILED: [code=1]
      CMakeFiles/transformer_engine.dir/fused_attn/context_parallel.cu.o
      /usr/local/cuda-12.9/bin/nvcc -forward-unknown-to-host-compiler
      -DNVTE_BUILD_LEGACY_STATIC_FUSED_SOFTMAX=0
      -DNVTE_BUILD_LEGACY_STATIC_NORM=0
      -DNVTE_BUILD_NUM_PHILOX_ROUNDS=10 -DNVTE_WITH_NCCL_EP
      -DNV_CUDNN_FRONTEND_USE_DYNAMIC_LOADING -Dtransformer_engine_EXPORTS
      -I/dev/shm/TransformerEngine/transformer_engine/common/..
      -I/dev/shm/TransformerEngine/transformer_engine/common/include
      -I/venv/main/lib/python3.12/site-packages/include
      -I/dev/shm/TransformerEngine/transformer_engine/common/../../3rdparty/cutlass/include
      -I/dev/shm/TransformerEngine/transformer_engine/common/../../3rdparty/cutlass/tools/util/include
      -I/dev/shm/TransformerEngine/transformer_engine/common/../../3rdparty/nccl-extensions/build/include
      -I/dev/shm/TransformerEngine/build/temp.linux-x86_64-cpython-312/cmake-build-transformer_engine-3x47vimh/string_headers
      -isystem /usr/local/cuda-12.9/targets/x86_64-linux/include/cccl
      -isystem /venv/main/lib/python3.12/site-packages/nvidia/cudnn/include
      --expt-relaxed-constexpr -O3 -Xfatbin -compress-all
      --threads 1 -O3 -DNDEBUG -std=c++17 -Xcompiler=-fPIC
      --generate-code=arch=compute_100,code=sm_100 --use_fast_math -MD -MT
      CMakeFiles/transformer_engine.dir/fused_attn/context_parallel.cu.o -MF
      CMakeFiles/transformer_engine.dir/fused_attn/context_parallel.cu.o.d
      -x cu -c
      /dev/shm/TransformerEngine/transformer_engine/common/fused_attn/context_parallel.cu
      -o CMakeFiles/transformer_engine.dir/fused_attn/context_parallel.cu.o
      In file included from
      /dev/shm/TransformerEngine/transformer_engine/common/fused_attn/../common.h:44,
                       from
      /dev/shm/TransformerEngine/transformer_engine/common/fused_attn/context_parallel.cu:11:
      /dev/shm/TransformerEngine/transformer_engine/common/fused_attn/.././util/logging.h:13:10:
      fatal error: nvrtc.h: No such file or directory
         13 | #include <nvrtc.h>
            |          ^~~~~~~~~
      compilation terminated.
      [50/99] /usr/local/cuda-12.9/bin/nvcc -forward-unknown-to-host-compiler
      -DNVTE_BUILD_LEGACY_STATIC_FUSED_SOFTMAX=0
      -DNVTE_BUILD_LEGACY_STATIC_NORM=0
      -DNVTE_BUILD_NUM_PHILOX_ROUNDS=10 -DNVTE_WITH_NCCL_EP
      -DNV_CUDNN_FRONTEND_USE_DYNAMIC_LOADING -Dtransformer_engine_EXPORTS
      -I/dev/shm/TransformerEngine/transformer_engine/common/..
      -I/dev/shm/TransformerEngine/transformer_engine/common/include
      -I/venv/main/lib/python3.12/site-packages/include
      -I/dev/shm/TransformerEngine/transformer_engine/common/../../3rdparty/cutlass/include
      -I/dev/shm/TransformerEngine/transformer_engine/common/../../3rdparty/cutlass/tools/util/include
      -I/dev/shm/TransformerEngine/transformer_engine/common/../../3rdparty/nccl-extensions/build/include
      -I/dev/shm/TransformerEngine/build/temp.linux-x86_64-cpython-312/cmake-build-transformer_engine-3x47vimh/string_headers
      -isystem /usr/local/cuda-12.9/targets/x86_64-linux/include/cccl
      -isystem /venv/main/lib/python3.12/site-packages/nvidia/cudnn/include
      --expt-relaxed-constexpr -O3 -Xfatbin -compress-all
      --threads 1 -O3 -DNDEBUG -std=c++17 -Xcompiler=-fPIC
      --generate-code=arch=compute_100,code=sm_100 -MD -MT
      CMakeFiles/transformer_engine.dir/swizzle/swizzle.cu.o -MF
      CMakeFiles/transformer_engine.dir/swizzle/swizzle.cu.o.d -x cu -c
      /dev/shm/TransformerEngine/transformer_engine/common/swizzle/swizzle.cu
      -o CMakeFiles/transformer_engine.dir/swizzle/swizzle.cu.o
      FAILED: [code=1] CMakeFiles/transformer_engine.dir/swizzle/swizzle.cu.o
      /usr/local/cuda-12.9/bin/nvcc -forward-unknown-to-host-compiler
      -DNVTE_BUILD_LEGACY_STATIC_FUSED_SOFTMAX=0
      -DNVTE_BUILD_LEGACY_STATIC_NORM=0
      -DNVTE_BUILD_NUM_PHILOX_ROUNDS=10 -DNVTE_WITH_NCCL_EP
      -DNV_CUDNN_FRONTEND_USE_DYNAMIC_LOADING -Dtransformer_engine_EXPORTS
      -I/dev/shm/TransformerEngine/transformer_engine/common/..
      -I/dev/shm/TransformerEngine/transformer_engine/common/include
      -I/venv/main/lib/python3.12/site-packages/include
      -I/dev/shm/TransformerEngine/transformer_engine/common/../../3rdparty/cutlass/include
      -I/dev/shm/TransformerEngine/transformer_engine/common/../../3rdparty/cutlass/tools/util/include
      -I/dev/shm/TransformerEngine/transformer_engine/common/../../3rdparty/nccl-extensions/build/include
      -I/dev/shm/TransformerEngine/build/temp.linux-x86_64-cpython-312/cmake-build-transformer_engine-3x47vimh/string_headers
      -isystem /usr/local/cuda-12.9/targets/x86_64-linux/include/cccl
      -isystem /venv/main/lib/python3.12/site-packages/nvidia/cudnn/include
      --expt-relaxed-constexpr -O3 -Xfatbin -compress-all
      --threads 1 -O3 -DNDEBUG -std=c++17 -Xcompiler=-fPIC
      --generate-code=arch=compute_100,code=sm_100 -MD -MT
      CMakeFiles/transformer_engine.dir/swizzle/swizzle.cu.o -MF
      CMakeFiles/transformer_engine.dir/swizzle/swizzle.cu.o.d -x cu -c
      /dev/shm/TransformerEngine/transformer_engine/common/swizzle/swizzle.cu
      -o CMakeFiles/transformer_engine.dir/swizzle/swizzle.cu.o
      In file included from
      /dev/shm/TransformerEngine/transformer_engine/common/swizzle/../common.h:44,
                       from
      /dev/shm/TransformerEngine/transformer_engine/common/swizzle/swizzle.cu:16:
      /dev/shm/TransformerEngine/transformer_engine/common/swizzle/.././util/logging.h:13:10:
      fatal error: nvrtc.h: No such file or directory
         13 | #include <nvrtc.h>
            |          ^~~~~~~~~
      compilation terminated.
      [51/99] /usr/bin/c++ -DNVTE_BUILD_LEGACY_STATIC_FUSED_SOFTMAX=0
      -DNVTE_BUILD_LEGACY_STATIC_NORM=0
      -DNVTE_BUILD_NUM_PHILOX_ROUNDS=10 -DNVTE_WITH_NCCL_EP
      -DNV_CUDNN_FRONTEND_USE_DYNAMIC_LOADING -Dtransformer_engine_EXPORTS
      -I/dev/shm/TransformerEngine/transformer_engine/common/..
      -I/dev/shm/TransformerEngine/transformer_engine/common/include
      -I/venv/main/lib/python3.12/site-packages/include
      -I/dev/shm/TransformerEngine/transformer_engine/common/../../3rdparty/cutlass/include
      -I/dev/shm/TransformerEngine/transformer_engine/common/../../3rdparty/cutlass/tools/util/include
      -I/dev/shm/TransformerEngine/transformer_engine/common/../../3rdparty/nccl-extensions/build/include
      -I/dev/shm/TransformerEngine/build/temp.linux-x86_64-cpython-312/cmake-build-transformer_engine-3x47vimh/string_headers
      -isystem /usr/local/cuda-12.9/targets/x86_64-linux/include -isystem
      /usr/local/cuda-12.9/targets/x86_64-linux/include/cccl -isystem
      /venv/main/lib/python3.12/site-packages/nvidia/cudnn/include
      -O3 -DNDEBUG -std=gnu++17 -fPIC -MD -MT
      CMakeFiles/transformer_engine.dir/normalization/rtc_dispatch.cpp.o -MF
      CMakeFiles/transformer_engine.dir/normalization/rtc_dispatch.cpp.o.d -o
      CMakeFiles/transformer_engine.dir/normalization/rtc_dispatch.cpp.o -c
      /dev/shm/TransformerEngine/transformer_engine/common/normalization/rtc_dispatch.cpp
      FAILED: [code=1]
      CMakeFiles/transformer_engine.dir/normalization/rtc_dispatch.cpp.o
      /usr/bin/c++ -DNVTE_BUILD_LEGACY_STATIC_FUSED_SOFTMAX=0
      -DNVTE_BUILD_LEGACY_STATIC_NORM=0
      -DNVTE_BUILD_NUM_PHILOX_ROUNDS=10 -DNVTE_WITH_NCCL_EP
      -DNV_CUDNN_FRONTEND_USE_DYNAMIC_LOADING -Dtransformer_engine_EXPORTS
      -I/dev/shm/TransformerEngine/transformer_engine/common/..
      -I/dev/shm/TransformerEngine/transformer_engine/common/include
      -I/venv/main/lib/python3.12/site-packages/include
      -I/dev/shm/TransformerEngine/transformer_engine/common/../../3rdparty/cutlass/include
      -I/dev/shm/TransformerEngine/transformer_engine/common/../../3rdparty/cutlass/tools/util/include
      -I/dev/shm/TransformerEngine/transformer_engine/common/../../3rdparty/nccl-extensions/build/include
      -I/dev/shm/TransformerEngine/build/temp.linux-x86_64-cpython-312/cmake-build-transformer_engine-3x47vimh/string_headers
      -isystem /usr/local/cuda-12.9/targets/x86_64-linux/include -isystem
      /usr/local/cuda-12.9/targets/x86_64-linux/include/cccl -isystem
      /venv/main/lib/python3.12/site-packages/nvidia/cudnn/include
      -O3 -DNDEBUG -std=gnu++17 -fPIC -MD -MT
      CMakeFiles/transformer_engine.dir/normalization/rtc_dispatch.cpp.o -MF
      CMakeFiles/transformer_engine.dir/normalization/rtc_dispatch.cpp.o.d -o
      CMakeFiles/transformer_engine.dir/normalization/rtc_dispatch.cpp.o -c
      /dev/shm/TransformerEngine/transformer_engine/common/normalization/rtc_dispatch.cpp
      In file included from
      /venv/main/lib/python3.12/site-packages/include/cudnn_frontend/node/../experimental/oss_engine_interface.h:8,
                       from
      /venv/main/lib/python3.12/site-packages/include/cudnn_frontend/node/../experimental/sm100_rms_norm_silu_engine.h:8,
                       from
      /venv/main/lib/python3.12/site-packages/include/cudnn_frontend/node/../plans.h:21,
                       from
      /venv/main/lib/python3.12/site-packages/include/cudnn_frontend/node/../cudnn_interface.h:22,
                       from
      /venv/main/lib/python3.12/site-packages/include/cudnn_frontend/node/../node_interface.h:25,
                       from
      /venv/main/lib/python3.12/site-packages/include/cudnn_frontend/node/batchnorm.h:9,
                       from
      /venv/main/lib/python3.12/site-packages/include/cudnn_frontend/graph_interface.h:16,
                       from
      /venv/main/lib/python3.12/site-packages/include/cudnn_frontend.h:112,
                       from
      /dev/shm/TransformerEngine/transformer_engine/common/normalization/common.h:11,
                       from
      /dev/shm/TransformerEngine/transformer_engine/common/normalization/rtc_dispatch.h:12,
                       from
      /dev/shm/TransformerEngine/transformer_engine/common/normalization/rtc_dispatch.cpp:14:
      /venv/main/lib/python3.12/site-packages/include/cudnn_frontend/node/../experimental/nvrtc_shim.h:8:10:
      fatal error: nvrtc.h: No such file or directory
          8 | #include <nvrtc.h>
            |          ^~~~~~~~~
      compilation terminated.
      [52/99] /usr/bin/c++ -DNVTE_BUILD_LEGACY_STATIC_FUSED_SOFTMAX=0
      -DNVTE_BUILD_LEGACY_STATIC_NORM=0
      -DNVTE_BUILD_NUM_PHILOX_ROUNDS=10 -DNVTE_WITH_NCCL_EP
      -DNV_CUDNN_FRONTEND_USE_DYNAMIC_LOADING -Dtransformer_engine_EXPORTS
      -I/dev/shm/TransformerEngine/transformer_engine/common/..
      -I/dev/shm/TransformerEngine/transformer_engine/common/include
      -I/venv/main/lib/python3.12/site-packages/include
      -I/dev/shm/TransformerEngine/transformer_engine/common/../../3rdparty/cutlass/include
      -I/dev/shm/TransformerEngine/transformer_engine/common/../../3rdparty/cutlass/tools/util/include
      -I/dev/shm/TransformerEngine/transformer_engine/common/../../3rdparty/nccl-extensions/build/include
      -I/dev/shm/TransformerEngine/build/temp.linux-x86_64-cpython-312/cmake-build-transformer_engine-3x47vimh/string_headers
      -isystem /usr/local/cuda-12.9/targets/x86_64-linux/include -isystem
      /usr/local/cuda-12.9/targets/x86_64-linux/include/cccl -isystem
      /venv/main/lib/python3.12/site-packages/nvidia/cudnn/include
      -O3 -DNDEBUG -std=gnu++17 -fPIC -MD -MT
      CMakeFiles/transformer_engine.dir/ep/ep_backend.cpp.o -MF
      CMakeFiles/transformer_engine.dir/ep/ep_backend.cpp.o.d -o
      CMakeFiles/transformer_engine.dir/ep/ep_backend.cpp.o -c
      /dev/shm/TransformerEngine/transformer_engine/common/ep/ep_backend.cpp
      FAILED: [code=1] CMakeFiles/transformer_engine.dir/ep/ep_backend.cpp.o
      /usr/bin/c++ -DNVTE_BUILD_LEGACY_STATIC_FUSED_SOFTMAX=0
      -DNVTE_BUILD_LEGACY_STATIC_NORM=0
      -DNVTE_BUILD_NUM_PHILOX_ROUNDS=10 -DNVTE_WITH_NCCL_EP
      -DNV_CUDNN_FRONTEND_USE_DYNAMIC_LOADING -Dtransformer_engine_EXPORTS
      -I/dev/shm/TransformerEngine/transformer_engine/common/..
      -I/dev/shm/TransformerEngine/transformer_engine/common/include
      -I/venv/main/lib/python3.12/site-packages/include
      -I/dev/shm/TransformerEngine/transformer_engine/common/../../3rdparty/cutlass/include
      -I/dev/shm/TransformerEngine/transformer_engine/common/../../3rdparty/cutlass/tools/util/include
      -I/dev/shm/TransformerEngine/transformer_engine/common/../../3rdparty/nccl-extensions/build/include
      -I/dev/shm/TransformerEngine/build/temp.linux-x86_64-cpython-312/cmake-build-transformer_engine-3x47vimh/string_headers
      -isystem /usr/local/cuda-12.9/targets/x86_64-linux/include -isystem
      /usr/local/cuda-12.9/targets/x86_64-linux/include/cccl -isystem
      /venv/main/lib/python3.12/site-packages/nvidia/cudnn/include
      -O3 -DNDEBUG -std=gnu++17 -fPIC -MD -MT
      CMakeFiles/transformer_engine.dir/ep/ep_backend.cpp.o -MF
      CMakeFiles/transformer_engine.dir/ep/ep_backend.cpp.o.d -o
      CMakeFiles/transformer_engine.dir/ep/ep_backend.cpp.o -c
      /dev/shm/TransformerEngine/transformer_engine/common/ep/ep_backend.cpp
      In file included from
      /dev/shm/TransformerEngine/transformer_engine/common/ep/../common.h:44,
                       from
      /dev/shm/TransformerEngine/transformer_engine/common/ep/ep_backend.cpp:23:
      /dev/shm/TransformerEngine/transformer_engine/common/ep/.././util/logging.h:13:10:
      fatal error: nvrtc.h: No such file or directory
         13 | #include <nvrtc.h>
            |          ^~~~~~~~~
      compilation terminated.
      [53/99] /usr/local/cuda-12.9/bin/nvcc -forward-unknown-to-host-compiler
      -DNVTE_BUILD_LEGACY_STATIC_FUSED_SOFTMAX=0
      -DNVTE_BUILD_LEGACY_STATIC_NORM=0
      -DNVTE_BUILD_NUM_PHILOX_ROUNDS=10 -DNVTE_WITH_NCCL_EP
      -DNV_CUDNN_FRONTEND_USE_DYNAMIC_LOADING -Dtransformer_engine_EXPORTS
      -I/dev/shm/TransformerEngine/transformer_engine/common/..
      -I/dev/shm/TransformerEngine/transformer_engine/common/include
      -I/venv/main/lib/python3.12/site-packages/include
      -I/dev/shm/TransformerEngine/transformer_engine/common/../../3rdparty/cutlass/include
      -I/dev/shm/TransformerEngine/transformer_engine/common/../../3rdparty/cutlass/tools/util/include
      -I/dev/shm/TransformerEngine/transformer_engine/common/../../3rdparty/nccl-extensions/build/include
      -I/dev/shm/TransformerEngine/build/temp.linux-x86_64-cpython-312/cmake-build-transformer_engine-3x47vimh/string_headers
      -isystem /usr/local/cuda-12.9/targets/x86_64-linux/include/cccl
      -isystem /venv/main/lib/python3.12/site-packages/nvidia/cudnn/include
      --expt-relaxed-constexpr -O3 -Xfatbin -compress-all
      --threads 1 -O3 -DNDEBUG -std=c++17 -Xcompiler=-fPIC
      --generate-code=arch=compute_100a,code=sm_100a
      --generate-code=arch=compute_103a,code=sm_103a -MD -MT
      CMakeFiles/transformer_engine.dir/transpose/quantize_transpose_vector_blockwise_fp4.cu.o
      -MF
      CMakeFiles/transformer_engine.dir/transpose/quantize_transpose_vector_blockwise_fp4.cu.o.d
      -x cu -c
      /dev/shm/TransformerEngine/transformer_engine/common/transpose/quantize_transpose_vector_blockwise_fp4.cu
      -o
      CMakeFiles/transformer_engine.dir/transpose/quantize_transpose_vector_blockwise_fp4.cu.o
      FAILED: [code=1]
      CMakeFiles/transformer_engine.dir/transpose/quantize_transpose_vector_blockwise_fp4.cu.o
      /usr/local/cuda-12.9/bin/nvcc -forward-unknown-to-host-compiler
      -DNVTE_BUILD_LEGACY_STATIC_FUSED_SOFTMAX=0
      -DNVTE_BUILD_LEGACY_STATIC_NORM=0
      -DNVTE_BUILD_NUM_PHILOX_ROUNDS=10 -DNVTE_WITH_NCCL_EP
      -DNV_CUDNN_FRONTEND_USE_DYNAMIC_LOADING -Dtransformer_engine_EXPORTS
      -I/dev/shm/TransformerEngine/transformer_engine/common/..
      -I/dev/shm/TransformerEngine/transformer_engine/common/include
      -I/venv/main/lib/python3.12/site-packages/include
      -I/dev/shm/TransformerEngine/transformer_engine/common/../../3rdparty/cutlass/include
      -I/dev/shm/TransformerEngine/transformer_engine/common/../../3rdparty/cutlass/tools/util/include
      -I/dev/shm/TransformerEngine/transformer_engine/common/../../3rdparty/nccl-extensions/build/include
      -I/dev/shm/TransformerEngine/build/temp.linux-x86_64-cpython-312/cmake-build-transformer_engine-3x47vimh/string_headers
      -isystem /usr/local/cuda-12.9/targets/x86_64-linux/include/cccl
      -isystem /venv/main/lib/python3.12/site-packages/nvidia/cudnn/include
      --expt-relaxed-constexpr -O3 -Xfatbin -compress-all
      --threads 1 -O3 -DNDEBUG -std=c++17 -Xcompiler=-fPIC
      --generate-code=arch=compute_100a,code=sm_100a
      --generate-code=arch=compute_103a,code=sm_103a -MD -MT
      CMakeFiles/transformer_engine.dir/transpose/quantize_transpose_vector_blockwise_fp4.cu.o
      -MF
      CMakeFiles/transformer_engine.dir/transpose/quantize_transpose_vector_blockwise_fp4.cu.o.d
      -x cu -c
      /dev/shm/TransformerEngine/transformer_engine/common/transpose/quantize_transpose_vector_blockwise_fp4.cu
      -o
      CMakeFiles/transformer_engine.dir/transpose/quantize_transpose_vector_blockwise_fp4.cu.o
      In file included from
      /dev/shm/TransformerEngine/transformer_engine/common/../common/common.h:44,
                       from
      /dev/shm/TransformerEngine/transformer_engine/common/transpose/quantize_transpose_vector_blockwise_fp4.cu:17:
      /dev/shm/TransformerEngine/transformer_engine/common/../common/./util/logging.h:13:10:
      fatal error: nvrtc.h: No such file or directory
         13 | #include <nvrtc.h>
            |          ^~~~~~~~~
      compilation terminated.
      [54/99] /usr/local/cuda-12.9/bin/nvcc -forward-unknown-to-host-compiler
      -DNVTE_BUILD_LEGACY_STATIC_FUSED_SOFTMAX=0
      -DNVTE_BUILD_LEGACY_STATIC_NORM=0
      -DNVTE_BUILD_NUM_PHILOX_ROUNDS=10 -DNVTE_WITH_NCCL_EP
      -DNV_CUDNN_FRONTEND_USE_DYNAMIC_LOADING -Dtransformer_engine_EXPORTS
      -I/dev/shm/TransformerEngine/transformer_engine/common/..
      -I/dev/shm/TransformerEngine/transformer_engine/common/include
      -I/venv/main/lib/python3.12/site-packages/include
      -I/dev/shm/TransformerEngine/transformer_engine/common/../../3rdparty/cutlass/include
      -I/dev/shm/TransformerEngine/transformer_engine/common/../../3rdparty/cutlass/tools/util/include
      -I/dev/shm/TransformerEngine/transformer_engine/common/../../3rdparty/nccl-extensions/build/include
      -I/dev/shm/TransformerEngine/build/temp.linux-x86_64-cpython-312/cmake-build-transformer_engine-3x47vimh/string_headers
      -isystem /usr/local/cuda-12.9/targets/x86_64-linux/include/cccl
      -isystem /venv/main/lib/python3.12/site-packages/nvidia/cudnn/include
      --expt-relaxed-constexpr -O3 -Xfatbin -compress-all
      --threads 1 -O3 -DNDEBUG -std=c++17 -Xcompiler=-fPIC
      --generate-code=arch=compute_100,code=sm_100 -MD -MT
      CMakeFiles/transformer_engine.dir/util/splits_to_offsets.cu.o -MF
      CMakeFiles/transformer_engine.dir/util/splits_to_offsets.cu.o.d -x cu -c
      /dev/shm/TransformerEngine/transformer_engine/common/util/splits_to_offsets.cu
      -o CMakeFiles/transformer_engine.dir/util/splits_to_offsets.cu.o
      FAILED: [code=1]
      CMakeFiles/transformer_engine.dir/util/splits_to_offsets.cu.o
      /usr/local/cuda-12.9/bin/nvcc -forward-unknown-to-host-compiler
      -DNVTE_BUILD_LEGACY_STATIC_FUSED_SOFTMAX=0
      -DNVTE_BUILD_LEGACY_STATIC_NORM=0
      -DNVTE_BUILD_NUM_PHILOX_ROUNDS=10 -DNVTE_WITH_NCCL_EP
      -DNV_CUDNN_FRONTEND_USE_DYNAMIC_LOADING -Dtransformer_engine_EXPORTS
      -I/dev/shm/TransformerEngine/transformer_engine/common/..
      -I/dev/shm/TransformerEngine/transformer_engine/common/include
      -I/venv/main/lib/python3.12/site-packages/include
      -I/dev/shm/TransformerEngine/transformer_engine/common/../../3rdparty/cutlass/include
      -I/dev/shm/TransformerEngine/transformer_engine/common/../../3rdparty/cutlass/tools/util/include
      -I/dev/shm/TransformerEngine/transformer_engine/common/../../3rdparty/nccl-extensions/build/include
      -I/dev/shm/TransformerEngine/build/temp.linux-x86_64-cpython-312/cmake-build-transformer_engine-3x47vimh/string_headers
      -isystem /usr/local/cuda-12.9/targets/x86_64-linux/include/cccl
      -isystem /venv/main/lib/python3.12/site-packages/nvidia/cudnn/include
      --expt-relaxed-constexpr -O3 -Xfatbin -compress-all
      --threads 1 -O3 -DNDEBUG -std=c++17 -Xcompiler=-fPIC
      --generate-code=arch=compute_100,code=sm_100 -MD -MT
      CMakeFiles/transformer_engine.dir/util/splits_to_offsets.cu.o -MF
      CMakeFiles/transformer_engine.dir/util/splits_to_offsets.cu.o.d -x cu -c
      /dev/shm/TransformerEngine/transformer_engine/common/util/splits_to_offsets.cu
      -o CMakeFiles/transformer_engine.dir/util/splits_to_offsets.cu.o
      In file included from
      /dev/shm/TransformerEngine/transformer_engine/common/util/../common.h:44,
                       from
      /dev/shm/TransformerEngine/transformer_engine/common/util/splits_to_offsets.cu:12:
      /dev/shm/TransformerEngine/transformer_engine/common/util/.././util/logging.h:13:10:
      fatal error: nvrtc.h: No such file or directory
         13 | #include <nvrtc.h>
            |          ^~~~~~~~~
      compilation terminated.
      [55/99] /usr/local/cuda-12.9/bin/nvcc -forward-unknown-to-host-compiler
      -DNVTE_BUILD_LEGACY_STATIC_FUSED_SOFTMAX=0
      -DNVTE_BUILD_LEGACY_STATIC_NORM=0
      -DNVTE_BUILD_NUM_PHILOX_ROUNDS=10 -DNVTE_WITH_NCCL_EP
      -DNV_CUDNN_FRONTEND_USE_DYNAMIC_LOADING -Dtransformer_engine_EXPORTS
      -I/dev/shm/TransformerEngine/transformer_engine/common/..
      -I/dev/shm/TransformerEngine/transformer_engine/common/include
      -I/venv/main/lib/python3.12/site-packages/include
      -I/dev/shm/TransformerEngine/transformer_engine/common/../../3rdparty/cutlass/include
      -I/dev/shm/TransformerEngine/transformer_engine/common/../../3rdparty/cutlass/tools/util/include
      -I/dev/shm/TransformerEngine/transformer_engine/common/../../3rdparty/nccl-extensions/build/include
      -I/dev/shm/TransformerEngine/build/temp.linux-x86_64-cpython-312/cmake-build-transformer_engine-3x47vimh/string_headers
      -isystem /usr/local/cuda-12.9/targets/x86_64-linux/include/cccl
      -isystem /venv/main/lib/python3.12/site-packages/nvidia/cudnn/include
      --expt-relaxed-constexpr -O3 -Xfatbin -compress-all
      --threads 1 -O3 -DNDEBUG -std=c++17 -Xcompiler=-fPIC
      --generate-code=arch=compute_100,code=sm_100 -MD -MT
      CMakeFiles/transformer_engine.dir/transpose/transpose.cu.o -MF
      CMakeFiles/transformer_engine.dir/transpose/transpose.cu.o.d -x cu -c
      /dev/shm/TransformerEngine/transformer_engine/common/transpose/transpose.cu
      -o CMakeFiles/transformer_engine.dir/transpose/transpose.cu.o
      FAILED: [code=1]
      CMakeFiles/transformer_engine.dir/transpose/transpose.cu.o
      /usr/local/cuda-12.9/bin/nvcc -forward-unknown-to-host-compiler
      -DNVTE_BUILD_LEGACY_STATIC_FUSED_SOFTMAX=0
      -DNVTE_BUILD_LEGACY_STATIC_NORM=0
      -DNVTE_BUILD_NUM_PHILOX_ROUNDS=10 -DNVTE_WITH_NCCL_EP
      -DNV_CUDNN_FRONTEND_USE_DYNAMIC_LOADING -Dtransformer_engine_EXPORTS
      -I/dev/shm/TransformerEngine/transformer_engine/common/..
      -I/dev/shm/TransformerEngine/transformer_engine/common/include
      -I/venv/main/lib/python3.12/site-packages/include
      -I/dev/shm/TransformerEngine/transformer_engine/common/../../3rdparty/cutlass/include
      -I/dev/shm/TransformerEngine/transformer_engine/common/../../3rdparty/cutlass/tools/util/include
      -I/dev/shm/TransformerEngine/transformer_engine/common/../../3rdparty/nccl-extensions/build/include
      -I/dev/shm/TransformerEngine/build/temp.linux-x86_64-cpython-312/cmake-build-transformer_engine-3x47vimh/string_headers
      -isystem /usr/local/cuda-12.9/targets/x86_64-linux/include/cccl
      -isystem /venv/main/lib/python3.12/site-packages/nvidia/cudnn/include
      --expt-relaxed-constexpr -O3 -Xfatbin -compress-all
      --threads 1 -O3 -DNDEBUG -std=c++17 -Xcompiler=-fPIC
      --generate-code=arch=compute_100,code=sm_100 -MD -MT
      CMakeFiles/transformer_engine.dir/transpose/transpose.cu.o -MF
      CMakeFiles/transformer_engine.dir/transpose/transpose.cu.o.d -x cu -c
      /dev/shm/TransformerEngine/transformer_engine/common/transpose/transpose.cu
      -o CMakeFiles/transformer_engine.dir/transpose/transpose.cu.o
      In file included from
      /dev/shm/TransformerEngine/transformer_engine/common/transpose/../common.h:44,
                       from
      /dev/shm/TransformerEngine/transformer_engine/common/transpose/transpose.cu:13:
      /dev/shm/TransformerEngine/transformer_engine/common/transpose/.././util/logging.h:13:10:
      fatal error: nvrtc.h: No such file or directory
         13 | #include <nvrtc.h>
            |          ^~~~~~~~~
      compilation terminated.
      [56/99] /usr/bin/c++ -DNVTE_BUILD_LEGACY_STATIC_FUSED_SOFTMAX=0
      -DNVTE_BUILD_LEGACY_STATIC_NORM=0
      -DNVTE_BUILD_NUM_PHILOX_ROUNDS=10 -DNVTE_WITH_NCCL_EP
      -DNV_CUDNN_FRONTEND_USE_DYNAMIC_LOADING -Dtransformer_engine_EXPORTS
      -I/dev/shm/TransformerEngine/transformer_engine/common/..
      -I/dev/shm/TransformerEngine/transformer_engine/common/include
      -I/venv/main/lib/python3.12/site-packages/include
      -I/dev/shm/TransformerEngine/transformer_engine/common/../../3rdparty/cutlass/include
      -I/dev/shm/TransformerEngine/transformer_engine/common/../../3rdparty/cutlass/tools/util/include
      -I/dev/shm/TransformerEngine/transformer_engine/common/../../3rdparty/nccl-extensions/build/include
      -I/dev/shm/TransformerEngine/build/temp.linux-x86_64-cpython-312/cmake-build-transformer_engine-3x47vimh/string_headers
      -isystem /usr/local/cuda-12.9/targets/x86_64-linux/include -isystem
      /usr/local/cuda-12.9/targets/x86_64-linux/include/cccl -isystem
      /venv/main/lib/python3.12/site-packages/nvidia/cudnn/include
      -O3 -DNDEBUG -std=gnu++17 -fPIC -MD -MT
      CMakeFiles/transformer_engine.dir/normalization/common.cpp.o -MF
      CMakeFiles/transformer_engine.dir/normalization/common.cpp.o.d -o
      CMakeFiles/transformer_engine.dir/normalization/common.cpp.o -c
      /dev/shm/TransformerEngine/transformer_engine/common/normalization/common.cpp
      FAILED: [code=1]
      CMakeFiles/transformer_engine.dir/normalization/common.cpp.o
      /usr/bin/c++ -DNVTE_BUILD_LEGACY_STATIC_FUSED_SOFTMAX=0
      -DNVTE_BUILD_LEGACY_STATIC_NORM=0
      -DNVTE_BUILD_NUM_PHILOX_ROUNDS=10 -DNVTE_WITH_NCCL_EP
      -DNV_CUDNN_FRONTEND_USE_DYNAMIC_LOADING -Dtransformer_engine_EXPORTS
      -I/dev/shm/TransformerEngine/transformer_engine/common/..
      -I/dev/shm/TransformerEngine/transformer_engine/common/include
      -I/venv/main/lib/python3.12/site-packages/include
      -I/dev/shm/TransformerEngine/transformer_engine/common/../../3rdparty/cutlass/include
      -I/dev/shm/TransformerEngine/transformer_engine/common/../../3rdparty/cutlass/tools/util/include
      -I/dev/shm/TransformerEngine/transformer_engine/common/../../3rdparty/nccl-extensions/build/include
      -I/dev/shm/TransformerEngine/build/temp.linux-x86_64-cpython-312/cmake-build-transformer_engine-3x47vimh/string_headers
      -isystem /usr/local/cuda-12.9/targets/x86_64-linux/include -isystem
      /usr/local/cuda-12.9/targets/x86_64-linux/include/cccl -isystem
      /venv/main/lib/python3.12/site-packages/nvidia/cudnn/include
      -O3 -DNDEBUG -std=gnu++17 -fPIC -MD -MT
      CMakeFiles/transformer_engine.dir/normalization/common.cpp.o -MF
      CMakeFiles/transformer_engine.dir/normalization/common.cpp.o.d -o
      CMakeFiles/transformer_engine.dir/normalization/common.cpp.o -c
      /dev/shm/TransformerEngine/transformer_engine/common/normalization/common.cpp
      In file included from
      /venv/main/lib/python3.12/site-packages/include/cudnn_frontend/node/../experimental/oss_engine_interface.h:8,
                       from
      /venv/main/lib/python3.12/site-packages/include/cudnn_frontend/node/../experimental/sm100_rms_norm_silu_engine.h:8,
                       from
      /venv/main/lib/python3.12/site-packages/include/cudnn_frontend/node/../plans.h:21,
                       from
      /venv/main/lib/python3.12/site-packages/include/cudnn_frontend/node/../cudnn_interface.h:22,
                       from
      /venv/main/lib/python3.12/site-packages/include/cudnn_frontend/node/../node_interface.h:25,
                       from
      /venv/main/lib/python3.12/site-packages/include/cudnn_frontend/node/batchnorm.h:9,
                       from
      /venv/main/lib/python3.12/site-packages/include/cudnn_frontend/graph_interface.h:16,
                       from
      /venv/main/lib/python3.12/site-packages/include/cudnn_frontend.h:112,
                       from
      /dev/shm/TransformerEngine/transformer_engine/common/normalization/common.h:11,
                       from
      /dev/shm/TransformerEngine/transformer_engine/common/normalization/common.cpp:9:
      /venv/main/lib/python3.12/site-packages/include/cudnn_frontend/node/../experimental/nvrtc_shim.h:8:10:
      fatal error: nvrtc.h: No such file or directory
          8 | #include <nvrtc.h>
            |          ^~~~~~~~~
      compilation terminated.
      [57/99] /usr/local/cuda-12.9/bin/nvcc -forward-unknown-to-host-compiler
      -DNVTE_BUILD_LEGACY_STATIC_FUSED_SOFTMAX=0
      -DNVTE_BUILD_LEGACY_STATIC_NORM=0
      -DNVTE_BUILD_NUM_PHILOX_ROUNDS=10 -DNVTE_WITH_NCCL_EP
      -DNV_CUDNN_FRONTEND_USE_DYNAMIC_LOADING -Dtransformer_engine_EXPORTS
      -I/dev/shm/TransformerEngine/transformer_engine/common/..
      -I/dev/shm/TransformerEngine/transformer_engine/common/include
      -I/venv/main/lib/python3.12/site-packages/include
      -I/dev/shm/TransformerEngine/transformer_engine/common/../../3rdparty/cutlass/include
      -I/dev/shm/TransformerEngine/transformer_engine/common/../../3rdparty/cutlass/tools/util/include
      -I/dev/shm/TransformerEngine/transformer_engine/common/../../3rdparty/nccl-extensions/build/include
      -I/dev/shm/TransformerEngine/build/temp.linux-x86_64-cpython-312/cmake-build-transformer_engine-3x47vimh/string_headers
      -isystem /usr/local/cuda-12.9/targets/x86_64-linux/include/cccl
      -isystem /venv/main/lib/python3.12/site-packages/nvidia/cudnn/include
      --expt-relaxed-constexpr -O3 -Xfatbin -compress-all
      --threads 1 -O3 -DNDEBUG -std=c++17 -Xcompiler=-fPIC
      --generate-code=arch=compute_100,code=sm_100 -MD -MT
      CMakeFiles/transformer_engine.dir/transpose/quantize_transpose_vector_blockwise.cu.o
      -MF
      CMakeFiles/transformer_engine.dir/transpose/quantize_transpose_vector_blockwise.cu.o.d
      -x cu -c
      /dev/shm/TransformerEngine/transformer_engine/common/transpose/quantize_transpose_vector_blockwise.cu
      -o
      CMakeFiles/transformer_engine.dir/transpose/quantize_transpose_vector_blockwise.cu.o
      FAILED: [code=1]
      CMakeFiles/transformer_engine.dir/transpose/quantize_transpose_vector_blockwise.cu.o
      /usr/local/cuda-12.9/bin/nvcc -forward-unknown-to-host-compiler
      -DNVTE_BUILD_LEGACY_STATIC_FUSED_SOFTMAX=0
      -DNVTE_BUILD_LEGACY_STATIC_NORM=0
      -DNVTE_BUILD_NUM_PHILOX_ROUNDS=10 -DNVTE_WITH_NCCL_EP
      -DNV_CUDNN_FRONTEND_USE_DYNAMIC_LOADING -Dtransformer_engine_EXPORTS
      -I/dev/shm/TransformerEngine/transformer_engine/common/..
      -I/dev/shm/TransformerEngine/transformer_engine/common/include
      -I/venv/main/lib/python3.12/site-packages/include
      -I/dev/shm/TransformerEngine/transformer_engine/common/../../3rdparty/cutlass/include
      -I/dev/shm/TransformerEngine/transformer_engine/common/../../3rdparty/cutlass/tools/util/include
      -I/dev/shm/TransformerEngine/transformer_engine/common/../../3rdparty/nccl-extensions/build/include
      -I/dev/shm/TransformerEngine/build/temp.linux-x86_64-cpython-312/cmake-build-transformer_engine-3x47vimh/string_headers
      -isystem /usr/local/cuda-12.9/targets/x86_64-linux/include/cccl
      -isystem /venv/main/lib/python3.12/site-packages/nvidia/cudnn/include
      --expt-relaxed-constexpr -O3 -Xfatbin -compress-all
      --threads 1 -O3 -DNDEBUG -std=c++17 -Xcompiler=-fPIC
      --generate-code=arch=compute_100,code=sm_100 -MD -MT
      CMakeFiles/transformer_engine.dir/transpose/quantize_transpose_vector_blockwise.cu.o
      -MF
      CMakeFiles/transformer_engine.dir/transpose/quantize_transpose_vector_blockwise.cu.o.d
      -x cu -c
      /dev/shm/TransformerEngine/transformer_engine/common/transpose/quantize_transpose_vector_blockwise.cu
      -o
      CMakeFiles/transformer_engine.dir/transpose/quantize_transpose_vector_blockwise.cu.o
      In file included from
      /dev/shm/TransformerEngine/transformer_engine/common/../common/common.h:44,
                       from
      /dev/shm/TransformerEngine/transformer_engine/common/transpose/quantize_transpose_vector_blockwise.cu:17:
      /dev/shm/TransformerEngine/transformer_engine/common/../common/./util/logging.h:13:10:
      fatal error: nvrtc.h: No such file or directory
         13 | #include <nvrtc.h>
            |          ^~~~~~~~~
      compilation terminated.
      [58/99] /usr/local/cuda-12.9/bin/nvcc -forward-unknown-to-host-compiler
      -DNVTE_BUILD_LEGACY_STATIC_FUSED_SOFTMAX=0
      -DNVTE_BUILD_LEGACY_STATIC_NORM=0
      -DNVTE_BUILD_NUM_PHILOX_ROUNDS=10 -DNVTE_WITH_NCCL_EP
      -DNV_CUDNN_FRONTEND_USE_DYNAMIC_LOADING -Dtransformer_engine_EXPORTS
      -I/dev/shm/TransformerEngine/transformer_engine/common/..
      -I/dev/shm/TransformerEngine/transformer_engine/common/include
      -I/venv/main/lib/python3.12/site-packages/include
      -I/dev/shm/TransformerEngine/transformer_engine/common/../../3rdparty/cutlass/include
      -I/dev/shm/TransformerEngine/transformer_engine/common/../../3rdparty/cutlass/tools/util/include
      -I/dev/shm/TransformerEngine/transformer_engine/common/../../3rdparty/nccl-extensions/build/include
      -I/dev/shm/TransformerEngine/build/temp.linux-x86_64-cpython-312/cmake-build-transformer_engine-3x47vimh/string_headers
      -isystem /usr/local/cuda-12.9/targets/x86_64-linux/include/cccl
      -isystem /venv/main/lib/python3.12/site-packages/nvidia/cudnn/include
      --expt-relaxed-constexpr -O3 -Xfatbin -compress-all
      --threads 1 -O3 -DNDEBUG -std=c++17 -Xcompiler=-fPIC
      --generate-code=arch=compute_100a,code=sm_100a
      --generate-code=arch=compute_103a,code=sm_103a -MD -MT
      CMakeFiles/transformer_engine.dir/hadamard_transform/group_hadamard_transform.cu.o
      -MF
      CMakeFiles/transformer_engine.dir/hadamard_transform/group_hadamard_transform.cu.o.d
      -x cu -c
      /dev/shm/TransformerEngine/transformer_engine/common/hadamard_transform/group_hadamard_transform.cu
      -o
      CMakeFiles/transformer_engine.dir/hadamard_transform/group_hadamard_transform.cu.o
      FAILED: [code=1]
      CMakeFiles/transformer_engine.dir/hadamard_transform/group_hadamard_transform.cu.o
      /usr/local/cuda-12.9/bin/nvcc -forward-unknown-to-host-compiler
      -DNVTE_BUILD_LEGACY_STATIC_FUSED_SOFTMAX=0
      -DNVTE_BUILD_LEGACY_STATIC_NORM=0
      -DNVTE_BUILD_NUM_PHILOX_ROUNDS=10 -DNVTE_WITH_NCCL_EP
      -DNV_CUDNN_FRONTEND_USE_DYNAMIC_LOADING -Dtransformer_engine_EXPORTS
      -I/dev/shm/TransformerEngine/transformer_engine/common/..
      -I/dev/shm/TransformerEngine/transformer_engine/common/include
      -I/venv/main/lib/python3.12/site-packages/include
      -I/dev/shm/TransformerEngine/transformer_engine/common/../../3rdparty/cutlass/include
      -I/dev/shm/TransformerEngine/transformer_engine/common/../../3rdparty/cutlass/tools/util/include
      -I/dev/shm/TransformerEngine/transformer_engine/common/../../3rdparty/nccl-extensions/build/include
      -I/dev/shm/TransformerEngine/build/temp.linux-x86_64-cpython-312/cmake-build-transformer_engine-3x47vimh/string_headers
      -isystem /usr/local/cuda-12.9/targets/x86_64-linux/include/cccl
      -isystem /venv/main/lib/python3.12/site-packages/nvidia/cudnn/include
      --expt-relaxed-constexpr -O3 -Xfatbin -compress-all
      --threads 1 -O3 -DNDEBUG -std=c++17 -Xcompiler=-fPIC
      --generate-code=arch=compute_100a,code=sm_100a
      --generate-code=arch=compute_103a,code=sm_103a -MD -MT
      CMakeFiles/transformer_engine.dir/hadamard_transform/group_hadamard_transform.cu.o
      -MF
      CMakeFiles/transformer_engine.dir/hadamard_transform/group_hadamard_transform.cu.o.d
      -x cu -c
      /dev/shm/TransformerEngine/transformer_engine/common/hadamard_transform/group_hadamard_transform.cu
      -o
      CMakeFiles/transformer_engine.dir/hadamard_transform/group_hadamard_transform.cu.o
      In file included from
      /dev/shm/TransformerEngine/transformer_engine/common/../common/common.h:44,
                       from
      /dev/shm/TransformerEngine/transformer_engine/common/hadamard_transform/group_hadamard_transform.cu:17:
      /dev/shm/TransformerEngine/transformer_engine/common/../common/./util/logging.h:13:10:
      fatal error: nvrtc.h: No such file or directory
         13 | #include <nvrtc.h>
            |          ^~~~~~~~~
      compilation terminated.
      [59/99] /usr/local/cuda-12.9/bin/nvcc -forward-unknown-to-host-compiler
      -DNVTE_BUILD_LEGACY_STATIC_FUSED_SOFTMAX=0
      -DNVTE_BUILD_LEGACY_STATIC_NORM=0
      -DNVTE_BUILD_NUM_PHILOX_ROUNDS=10 -DNVTE_WITH_NCCL_EP
      -DNV_CUDNN_FRONTEND_USE_DYNAMIC_LOADING -Dtransformer_engine_EXPORTS
      -I/dev/shm/TransformerEngine/transformer_engine/common/..
      -I/dev/shm/TransformerEngine/transformer_engine/common/include
      -I/venv/main/lib/python3.12/site-packages/include
      -I/dev/shm/TransformerEngine/transformer_engine/common/../../3rdparty/cutlass/include
      -I/dev/shm/TransformerEngine/transformer_engine/common/../../3rdparty/cutlass/tools/util/include
      -I/dev/shm/TransformerEngine/transformer_engine/common/../../3rdparty/nccl-extensions/build/include
      -I/dev/shm/TransformerEngine/build/temp.linux-x86_64-cpython-312/cmake-build-transformer_engine-3x47vimh/string_headers
      -isystem /usr/local/cuda-12.9/targets/x86_64-linux/include/cccl
      -isystem /venv/main/lib/python3.12/site-packages/nvidia/cudnn/include
      --expt-relaxed-constexpr -O3 -Xfatbin -compress-all
      --threads 1 -O3 -DNDEBUG -std=c++17 -Xcompiler=-fPIC
      --generate-code=arch=compute_100a,code=sm_100a
      --generate-code=arch=compute_103a,code=sm_103a -MD -MT
      CMakeFiles/transformer_engine.dir/hadamard_transform/hadamard_transform.cu.o
      -MF
      CMakeFiles/transformer_engine.dir/hadamard_transform/hadamard_transform.cu.o.d
      -x cu -c
      /dev/shm/TransformerEngine/transformer_engine/common/hadamard_transform/hadamard_transform.cu
      -o
      CMakeFiles/transformer_engine.dir/hadamard_transform/hadamard_transform.cu.o
      FAILED: [code=1]
      CMakeFiles/transformer_engine.dir/hadamard_transform/hadamard_transform.cu.o
      /usr/local/cuda-12.9/bin/nvcc -forward-unknown-to-host-compiler
      -DNVTE_BUILD_LEGACY_STATIC_FUSED_SOFTMAX=0
      -DNVTE_BUILD_LEGACY_STATIC_NORM=0
      -DNVTE_BUILD_NUM_PHILOX_ROUNDS=10 -DNVTE_WITH_NCCL_EP
      -DNV_CUDNN_FRONTEND_USE_DYNAMIC_LOADING -Dtransformer_engine_EXPORTS
      -I/dev/shm/TransformerEngine/transformer_engine/common/..
      -I/dev/shm/TransformerEngine/transformer_engine/common/include
      -I/venv/main/lib/python3.12/site-packages/include
      -I/dev/shm/TransformerEngine/transformer_engine/common/../../3rdparty/cutlass/include
      -I/dev/shm/TransformerEngine/transformer_engine/common/../../3rdparty/cutlass/tools/util/include
      -I/dev/shm/TransformerEngine/transformer_engine/common/../../3rdparty/nccl-extensions/build/include
      -I/dev/shm/TransformerEngine/build/temp.linux-x86_64-cpython-312/cmake-build-transformer_engine-3x47vimh/string_headers
      -isystem /usr/local/cuda-12.9/targets/x86_64-linux/include/cccl
      -isystem /venv/main/lib/python3.12/site-packages/nvidia/cudnn/include
      --expt-relaxed-constexpr -O3 -Xfatbin -compress-all
      --threads 1 -O3 -DNDEBUG -std=c++17 -Xcompiler=-fPIC
      --generate-code=arch=compute_100a,code=sm_100a
      --generate-code=arch=compute_103a,code=sm_103a -MD -MT
      CMakeFiles/transformer_engine.dir/hadamard_transform/hadamard_transform.cu.o
      -MF
      CMakeFiles/transformer_engine.dir/hadamard_transform/hadamard_transform.cu.o.d
      -x cu -c
      /dev/shm/TransformerEngine/transformer_engine/common/hadamard_transform/hadamard_transform.cu
      -o
      CMakeFiles/transformer_engine.dir/hadamard_transform/hadamard_transform.cu.o
      In file included from
      /dev/shm/TransformerEngine/transformer_engine/common/../common/common.h:44,
                       from
      /dev/shm/TransformerEngine/transformer_engine/common/hadamard_transform/hadamard_transform.cu:16:
      /dev/shm/TransformerEngine/transformer_engine/common/../common/./util/logging.h:13:10:
      fatal error: nvrtc.h: No such file or directory
         13 | #include <nvrtc.h>
            |          ^~~~~~~~~
      compilation terminated.
      [60/99] /usr/local/cuda-12.9/bin/nvcc -forward-unknown-to-host-compiler
      -DNVTE_BUILD_LEGACY_STATIC_FUSED_SOFTMAX=0
      -DNVTE_BUILD_LEGACY_STATIC_NORM=0
      -DNVTE_BUILD_NUM_PHILOX_ROUNDS=10 -DNVTE_WITH_NCCL_EP
      -DNV_CUDNN_FRONTEND_USE_DYNAMIC_LOADING -Dtransformer_engine_EXPORTS
      -I/dev/shm/TransformerEngine/transformer_engine/common/..
      -I/dev/shm/TransformerEngine/transformer_engine/common/include
      -I/venv/main/lib/python3.12/site-packages/include
      -I/dev/shm/TransformerEngine/transformer_engine/common/../../3rdparty/cutlass/include
      -I/dev/shm/TransformerEngine/transformer_engine/common/../../3rdparty/cutlass/tools/util/include
      -I/dev/shm/TransformerEngine/transformer_engine/common/../../3rdparty/nccl-extensions/build/include
      -I/dev/shm/TransformerEngine/build/temp.linux-x86_64-cpython-312/cmake-build-transformer_engine-3x47vimh/string_headers
      -isystem /usr/local/cuda-12.9/targets/x86_64-linux/include/cccl
      -isystem /venv/main/lib/python3.12/site-packages/nvidia/cudnn/include
      --expt-relaxed-constexpr -O3 -Xfatbin -compress-all
      --threads 1 -O3 -DNDEBUG -std=c++17 -Xcompiler=-fPIC
      --generate-code=arch=compute_100a,code=sm_100a
      --generate-code=arch=compute_103a,code=sm_103a --use_fast_math -MD -MT
      CMakeFiles/transformer_engine.dir/multi_tensor/compute_scale.cu.o -MF
      CMakeFiles/transformer_engine.dir/multi_tensor/compute_scale.cu.o.d
      -x cu -c
      /dev/shm/TransformerEngine/transformer_engine/common/multi_tensor/compute_scale.cu
      -o CMakeFiles/transformer_engine.dir/multi_tensor/compute_scale.cu.o
      FAILED: [code=1]
      CMakeFiles/transformer_engine.dir/multi_tensor/compute_scale.cu.o
      /usr/local/cuda-12.9/bin/nvcc -forward-unknown-to-host-compiler
      -DNVTE_BUILD_LEGACY_STATIC_FUSED_SOFTMAX=0
      -DNVTE_BUILD_LEGACY_STATIC_NORM=0
      -DNVTE_BUILD_NUM_PHILOX_ROUNDS=10 -DNVTE_WITH_NCCL_EP
      -DNV_CUDNN_FRONTEND_USE_DYNAMIC_LOADING -Dtransformer_engine_EXPORTS
      -I/dev/shm/TransformerEngine/transformer_engine/common/..
      -I/dev/shm/TransformerEngine/transformer_engine/common/include
      -I/venv/main/lib/python3.12/site-packages/include
      -I/dev/shm/TransformerEngine/transformer_engine/common/../../3rdparty/cutlass/include
      -I/dev/shm/TransformerEngine/transformer_engine/common/../../3rdparty/cutlass/tools/util/include
      -I/dev/shm/TransformerEngine/transformer_engine/common/../../3rdparty/nccl-extensions/build/include
      -I/dev/shm/TransformerEngine/build/temp.linux-x86_64-cpython-312/cmake-build-transformer_engine-3x47vimh/string_headers
      -isystem /usr/local/cuda-12.9/targets/x86_64-linux/include/cccl
      -isystem /venv/main/lib/python3.12/site-packages/nvidia/cudnn/include
      --expt-relaxed-constexpr -O3 -Xfatbin -compress-all
      --threads 1 -O3 -DNDEBUG -std=c++17 -Xcompiler=-fPIC
      --generate-code=arch=compute_100a,code=sm_100a
      --generate-code=arch=compute_103a,code=sm_103a --use_fast_math -MD -MT
      CMakeFiles/transformer_engine.dir/multi_tensor/compute_scale.cu.o -MF
      CMakeFiles/transformer_engine.dir/multi_tensor/compute_scale.cu.o.d
      -x cu -c
      /dev/shm/TransformerEngine/transformer_engine/common/multi_tensor/compute_scale.cu
      -o CMakeFiles/transformer_engine.dir/multi_tensor/compute_scale.cu.o
      In file included from
      /dev/shm/TransformerEngine/transformer_engine/common/../common/common.h:44,
                       from
      /dev/shm/TransformerEngine/transformer_engine/common/multi_tensor/../recipe/recipe_common.cuh:10,
                       from
      /dev/shm/TransformerEngine/transformer_engine/common/multi_tensor/compute_scale.cu:16:
      /dev/shm/TransformerEngine/transformer_engine/common/../common/./util/logging.h:13:10:
      fatal error: nvrtc.h: No such file or directory
         13 | #include <nvrtc.h>
            |          ^~~~~~~~~
      compilation terminated.
      [61/99] /usr/bin/c++ -DNVTE_BUILD_LEGACY_STATIC_FUSED_SOFTMAX=0
      -DNVTE_BUILD_LEGACY_STATIC_NORM=0
      -DNVTE_BUILD_NUM_PHILOX_ROUNDS=10 -DNVTE_WITH_NCCL_EP
      -DNV_CUDNN_FRONTEND_USE_DYNAMIC_LOADING -Dtransformer_engine_EXPORTS
      -I/dev/shm/TransformerEngine/transformer_engine/common/..
      -I/dev/shm/TransformerEngine/transformer_engine/common/include
      -I/venv/main/lib/python3.12/site-packages/include
      -I/dev/shm/TransformerEngine/transformer_engine/common/../../3rdparty/cutlass/include
      -I/dev/shm/TransformerEngine/transformer_engine/common/../../3rdparty/cutlass/tools/util/include
      -I/dev/shm/TransformerEngine/transformer_engine/common/../../3rdparty/nccl-extensions/build/include
      -I/dev/shm/TransformerEngine/build/temp.linux-x86_64-cpython-312/cmake-build-transformer_engine-3x47vimh/string_headers
      -isystem /usr/local/cuda-12.9/targets/x86_64-linux/include -isystem
      /usr/local/cuda-12.9/targets/x86_64-linux/include/cccl -isystem
      /venv/main/lib/python3.12/site-packages/nvidia/cudnn/include
      -O3 -DNDEBUG -std=gnu++17 -fPIC -MD -MT
      CMakeFiles/transformer_engine.dir/cudnn_utils.cpp.o -MF
      CMakeFiles/transformer_engine.dir/cudnn_utils.cpp.o.d -o
      CMakeFiles/transformer_engine.dir/cudnn_utils.cpp.o -c
      /dev/shm/TransformerEngine/transformer_engine/common/cudnn_utils.cpp
      FAILED: [code=1] CMakeFiles/transformer_engine.dir/cudnn_utils.cpp.o
      /usr/bin/c++ -DNVTE_BUILD_LEGACY_STATIC_FUSED_SOFTMAX=0
      -DNVTE_BUILD_LEGACY_STATIC_NORM=0
      -DNVTE_BUILD_NUM_PHILOX_ROUNDS=10 -DNVTE_WITH_NCCL_EP
      -DNV_CUDNN_FRONTEND_USE_DYNAMIC_LOADING -Dtransformer_engine_EXPORTS
      -I/dev/shm/TransformerEngine/transformer_engine/common/..
      -I/dev/shm/TransformerEngine/transformer_engine/common/include
      -I/venv/main/lib/python3.12/site-packages/include
      -I/dev/shm/TransformerEngine/transformer_engine/common/../../3rdparty/cutlass/include
      -I/dev/shm/TransformerEngine/transformer_engine/common/../../3rdparty/cutlass/tools/util/include
      -I/dev/shm/TransformerEngine/transformer_engine/common/../../3rdparty/nccl-extensions/build/include
      -I/dev/shm/TransformerEngine/build/temp.linux-x86_64-cpython-312/cmake-build-transformer_engine-3x47vimh/string_headers
      -isystem /usr/local/cuda-12.9/targets/x86_64-linux/include -isystem
      /usr/local/cuda-12.9/targets/x86_64-linux/include/cccl -isystem
      /venv/main/lib/python3.12/site-packages/nvidia/cudnn/include
      -O3 -DNDEBUG -std=gnu++17 -fPIC -MD -MT
      CMakeFiles/transformer_engine.dir/cudnn_utils.cpp.o -MF
      CMakeFiles/transformer_engine.dir/cudnn_utils.cpp.o.d -o
      CMakeFiles/transformer_engine.dir/cudnn_utils.cpp.o -c
      /dev/shm/TransformerEngine/transformer_engine/common/cudnn_utils.cpp
      In file included from
      /venv/main/lib/python3.12/site-packages/include/cudnn_frontend/node/../experimental/oss_engine_interface.h:8,
                       from
      /venv/main/lib/python3.12/site-packages/include/cudnn_frontend/node/../experimental/sm100_rms_norm_silu_engine.h:8,
                       from
      /venv/main/lib/python3.12/site-packages/include/cudnn_frontend/node/../plans.h:21,
                       from
      /venv/main/lib/python3.12/site-packages/include/cudnn_frontend/node/../cudnn_interface.h:22,
                       from
      /venv/main/lib/python3.12/site-packages/include/cudnn_frontend/node/../node_interface.h:25,
                       from
      /venv/main/lib/python3.12/site-packages/include/cudnn_frontend/node/batchnorm.h:9,
                       from
      /venv/main/lib/python3.12/site-packages/include/cudnn_frontend/graph_interface.h:16,
                       from
      /venv/main/lib/python3.12/site-packages/include/cudnn_frontend.h:112,
                       from
      /dev/shm/TransformerEngine/transformer_engine/common/cudnn_utils.h:11,
                       from
      /dev/shm/TransformerEngine/transformer_engine/common/cudnn_utils.cpp:7:
      /venv/main/lib/python3.12/site-packages/include/cudnn_frontend/node/../experimental/nvrtc_shim.h:8:10:
      fatal error: nvrtc.h: No such file or directory
          8 | #include <nvrtc.h>
            |          ^~~~~~~~~
      compilation terminated.
      [62/99] /usr/local/cuda-12.9/bin/nvcc -forward-unknown-to-host-compiler
      -DNVTE_BUILD_LEGACY_STATIC_FUSED_SOFTMAX=0
      -DNVTE_BUILD_LEGACY_STATIC_NORM=0
      -DNVTE_BUILD_NUM_PHILOX_ROUNDS=10 -DNVTE_WITH_NCCL_EP
      -DNV_CUDNN_FRONTEND_USE_DYNAMIC_LOADING -Dtransformer_engine_EXPORTS
      -I/dev/shm/TransformerEngine/transformer_engine/common/..
      -I/dev/shm/TransformerEngine/transformer_engine/common/include
      -I/venv/main/lib/python3.12/site-packages/include
      -I/dev/shm/TransformerEngine/transformer_engine/common/../../3rdparty/cutlass/include
      -I/dev/shm/TransformerEngine/transformer_engine/common/../../3rdparty/cutlass/tools/util/include
      -I/dev/shm/TransformerEngine/transformer_engine/common/../../3rdparty/nccl-extensions/build/include
      -I/dev/shm/TransformerEngine/build/temp.linux-x86_64-cpython-312/cmake-build-transformer_engine-3x47vimh/string_headers
      -isystem /usr/local/cuda-12.9/targets/x86_64-linux/include/cccl
      -isystem /venv/main/lib/python3.12/site-packages/nvidia/cudnn/include
      --expt-relaxed-constexpr -O3 -Xfatbin -compress-all
      --threads 1 -O3 -DNDEBUG -std=c++17 -Xcompiler=-fPIC
      --generate-code=arch=compute_100a,code=sm_100a
      --generate-code=arch=compute_103a,code=sm_103a -MD -MT
      CMakeFiles/transformer_engine.dir/hadamard_transform/graph_safe_group_hadamard_transform.cu.o
      -MF
      CMakeFiles/transformer_engine.dir/hadamard_transform/graph_safe_group_hadamard_transform.cu.o.d
      -x cu -c
      /dev/shm/TransformerEngine/transformer_engine/common/hadamard_transform/graph_safe_group_hadamard_transform.cu
      -o
      CMakeFiles/transformer_engine.dir/hadamard_transform/graph_safe_group_hadamard_transform.cu.o
      FAILED: [code=1]
      CMakeFiles/transformer_engine.dir/hadamard_transform/graph_safe_group_hadamard_transform.cu.o
      /usr/local/cuda-12.9/bin/nvcc -forward-unknown-to-host-compiler
      -DNVTE_BUILD_LEGACY_STATIC_FUSED_SOFTMAX=0
      -DNVTE_BUILD_LEGACY_STATIC_NORM=0
      -DNVTE_BUILD_NUM_PHILOX_ROUNDS=10 -DNVTE_WITH_NCCL_EP
      -DNV_CUDNN_FRONTEND_USE_DYNAMIC_LOADING -Dtransformer_engine_EXPORTS
      -I/dev/shm/TransformerEngine/transformer_engine/common/..
      -I/dev/shm/TransformerEngine/transformer_engine/common/include
      -I/venv/main/lib/python3.12/site-packages/include
      -I/dev/shm/TransformerEngine/transformer_engine/common/../../3rdparty/cutlass/include
      -I/dev/shm/TransformerEngine/transformer_engine/common/../../3rdparty/cutlass/tools/util/include
      -I/dev/shm/TransformerEngine/transformer_engine/common/../../3rdparty/nccl-extensions/build/include
      -I/dev/shm/TransformerEngine/build/temp.linux-x86_64-cpython-312/cmake-build-transformer_engine-3x47vimh/string_headers
      -isystem /usr/local/cuda-12.9/targets/x86_64-linux/include/cccl
      -isystem /venv/main/lib/python3.12/site-packages/nvidia/cudnn/include
      --expt-relaxed-constexpr -O3 -Xfatbin -compress-all
      --threads 1 -O3 -DNDEBUG -std=c++17 -Xcompiler=-fPIC
      --generate-code=arch=compute_100a,code=sm_100a
      --generate-code=arch=compute_103a,code=sm_103a -MD -MT
      CMakeFiles/transformer_engine.dir/hadamard_transform/graph_safe_group_hadamard_transform.cu.o
      -MF
      CMakeFiles/transformer_engine.dir/hadamard_transform/graph_safe_group_hadamard_transform.cu.o.d
      -x cu -c
      /dev/shm/TransformerEngine/transformer_engine/common/hadamard_transform/graph_safe_group_hadamard_transform.cu
      -o
      CMakeFiles/transformer_engine.dir/hadamard_transform/graph_safe_group_hadamard_transform.cu.o
      In file included from
      /dev/shm/TransformerEngine/transformer_engine/common/../common/common.h:44,
                       from
      /dev/shm/TransformerEngine/transformer_engine/common/hadamard_transform/graph_safe_group_hadamard_transform.cu:17:
      /dev/shm/TransformerEngine/transformer_engine/common/../common/./util/logging.h:13:10:
      fatal error: nvrtc.h: No such file or directory
         13 | #include <nvrtc.h>
            |          ^~~~~~~~~
      compilation terminated.
      [63/99] /usr/local/cuda-12.9/bin/nvcc -forward-unknown-to-host-compiler
      -DNVTE_BUILD_LEGACY_STATIC_FUSED_SOFTMAX=0
      -DNVTE_BUILD_LEGACY_STATIC_NORM=0
      -DNVTE_BUILD_NUM_PHILOX_ROUNDS=10 -DNVTE_WITH_NCCL_EP
      -DNV_CUDNN_FRONTEND_USE_DYNAMIC_LOADING -Dtransformer_engine_EXPORTS
      -I/dev/shm/TransformerEngine/transformer_engine/common/..
      -I/dev/shm/TransformerEngine/transformer_engine/common/include
      -I/venv/main/lib/python3.12/site-packages/include
      -I/dev/shm/TransformerEngine/transformer_engine/common/../../3rdparty/cutlass/include
      -I/dev/shm/TransformerEngine/transformer_engine/common/../../3rdparty/cutlass/tools/util/include
      -I/dev/shm/TransformerEngine/transformer_engine/common/../../3rdparty/nccl-extensions/build/include
      -I/dev/shm/TransformerEngine/build/temp.linux-x86_64-cpython-312/cmake-build-transformer_engine-3x47vimh/string_headers
      -isystem /usr/local/cuda-12.9/targets/x86_64-linux/include/cccl
      -isystem /venv/main/lib/python3.12/site-packages/nvidia/cudnn/include
      --expt-relaxed-constexpr -O3 -Xfatbin -compress-all
      --threads 1 -O3 -DNDEBUG -std=c++17 -Xcompiler=-fPIC
      --generate-code=arch=compute_100a,code=sm_100a
      --generate-code=arch=compute_103a,code=sm_103a -MD -MT
      CMakeFiles/transformer_engine.dir/activation/relu_dbias.cu.o -MF
      CMakeFiles/transformer_engine.dir/activation/relu_dbias.cu.o.d -x cu -c
      /dev/shm/TransformerEngine/transformer_engine/common/activation/relu_dbias.cu
      -o CMakeFiles/transformer_engine.dir/activation/relu_dbias.cu.o
      FAILED: [code=1]
      CMakeFiles/transformer_engine.dir/activation/relu_dbias.cu.o
      /usr/local/cuda-12.9/bin/nvcc -forward-unknown-to-host-compiler
      -DNVTE_BUILD_LEGACY_STATIC_FUSED_SOFTMAX=0
      -DNVTE_BUILD_LEGACY_STATIC_NORM=0
      -DNVTE_BUILD_NUM_PHILOX_ROUNDS=10 -DNVTE_WITH_NCCL_EP
      -DNV_CUDNN_FRONTEND_USE_DYNAMIC_LOADING -Dtransformer_engine_EXPORTS
      -I/dev/shm/TransformerEngine/transformer_engine/common/..
      -I/dev/shm/TransformerEngine/transformer_engine/common/include
      -I/venv/main/lib/python3.12/site-packages/include
      -I/dev/shm/TransformerEngine/transformer_engine/common/../../3rdparty/cutlass/include
      -I/dev/shm/TransformerEngine/transformer_engine/common/../../3rdparty/cutlass/tools/util/include
      -I/dev/shm/TransformerEngine/transformer_engine/common/../../3rdparty/nccl-extensions/build/include
      -I/dev/shm/TransformerEngine/build/temp.linux-x86_64-cpython-312/cmake-build-transformer_engine-3x47vimh/string_headers
      -isystem /usr/local/cuda-12.9/targets/x86_64-linux/include/cccl
      -isystem /venv/main/lib/python3.12/site-packages/nvidia/cudnn/include
      --expt-relaxed-constexpr -O3 -Xfatbin -compress-all
      --threads 1 -O3 -DNDEBUG -std=c++17 -Xcompiler=-fPIC
      --generate-code=arch=compute_100a,code=sm_100a
      --generate-code=arch=compute_103a,code=sm_103a -MD -MT
      CMakeFiles/transformer_engine.dir/activation/relu_dbias.cu.o -MF
      CMakeFiles/transformer_engine.dir/activation/relu_dbias.cu.o.d -x cu -c
      /dev/shm/TransformerEngine/transformer_engine/common/activation/relu_dbias.cu
      -o CMakeFiles/transformer_engine.dir/activation/relu_dbias.cu.o
      In file included from
      /dev/shm/TransformerEngine/transformer_engine/common/activation/./../cast/dispatch/../../common.h:44,
                       from
      /dev/shm/TransformerEngine/transformer_engine/common/activation/./../cast/dispatch/gated.cuh:16,
                       from
      /dev/shm/TransformerEngine/transformer_engine/common/activation/./activation_template.h:17,
                       from
      /dev/shm/TransformerEngine/transformer_engine/common/activation/relu_dbias.cu:8:
      /dev/shm/TransformerEngine/transformer_engine/common/activation/./../cast/dispatch/../.././util/logging.h:13:10:
      fatal error: nvrtc.h: No such file or directory
         13 | #include <nvrtc.h>
            |          ^~~~~~~~~
      compilation terminated.
      [64/99] /usr/local/cuda-12.9/bin/nvcc -forward-unknown-to-host-compiler
      -DNVTE_BUILD_LEGACY_STATIC_FUSED_SOFTMAX=0
      -DNVTE_BUILD_LEGACY_STATIC_NORM=0
      -DNVTE_BUILD_NUM_PHILOX_ROUNDS=10 -DNVTE_WITH_NCCL_EP
      -DNV_CUDNN_FRONTEND_USE_DYNAMIC_LOADING -Dtransformer_engine_EXPORTS
      -I/dev/shm/TransformerEngine/transformer_engine/common/..
      -I/dev/shm/TransformerEngine/transformer_engine/common/include
      -I/venv/main/lib/python3.12/site-packages/include
      -I/dev/shm/TransformerEngine/transformer_engine/common/../../3rdparty/cutlass/include
      -I/dev/shm/TransformerEngine/transformer_engine/common/../../3rdparty/cutlass/tools/util/include
      -I/dev/shm/TransformerEngine/transformer_engine/common/../../3rdparty/nccl-extensions/build/include
      -I/dev/shm/TransformerEngine/build/temp.linux-x86_64-cpython-312/cmake-build-transformer_engine-3x47vimh/string_headers
      -isystem /usr/local/cuda-12.9/targets/x86_64-linux/include/cccl
      -isystem /venv/main/lib/python3.12/site-packages/nvidia/cudnn/include
      --expt-relaxed-constexpr -O3 -Xfatbin -compress-all
      --threads 1 -O3 -DNDEBUG -std=c++17 -Xcompiler=-fPIC
      --generate-code=arch=compute_100a,code=sm_100a
      --generate-code=arch=compute_103a,code=sm_103a -MD -MT
      CMakeFiles/transformer_engine.dir/activation/glu.cu.o -MF
      CMakeFiles/transformer_engine.dir/activation/glu.cu.o.d -x cu -c
      /dev/shm/TransformerEngine/transformer_engine/common/activation/glu.cu
      -o CMakeFiles/transformer_engine.dir/activation/glu.cu.o
      FAILED: [code=1] CMakeFiles/transformer_engine.dir/activation/glu.cu.o
      /usr/local/cuda-12.9/bin/nvcc -forward-unknown-to-host-compiler
      -DNVTE_BUILD_LEGACY_STATIC_FUSED_SOFTMAX=0
      -DNVTE_BUILD_LEGACY_STATIC_NORM=0
      -DNVTE_BUILD_NUM_PHILOX_ROUNDS=10 -DNVTE_WITH_NCCL_EP
      -DNV_CUDNN_FRONTEND_USE_DYNAMIC_LOADING -Dtransformer_engine_EXPORTS
      -I/dev/shm/TransformerEngine/transformer_engine/common/..
      -I/dev/shm/TransformerEngine/transformer_engine/common/include
      -I/venv/main/lib/python3.12/site-packages/include
      -I/dev/shm/TransformerEngine/transformer_engine/common/../../3rdparty/cutlass/include
      -I/dev/shm/TransformerEngine/transformer_engine/common/../../3rdparty/cutlass/tools/util/include
      -I/dev/shm/TransformerEngine/transformer_engine/common/../../3rdparty/nccl-extensions/build/include
      -I/dev/shm/TransformerEngine/build/temp.linux-x86_64-cpython-312/cmake-build-transformer_engine-3x47vimh/string_headers
      -isystem /usr/local/cuda-12.9/targets/x86_64-linux/include/cccl
      -isystem /venv/main/lib/python3.12/site-packages/nvidia/cudnn/include
      --expt-relaxed-constexpr -O3 -Xfatbin -compress-all
      --threads 1 -O3 -DNDEBUG -std=c++17 -Xcompiler=-fPIC
      --generate-code=arch=compute_100a,code=sm_100a
      --generate-code=arch=compute_103a,code=sm_103a -MD -MT
      CMakeFiles/transformer_engine.dir/activation/glu.cu.o -MF
      CMakeFiles/transformer_engine.dir/activation/glu.cu.o.d -x cu -c
      /dev/shm/TransformerEngine/transformer_engine/common/activation/glu.cu
      -o CMakeFiles/transformer_engine.dir/activation/glu.cu.o
      In file included from
      /dev/shm/TransformerEngine/transformer_engine/common/activation/./../cast/dispatch/../../common.h:44,
                       from
      /dev/shm/TransformerEngine/transformer_engine/common/activation/./../cast/dispatch/gated.cuh:16,
                       from
      /dev/shm/TransformerEngine/transformer_engine/common/activation/./activation_template.h:17,
                       from
      /dev/shm/TransformerEngine/transformer_engine/common/activation/glu.cu:8:
      /dev/shm/TransformerEngine/transformer_engine/common/activation/./../cast/dispatch/../.././util/logging.h:13:10:
      fatal error: nvrtc.h: No such file or directory
         13 | #include <nvrtc.h>
            |          ^~~~~~~~~
      compilation terminated.
      [65/99] /usr/local/cuda-12.9/bin/nvcc -forward-unknown-to-host-compiler
      -DNVTE_BUILD_LEGACY_STATIC_FUSED_SOFTMAX=0
      -DNVTE_BUILD_LEGACY_STATIC_NORM=0
      -DNVTE_BUILD_NUM_PHILOX_ROUNDS=10 -DNVTE_WITH_NCCL_EP
      -DNV_CUDNN_FRONTEND_USE_DYNAMIC_LOADING -Dtransformer_engine_EXPORTS
      -I/dev/shm/TransformerEngine/transformer_engine/common/..
      -I/dev/shm/TransformerEngine/transformer_engine/common/include
      -I/venv/main/lib/python3.12/site-packages/include
      -I/dev/shm/TransformerEngine/transformer_engine/common/../../3rdparty/cutlass/include
      -I/dev/shm/TransformerEngine/transformer_engine/common/../../3rdparty/cutlass/tools/util/include
      -I/dev/shm/TransformerEngine/transformer_engine/common/../../3rdparty/nccl-extensions/build/include
      -I/dev/shm/TransformerEngine/build/temp.linux-x86_64-cpython-312/cmake-build-transformer_engine-3x47vimh/string_headers
      -isystem /usr/local/cuda-12.9/targets/x86_64-linux/include/cccl
      -isystem /venv/main/lib/python3.12/site-packages/nvidia/cudnn/include
      --expt-relaxed-constexpr -O3 -Xfatbin -compress-all
      --threads 1 -O3 -DNDEBUG -std=c++17 -Xcompiler=-fPIC
      --generate-code=arch=compute_100a,code=sm_100a
      --generate-code=arch=compute_103a,code=sm_103a -MD -MT
      CMakeFiles/transformer_engine.dir/cast/cast.cu.o -MF
      CMakeFiles/transformer_engine.dir/cast/cast.cu.o.d -x cu -c
      /dev/shm/TransformerEngine/transformer_engine/common/cast/cast.cu -o
      CMakeFiles/transformer_engine.dir/cast/cast.cu.o
      FAILED: [code=1] CMakeFiles/transformer_engine.dir/cast/cast.cu.o
      /usr/local/cuda-12.9/bin/nvcc -forward-unknown-to-host-compiler
      -DNVTE_BUILD_LEGACY_STATIC_FUSED_SOFTMAX=0
      -DNVTE_BUILD_LEGACY_STATIC_NORM=0
      -DNVTE_BUILD_NUM_PHILOX_ROUNDS=10 -DNVTE_WITH_NCCL_EP
      -DNV_CUDNN_FRONTEND_USE_DYNAMIC_LOADING -Dtransformer_engine_EXPORTS
      -I/dev/shm/TransformerEngine/transformer_engine/common/..
      -I/dev/shm/TransformerEngine/transformer_engine/common/include
      -I/venv/main/lib/python3.12/site-packages/include
      -I/dev/shm/TransformerEngine/transformer_engine/common/../../3rdparty/cutlass/include
      -I/dev/shm/TransformerEngine/transformer_engine/common/../../3rdparty/cutlass/tools/util/include
      -I/dev/shm/TransformerEngine/transformer_engine/common/../../3rdparty/nccl-extensions/build/include
      -I/dev/shm/TransformerEngine/build/temp.linux-x86_64-cpython-312/cmake-build-transformer_engine-3x47vimh/string_headers
      -isystem /usr/local/cuda-12.9/targets/x86_64-linux/include/cccl
      -isystem /venv/main/lib/python3.12/site-packages/nvidia/cudnn/include
      --expt-relaxed-constexpr -O3 -Xfatbin -compress-all
      --threads 1 -O3 -DNDEBUG -std=c++17 -Xcompiler=-fPIC
      --generate-code=arch=compute_100a,code=sm_100a
      --generate-code=arch=compute_103a,code=sm_103a -MD -MT
      CMakeFiles/transformer_engine.dir/cast/cast.cu.o -MF
      CMakeFiles/transformer_engine.dir/cast/cast.cu.o.d -x cu -c
      /dev/shm/TransformerEngine/transformer_engine/common/cast/cast.cu -o
      CMakeFiles/transformer_engine.dir/cast/cast.cu.o
      In file included from
      /dev/shm/TransformerEngine/transformer_engine/common/cast/../common.h:44,
                       from
      /dev/shm/TransformerEngine/transformer_engine/common/cast/cast.cu:13:
      /dev/shm/TransformerEngine/transformer_engine/common/cast/.././util/logging.h:13:10:
      fatal error: nvrtc.h: No such file or directory
         13 | #include <nvrtc.h>
            |          ^~~~~~~~~
      compilation terminated.
      [66/99] /usr/local/cuda-12.9/bin/nvcc -forward-unknown-to-host-compiler
      -DNVTE_BUILD_LEGACY_STATIC_FUSED_SOFTMAX=0
      -DNVTE_BUILD_LEGACY_STATIC_NORM=0
      -DNVTE_BUILD_NUM_PHILOX_ROUNDS=10 -DNVTE_WITH_NCCL_EP
      -DNV_CUDNN_FRONTEND_USE_DYNAMIC_LOADING -Dtransformer_engine_EXPORTS
      -I/dev/shm/TransformerEngine/transformer_engine/common/..
      -I/dev/shm/TransformerEngine/transformer_engine/common/include
      -I/venv/main/lib/python3.12/site-packages/include
      -I/dev/shm/TransformerEngine/transformer_engine/common/../../3rdparty/cutlass/include
      -I/dev/shm/TransformerEngine/transformer_engine/common/../../3rdparty/cutlass/tools/util/include
      -I/dev/shm/TransformerEngine/transformer_engine/common/../../3rdparty/nccl-extensions/build/include
      -I/dev/shm/TransformerEngine/build/temp.linux-x86_64-cpython-312/cmake-build-transformer_engine-3x47vimh/string_headers
      -isystem /usr/local/cuda-12.9/targets/x86_64-linux/include/cccl
      -isystem /venv/main/lib/python3.12/site-packages/nvidia/cudnn/include
      --expt-relaxed-constexpr -O3 -Xfatbin -compress-all
      --threads 1 -O3 -DNDEBUG -std=c++17 -Xcompiler=-fPIC
      --generate-code=arch=compute_100a,code=sm_100a
      --generate-code=arch=compute_103a,code=sm_103a -MD -MT
      CMakeFiles/transformer_engine.dir/activation/relu_grouped.cu.o -MF
      CMakeFiles/transformer_engine.dir/activation/relu_grouped.cu.o.d -x cu -c
      /dev/shm/TransformerEngine/transformer_engine/common/activation/relu_grouped.cu
      -o CMakeFiles/transformer_engine.dir/activation/relu_grouped.cu.o
      FAILED: [code=1]
      CMakeFiles/transformer_engine.dir/activation/relu_grouped.cu.o
      /usr/local/cuda-12.9/bin/nvcc -forward-unknown-to-host-compiler
      -DNVTE_BUILD_LEGACY_STATIC_FUSED_SOFTMAX=0
      -DNVTE_BUILD_LEGACY_STATIC_NORM=0
      -DNVTE_BUILD_NUM_PHILOX_ROUNDS=10 -DNVTE_WITH_NCCL_EP
      -DNV_CUDNN_FRONTEND_USE_DYNAMIC_LOADING -Dtransformer_engine_EXPORTS
      -I/dev/shm/TransformerEngine/transformer_engine/common/..
      -I/dev/shm/TransformerEngine/transformer_engine/common/include
      -I/venv/main/lib/python3.12/site-packages/include
      -I/dev/shm/TransformerEngine/transformer_engine/common/../../3rdparty/cutlass/include
      -I/dev/shm/TransformerEngine/transformer_engine/common/../../3rdparty/cutlass/tools/util/include
      -I/dev/shm/TransformerEngine/transformer_engine/common/../../3rdparty/nccl-extensions/build/include
      -I/dev/shm/TransformerEngine/build/temp.linux-x86_64-cpython-312/cmake-build-transformer_engine-3x47vimh/string_headers
      -isystem /usr/local/cuda-12.9/targets/x86_64-linux/include/cccl
      -isystem /venv/main/lib/python3.12/site-packages/nvidia/cudnn/include
      --expt-relaxed-constexpr -O3 -Xfatbin -compress-all
      --threads 1 -O3 -DNDEBUG -std=c++17 -Xcompiler=-fPIC
      --generate-code=arch=compute_100a,code=sm_100a
      --generate-code=arch=compute_103a,code=sm_103a -MD -MT
      CMakeFiles/transformer_engine.dir/activation/relu_grouped.cu.o -MF
      CMakeFiles/transformer_engine.dir/activation/relu_grouped.cu.o.d -x cu -c
      /dev/shm/TransformerEngine/transformer_engine/common/activation/relu_grouped.cu
      -o CMakeFiles/transformer_engine.dir/activation/relu_grouped.cu.o
      In file included from
      /dev/shm/TransformerEngine/transformer_engine/common/activation/./../cast/dispatch/../../common.h:44,
                       from
      /dev/shm/TransformerEngine/transformer_engine/common/activation/./../cast/dispatch/gated.cuh:16,
                       from
      /dev/shm/TransformerEngine/transformer_engine/common/activation/./activation_template.h:17,
                       from
      /dev/shm/TransformerEngine/transformer_engine/common/activation/relu_grouped.cu:8:
      /dev/shm/TransformerEngine/transformer_engine/common/activation/./../cast/dispatch/../.././util/logging.h:13:10:
      fatal error: nvrtc.h: No such file or directory
         13 | #include <nvrtc.h>
            |          ^~~~~~~~~
      compilation terminated.
      [67/99] /usr/local/cuda-12.9/bin/nvcc -forward-unknown-to-host-compiler
      -DNVTE_BUILD_LEGACY_STATIC_FUSED_SOFTMAX=0
      -DNVTE_BUILD_LEGACY_STATIC_NORM=0
      -DNVTE_BUILD_NUM_PHILOX_ROUNDS=10 -DNVTE_WITH_NCCL_EP
      -DNV_CUDNN_FRONTEND_USE_DYNAMIC_LOADING -Dtransformer_engine_EXPORTS
      -I/dev/shm/TransformerEngine/transformer_engine/common/..
      -I/dev/shm/TransformerEngine/transformer_engine/common/include
      -I/venv/main/lib/python3.12/site-packages/include
      -I/dev/shm/TransformerEngine/transformer_engine/common/../../3rdparty/cutlass/include
      -I/dev/shm/TransformerEngine/transformer_engine/common/../../3rdparty/cutlass/tools/util/include
      -I/dev/shm/TransformerEngine/transformer_engine/common/../../3rdparty/nccl-extensions/build/include
      -I/dev/shm/TransformerEngine/build/temp.linux-x86_64-cpython-312/cmake-build-transformer_engine-3x47vimh/string_headers
      -isystem /usr/local/cuda-12.9/targets/x86_64-linux/include/cccl
      -isystem /venv/main/lib/python3.12/site-packages/nvidia/cudnn/include
      --expt-relaxed-constexpr -O3 -Xfatbin -compress-all
      --threads 1 -O3 -DNDEBUG -std=c++17 -Xcompiler=-fPIC
      --generate-code=arch=compute_100a,code=sm_100a
      --generate-code=arch=compute_103a,code=sm_103a -MD -MT
      CMakeFiles/transformer_engine.dir/activation/gelu_dbias.cu.o -MF
      CMakeFiles/transformer_engine.dir/activation/gelu_dbias.cu.o.d -x cu -c
      /dev/shm/TransformerEngine/transformer_engine/common/activation/gelu_dbias.cu
      -o CMakeFiles/transformer_engine.dir/activation/gelu_dbias.cu.o
      FAILED: [code=1]
      CMakeFiles/transformer_engine.dir/activation/gelu_dbias.cu.o
      /usr/local/cuda-12.9/bin/nvcc -forward-unknown-to-host-compiler
      -DNVTE_BUILD_LEGACY_STATIC_FUSED_SOFTMAX=0
      -DNVTE_BUILD_LEGACY_STATIC_NORM=0
      -DNVTE_BUILD_NUM_PHILOX_ROUNDS=10 -DNVTE_WITH_NCCL_EP
      -DNV_CUDNN_FRONTEND_USE_DYNAMIC_LOADING -Dtransformer_engine_EXPORTS
      -I/dev/shm/TransformerEngine/transformer_engine/common/..
      -I/dev/shm/TransformerEngine/transformer_engine/common/include
      -I/venv/main/lib/python3.12/site-packages/include
      -I/dev/shm/TransformerEngine/transformer_engine/common/../../3rdparty/cutlass/include
      -I/dev/shm/TransformerEngine/transformer_engine/common/../../3rdparty/cutlass/tools/util/include
      -I/dev/shm/TransformerEngine/transformer_engine/common/../../3rdparty/nccl-extensions/build/include
      -I/dev/shm/TransformerEngine/build/temp.linux-x86_64-cpython-312/cmake-build-transformer_engine-3x47vimh/string_headers
      -isystem /usr/local/cuda-12.9/targets/x86_64-linux/include/cccl
      -isystem /venv/main/lib/python3.12/site-packages/nvidia/cudnn/include
      --expt-relaxed-constexpr -O3 -Xfatbin -compress-all
      --threads 1 -O3 -DNDEBUG -std=c++17 -Xcompiler=-fPIC
      --generate-code=arch=compute_100a,code=sm_100a
      --generate-code=arch=compute_103a,code=sm_103a -MD -MT
      CMakeFiles/transformer_engine.dir/activation/gelu_dbias.cu.o -MF
      CMakeFiles/transformer_engine.dir/activation/gelu_dbias.cu.o.d -x cu -c
      /dev/shm/TransformerEngine/transformer_engine/common/activation/gelu_dbias.cu
      -o CMakeFiles/transformer_engine.dir/activation/gelu_dbias.cu.o
      In file included from
      /dev/shm/TransformerEngine/transformer_engine/common/activation/./../cast/dispatch/../../common.h:44,
                       from
      /dev/shm/TransformerEngine/transformer_engine/common/activation/./../cast/dispatch/gated.cuh:16,
                       from
      /dev/shm/TransformerEngine/transformer_engine/common/activation/./activation_template.h:17,
                       from
      /dev/shm/TransformerEngine/transformer_engine/common/activation/gelu_dbias.cu:8:
      /dev/shm/TransformerEngine/transformer_engine/common/activation/./../cast/dispatch/../.././util/logging.h:13:10:
      fatal error: nvrtc.h: No such file or directory
         13 | #include <nvrtc.h>
            |          ^~~~~~~~~
      compilation terminated.
      [68/99] /usr/local/cuda-12.9/bin/nvcc -forward-unknown-to-host-compiler
      -DNVTE_BUILD_LEGACY_STATIC_FUSED_SOFTMAX=0
      -DNVTE_BUILD_LEGACY_STATIC_NORM=0
      -DNVTE_BUILD_NUM_PHILOX_ROUNDS=10 -DNVTE_WITH_NCCL_EP
      -DNV_CUDNN_FRONTEND_USE_DYNAMIC_LOADING -Dtransformer_engine_EXPORTS
      -I/dev/shm/TransformerEngine/transformer_engine/common/..
      -I/dev/shm/TransformerEngine/transformer_engine/common/include
      -I/venv/main/lib/python3.12/site-packages/include
      -I/dev/shm/TransformerEngine/transformer_engine/common/../../3rdparty/cutlass/include
      -I/dev/shm/TransformerEngine/transformer_engine/common/../../3rdparty/cutlass/tools/util/include
      -I/dev/shm/TransformerEngine/transformer_engine/common/../../3rdparty/nccl-extensions/build/include
      -I/dev/shm/TransformerEngine/build/temp.linux-x86_64-cpython-312/cmake-build-transformer_engine-3x47vimh/string_headers
      -isystem /usr/local/cuda-12.9/targets/x86_64-linux/include/cccl
      -isystem /venv/main/lib/python3.12/site-packages/nvidia/cudnn/include
      --expt-relaxed-constexpr -O3 -Xfatbin -compress-all
      --threads 1 -O3 -DNDEBUG -std=c++17 -Xcompiler=-fPIC
      --generate-code=arch=compute_100,code=sm_100 -MD -MT
      CMakeFiles/transformer_engine.dir/fused_attn/utils.cu.o -MF
      CMakeFiles/transformer_engine.dir/fused_attn/utils.cu.o.d -x cu -c
      /dev/shm/TransformerEngine/transformer_engine/common/fused_attn/utils.cu
      -o CMakeFiles/transformer_engine.dir/fused_attn/utils.cu.o
      FAILED: [code=1] CMakeFiles/transformer_engine.dir/fused_attn/utils.cu.o
      /usr/local/cuda-12.9/bin/nvcc -forward-unknown-to-host-compiler
      -DNVTE_BUILD_LEGACY_STATIC_FUSED_SOFTMAX=0
      -DNVTE_BUILD_LEGACY_STATIC_NORM=0
      -DNVTE_BUILD_NUM_PHILOX_ROUNDS=10 -DNVTE_WITH_NCCL_EP
      -DNV_CUDNN_FRONTEND_USE_DYNAMIC_LOADING -Dtransformer_engine_EXPORTS
      -I/dev/shm/TransformerEngine/transformer_engine/common/..
      -I/dev/shm/TransformerEngine/transformer_engine/common/include
      -I/venv/main/lib/python3.12/site-packages/include
      -I/dev/shm/TransformerEngine/transformer_engine/common/../../3rdparty/cutlass/include
      -I/dev/shm/TransformerEngine/transformer_engine/common/../../3rdparty/cutlass/tools/util/include
      -I/dev/shm/TransformerEngine/transformer_engine/common/../../3rdparty/nccl-extensions/build/include
      -I/dev/shm/TransformerEngine/build/temp.linux-x86_64-cpython-312/cmake-build-transformer_engine-3x47vimh/string_headers
      -isystem /usr/local/cuda-12.9/targets/x86_64-linux/include/cccl
      -isystem /venv/main/lib/python3.12/site-packages/nvidia/cudnn/include
      --expt-relaxed-constexpr -O3 -Xfatbin -compress-all
      --threads 1 -O3 -DNDEBUG -std=c++17 -Xcompiler=-fPIC
      --generate-code=arch=compute_100,code=sm_100 -MD -MT
      CMakeFiles/transformer_engine.dir/fused_attn/utils.cu.o -MF
      CMakeFiles/transformer_engine.dir/fused_attn/utils.cu.o.d -x cu -c
      /dev/shm/TransformerEngine/transformer_engine/common/fused_attn/utils.cu
      -o CMakeFiles/transformer_engine.dir/fused_attn/utils.cu.o
      In file included from
      /dev/shm/TransformerEngine/transformer_engine/common/fused_attn/../common.h:44,
                       from
      /dev/shm/TransformerEngine/transformer_engine/common/fused_attn/utils.cu:10:
      /dev/shm/TransformerEngine/transformer_engine/common/fused_attn/.././util/logging.h:13:10:
      fatal error: nvrtc.h: No such file or directory
         13 | #include <nvrtc.h>
            |          ^~~~~~~~~
      compilation terminated.
      [69/99] /usr/local/cuda-12.9/bin/nvcc -forward-unknown-to-host-compiler
      -DNVTE_BUILD_LEGACY_STATIC_FUSED_SOFTMAX=0
      -DNVTE_BUILD_LEGACY_STATIC_NORM=0
      -DNVTE_BUILD_NUM_PHILOX_ROUNDS=10 -DNVTE_WITH_NCCL_EP
      -DNV_CUDNN_FRONTEND_USE_DYNAMIC_LOADING -Dtransformer_engine_EXPORTS
      -I/dev/shm/TransformerEngine/transformer_engine/common/..
      -I/dev/shm/TransformerEngine/transformer_engine/common/include
      -I/venv/main/lib/python3.12/site-packages/include
      -I/dev/shm/TransformerEngine/transformer_engine/common/../../3rdparty/cutlass/include
      -I/dev/shm/TransformerEngine/transformer_engine/common/../../3rdparty/cutlass/tools/util/include
      -I/dev/shm/TransformerEngine/transformer_engine/common/../../3rdparty/nccl-extensions/build/include
      -I/dev/shm/TransformerEngine/build/temp.linux-x86_64-cpython-312/cmake-build-transformer_engine-3x47vimh/string_headers
      -isystem /usr/local/cuda-12.9/targets/x86_64-linux/include/cccl
      -isystem /venv/main/lib/python3.12/site-packages/nvidia/cudnn/include
      --expt-relaxed-constexpr -O3 -Xfatbin -compress-all
      --threads 1 -O3 -DNDEBUG -std=c++17 -Xcompiler=-fPIC
      --generate-code=arch=compute_100a,code=sm_100a
      --generate-code=arch=compute_103a,code=sm_103a --use_fast_math -MD
      -MT CMakeFiles/transformer_engine.dir/fused_attn/flash_attn.cu.o -MF
      CMakeFiles/transformer_engine.dir/fused_attn/flash_attn.cu.o.d -x cu -c
      /dev/shm/TransformerEngine/transformer_engine/common/fused_attn/flash_attn.cu
      -o CMakeFiles/transformer_engine.dir/fused_attn/flash_attn.cu.o
      FAILED: [code=1]
      CMakeFiles/transformer_engine.dir/fused_attn/flash_attn.cu.o
      /usr/local/cuda-12.9/bin/nvcc -forward-unknown-to-host-compiler
      -DNVTE_BUILD_LEGACY_STATIC_FUSED_SOFTMAX=0
      -DNVTE_BUILD_LEGACY_STATIC_NORM=0
      -DNVTE_BUILD_NUM_PHILOX_ROUNDS=10 -DNVTE_WITH_NCCL_EP
      -DNV_CUDNN_FRONTEND_USE_DYNAMIC_LOADING -Dtransformer_engine_EXPORTS
      -I/dev/shm/TransformerEngine/transformer_engine/common/..
      -I/dev/shm/TransformerEngine/transformer_engine/common/include
      -I/venv/main/lib/python3.12/site-packages/include
      -I/dev/shm/TransformerEngine/transformer_engine/common/../../3rdparty/cutlass/include
      -I/dev/shm/TransformerEngine/transformer_engine/common/../../3rdparty/cutlass/tools/util/include
      -I/dev/shm/TransformerEngine/transformer_engine/common/../../3rdparty/nccl-extensions/build/include
      -I/dev/shm/TransformerEngine/build/temp.linux-x86_64-cpython-312/cmake-build-transformer_engine-3x47vimh/string_headers
      -isystem /usr/local/cuda-12.9/targets/x86_64-linux/include/cccl
      -isystem /venv/main/lib/python3.12/site-packages/nvidia/cudnn/include
      --expt-relaxed-constexpr -O3 -Xfatbin -compress-all
      --threads 1 -O3 -DNDEBUG -std=c++17 -Xcompiler=-fPIC
      --generate-code=arch=compute_100a,code=sm_100a
      --generate-code=arch=compute_103a,code=sm_103a --use_fast_math -MD
      -MT CMakeFiles/transformer_engine.dir/fused_attn/flash_attn.cu.o -MF
      CMakeFiles/transformer_engine.dir/fused_attn/flash_attn.cu.o.d -x cu -c
      /dev/shm/TransformerEngine/transformer_engine/common/fused_attn/flash_attn.cu
      -o CMakeFiles/transformer_engine.dir/fused_attn/flash_attn.cu.o
      In file included from
      /dev/shm/TransformerEngine/transformer_engine/common/fused_attn/../common.h:44,
                       from
      /dev/shm/TransformerEngine/transformer_engine/common/fused_attn/flash_attn.cu:10:
      /dev/shm/TransformerEngine/transformer_engine/common/fused_attn/.././util/logging.h:13:10:
      fatal error: nvrtc.h: No such file or directory
         13 | #include <nvrtc.h>
            |          ^~~~~~~~~
      compilation terminated.
      [70/99] /usr/local/cuda-12.9/bin/nvcc -forward-unknown-to-host-compiler
      -DNVTE_BUILD_LEGACY_STATIC_FUSED_SOFTMAX=0
      -DNVTE_BUILD_LEGACY_STATIC_NORM=0
      -DNVTE_BUILD_NUM_PHILOX_ROUNDS=10 -DNVTE_WITH_NCCL_EP
      -DNV_CUDNN_FRONTEND_USE_DYNAMIC_LOADING -Dtransformer_engine_EXPORTS
      -I/dev/shm/TransformerEngine/transformer_engine/common/..
      -I/dev/shm/TransformerEngine/transformer_engine/common/include
      -I/venv/main/lib/python3.12/site-packages/include
      -I/dev/shm/TransformerEngine/transformer_engine/common/../../3rdparty/cutlass/include
      -I/dev/shm/TransformerEngine/transformer_engine/common/../../3rdparty/cutlass/tools/util/include
      -I/dev/shm/TransformerEngine/transformer_engine/common/../../3rdparty/nccl-extensions/build/include
      -I/dev/shm/TransformerEngine/build/temp.linux-x86_64-cpython-312/cmake-build-transformer_engine-3x47vimh/string_headers
      -isystem /usr/local/cuda-12.9/targets/x86_64-linux/include/cccl
      -isystem /venv/main/lib/python3.12/site-packages/nvidia/cudnn/include
      --expt-relaxed-constexpr -O3 -Xfatbin -compress-all
      --threads 1 -O3 -DNDEBUG -std=c++17 -Xcompiler=-fPIC
      --generate-code=arch=compute_100a,code=sm_100a
      --generate-code=arch=compute_103a,code=sm_103a -MD -MT
      CMakeFiles/transformer_engine.dir/cast/cast_grouped_dbias.cu.o -MF
      CMakeFiles/transformer_engine.dir/cast/cast_grouped_dbias.cu.o.d -x cu -c
      /dev/shm/TransformerEngine/transformer_engine/common/cast/cast_grouped_dbias.cu
      -o CMakeFiles/transformer_engine.dir/cast/cast_grouped_dbias.cu.o
      FAILED: [code=1]
      CMakeFiles/transformer_engine.dir/cast/cast_grouped_dbias.cu.o
      /usr/local/cuda-12.9/bin/nvcc -forward-unknown-to-host-compiler
      -DNVTE_BUILD_LEGACY_STATIC_FUSED_SOFTMAX=0
      -DNVTE_BUILD_LEGACY_STATIC_NORM=0
      -DNVTE_BUILD_NUM_PHILOX_ROUNDS=10 -DNVTE_WITH_NCCL_EP
      -DNV_CUDNN_FRONTEND_USE_DYNAMIC_LOADING -Dtransformer_engine_EXPORTS
      -I/dev/shm/TransformerEngine/transformer_engine/common/..
      -I/dev/shm/TransformerEngine/transformer_engine/common/include
      -I/venv/main/lib/python3.12/site-packages/include
      -I/dev/shm/TransformerEngine/transformer_engine/common/../../3rdparty/cutlass/include
      -I/dev/shm/TransformerEngine/transformer_engine/common/../../3rdparty/cutlass/tools/util/include
      -I/dev/shm/TransformerEngine/transformer_engine/common/../../3rdparty/nccl-extensions/build/include
      -I/dev/shm/TransformerEngine/build/temp.linux-x86_64-cpython-312/cmake-build-transformer_engine-3x47vimh/string_headers
      -isystem /usr/local/cuda-12.9/targets/x86_64-linux/include/cccl
      -isystem /venv/main/lib/python3.12/site-packages/nvidia/cudnn/include
      --expt-relaxed-constexpr -O3 -Xfatbin -compress-all
      --threads 1 -O3 -DNDEBUG -std=c++17 -Xcompiler=-fPIC
      --generate-code=arch=compute_100a,code=sm_100a
      --generate-code=arch=compute_103a,code=sm_103a -MD -MT
      CMakeFiles/transformer_engine.dir/cast/cast_grouped_dbias.cu.o -MF
      CMakeFiles/transformer_engine.dir/cast/cast_grouped_dbias.cu.o.d -x cu -c
      /dev/shm/TransformerEngine/transformer_engine/common/cast/cast_grouped_dbias.cu
      -o CMakeFiles/transformer_engine.dir/cast/cast_grouped_dbias.cu.o
      In file included from
      /dev/shm/TransformerEngine/transformer_engine/common/cast/../common.h:44,
                       from
      /dev/shm/TransformerEngine/transformer_engine/common/cast/cast_grouped_dbias.cu:10:
      /dev/shm/TransformerEngine/transformer_engine/common/cast/.././util/logging.h:13:10:
      fatal error: nvrtc.h: No such file or directory
         13 | #include <nvrtc.h>
            |          ^~~~~~~~~
      compilation terminated.
      [71/99] /usr/local/cuda-12.9/bin/nvcc -forward-unknown-to-host-compiler
      -DNVTE_BUILD_LEGACY_STATIC_FUSED_SOFTMAX=0
      -DNVTE_BUILD_LEGACY_STATIC_NORM=0
      -DNVTE_BUILD_NUM_PHILOX_ROUNDS=10 -DNVTE_WITH_NCCL_EP
      -DNV_CUDNN_FRONTEND_USE_DYNAMIC_LOADING -Dtransformer_engine_EXPORTS
      -I/dev/shm/TransformerEngine/transformer_engine/common/..
      -I/dev/shm/TransformerEngine/transformer_engine/common/include
      -I/venv/main/lib/python3.12/site-packages/include
      -I/dev/shm/TransformerEngine/transformer_engine/common/../../3rdparty/cutlass/include
      -I/dev/shm/TransformerEngine/transformer_engine/common/../../3rdparty/cutlass/tools/util/include
      -I/dev/shm/TransformerEngine/transformer_engine/common/../../3rdparty/nccl-extensions/build/include
      -I/dev/shm/TransformerEngine/build/temp.linux-x86_64-cpython-312/cmake-build-transformer_engine-3x47vimh/string_headers
      -isystem /usr/local/cuda-12.9/targets/x86_64-linux/include/cccl
      -isystem /venv/main/lib/python3.12/site-packages/nvidia/cudnn/include
      --expt-relaxed-constexpr -O3 -Xfatbin -compress-all
      --threads 1 -O3 -DNDEBUG -std=c++17 -Xcompiler=-fPIC
      --generate-code=arch=compute_100,code=sm_100 -MD -MT
      CMakeFiles/transformer_engine.dir/fused_rope/fused_rope.cu.o -MF
      CMakeFiles/transformer_engine.dir/fused_rope/fused_rope.cu.o.d -x cu -c
      /dev/shm/TransformerEngine/transformer_engine/common/fused_rope/fused_rope.cu
      -o CMakeFiles/transformer_engine.dir/fused_rope/fused_rope.cu.o
      FAILED: [code=1]
      CMakeFiles/transformer_engine.dir/fused_rope/fused_rope.cu.o
      /usr/local/cuda-12.9/bin/nvcc -forward-unknown-to-host-compiler
      -DNVTE_BUILD_LEGACY_STATIC_FUSED_SOFTMAX=0
      -DNVTE_BUILD_LEGACY_STATIC_NORM=0
      -DNVTE_BUILD_NUM_PHILOX_ROUNDS=10 -DNVTE_WITH_NCCL_EP
      -DNV_CUDNN_FRONTEND_USE_DYNAMIC_LOADING -Dtransformer_engine_EXPORTS
      -I/dev/shm/TransformerEngine/transformer_engine/common/..
      -I/dev/shm/TransformerEngine/transformer_engine/common/include
      -I/venv/main/lib/python3.12/site-packages/include
      -I/dev/shm/TransformerEngine/transformer_engine/common/../../3rdparty/cutlass/include
      -I/dev/shm/TransformerEngine/transformer_engine/common/../../3rdparty/cutlass/tools/util/include
      -I/dev/shm/TransformerEngine/transformer_engine/common/../../3rdparty/nccl-extensions/build/include
      -I/dev/shm/TransformerEngine/build/temp.linux-x86_64-cpython-312/cmake-build-transformer_engine-3x47vimh/string_headers
      -isystem /usr/local/cuda-12.9/targets/x86_64-linux/include/cccl
      -isystem /venv/main/lib/python3.12/site-packages/nvidia/cudnn/include
      --expt-relaxed-constexpr -O3 -Xfatbin -compress-all
      --threads 1 -O3 -DNDEBUG -std=c++17 -Xcompiler=-fPIC
      --generate-code=arch=compute_100,code=sm_100 -MD -MT
      CMakeFiles/transformer_engine.dir/fused_rope/fused_rope.cu.o -MF
      CMakeFiles/transformer_engine.dir/fused_rope/fused_rope.cu.o.d -x cu -c
      /dev/shm/TransformerEngine/transformer_engine/common/fused_rope/fused_rope.cu
      -o CMakeFiles/transformer_engine.dir/fused_rope/fused_rope.cu.o
      In file included from
      /dev/shm/TransformerEngine/transformer_engine/common/fused_rope/../common.h:44,
                       from
      /dev/shm/TransformerEngine/transformer_engine/common/fused_rope/fused_rope.cu:11:
      /dev/shm/TransformerEngine/transformer_engine/common/fused_rope/.././util/logging.h:13:10:
      fatal error: nvrtc.h: No such file or directory
         13 | #include <nvrtc.h>
            |          ^~~~~~~~~
      compilation terminated.
      [72/99] /usr/local/cuda-12.9/bin/nvcc -forward-unknown-to-host-compiler
      -DNVTE_BUILD_LEGACY_STATIC_FUSED_SOFTMAX=0
      -DNVTE_BUILD_LEGACY_STATIC_NORM=0
      -DNVTE_BUILD_NUM_PHILOX_ROUNDS=10 -DNVTE_WITH_NCCL_EP
      -DNV_CUDNN_FRONTEND_USE_DYNAMIC_LOADING -Dtransformer_engine_EXPORTS
      -I/dev/shm/TransformerEngine/transformer_engine/common/..
      -I/dev/shm/TransformerEngine/transformer_engine/common/include
      -I/venv/main/lib/python3.12/site-packages/include
      -I/dev/shm/TransformerEngine/transformer_engine/common/../../3rdparty/cutlass/include
      -I/dev/shm/TransformerEngine/transformer_engine/common/../../3rdparty/cutlass/tools/util/include
      -I/dev/shm/TransformerEngine/transformer_engine/common/../../3rdparty/nccl-extensions/build/include
      -I/dev/shm/TransformerEngine/build/temp.linux-x86_64-cpython-312/cmake-build-transformer_engine-3x47vimh/string_headers
      -isystem /usr/local/cuda-12.9/targets/x86_64-linux/include/cccl
      -isystem /venv/main/lib/python3.12/site-packages/nvidia/cudnn/include
      --expt-relaxed-constexpr -O3 -Xfatbin -compress-all
      --threads 1 -O3 -DNDEBUG -std=c++17 -Xcompiler=-fPIC
      --generate-code=arch=compute_100a,code=sm_100a
      --generate-code=arch=compute_103a,code=sm_103a -MD -MT
      CMakeFiles/transformer_engine.dir/activation/relu_grouped_dbias.cu.o -MF
      CMakeFiles/transformer_engine.dir/activation/relu_grouped_dbias.cu.o.d
      -x cu -c
      /dev/shm/TransformerEngine/transformer_engine/common/activation/relu_grouped_dbias.cu
      -o CMakeFiles/transformer_engine.dir/activation/relu_grouped_dbias.cu.o
      FAILED: [code=1]
      CMakeFiles/transformer_engine.dir/activation/relu_grouped_dbias.cu.o
      /usr/local/cuda-12.9/bin/nvcc -forward-unknown-to-host-compiler
      -DNVTE_BUILD_LEGACY_STATIC_FUSED_SOFTMAX=0
      -DNVTE_BUILD_LEGACY_STATIC_NORM=0
      -DNVTE_BUILD_NUM_PHILOX_ROUNDS=10 -DNVTE_WITH_NCCL_EP
      -DNV_CUDNN_FRONTEND_USE_DYNAMIC_LOADING -Dtransformer_engine_EXPORTS
      -I/dev/shm/TransformerEngine/transformer_engine/common/..
      -I/dev/shm/TransformerEngine/transformer_engine/common/include
      -I/venv/main/lib/python3.12/site-packages/include
      -I/dev/shm/TransformerEngine/transformer_engine/common/../../3rdparty/cutlass/include
      -I/dev/shm/TransformerEngine/transformer_engine/common/../../3rdparty/cutlass/tools/util/include
      -I/dev/shm/TransformerEngine/transformer_engine/common/../../3rdparty/nccl-extensions/build/include
      -I/dev/shm/TransformerEngine/build/temp.linux-x86_64-cpython-312/cmake-build-transformer_engine-3x47vimh/string_headers
      -isystem /usr/local/cuda-12.9/targets/x86_64-linux/include/cccl
      -isystem /venv/main/lib/python3.12/site-packages/nvidia/cudnn/include
      --expt-relaxed-constexpr -O3 -Xfatbin -compress-all
      --threads 1 -O3 -DNDEBUG -std=c++17 -Xcompiler=-fPIC
      --generate-code=arch=compute_100a,code=sm_100a
      --generate-code=arch=compute_103a,code=sm_103a -MD -MT
      CMakeFiles/transformer_engine.dir/activation/relu_grouped_dbias.cu.o -MF
      CMakeFiles/transformer_engine.dir/activation/relu_grouped_dbias.cu.o.d
      -x cu -c
      /dev/shm/TransformerEngine/transformer_engine/common/activation/relu_grouped_dbias.cu
      -o CMakeFiles/transformer_engine.dir/activation/relu_grouped_dbias.cu.o
      In file included from
      /dev/shm/TransformerEngine/transformer_engine/common/activation/./../cast/dispatch/../../common.h:44,
                       from
      /dev/shm/TransformerEngine/transformer_engine/common/activation/./../cast/dispatch/gated.cuh:16,
                       from
      /dev/shm/TransformerEngine/transformer_engine/common/activation/./activation_template.h:17,
                       from
      /dev/shm/TransformerEngine/transformer_engine/common/activation/relu_grouped_dbias.cu:8:
      /dev/shm/TransformerEngine/transformer_engine/common/activation/./../cast/dispatch/../.././util/logging.h:13:10:
      fatal error: nvrtc.h: No such file or directory
         13 | #include <nvrtc.h>
            |          ^~~~~~~~~
      compilation terminated.
      [73/99] /usr/local/cuda-12.9/bin/nvcc -forward-unknown-to-host-compiler
      -DNVTE_BUILD_LEGACY_STATIC_FUSED_SOFTMAX=0
      -DNVTE_BUILD_LEGACY_STATIC_NORM=0
      -DNVTE_BUILD_NUM_PHILOX_ROUNDS=10 -DNVTE_WITH_NCCL_EP
      -DNV_CUDNN_FRONTEND_USE_DYNAMIC_LOADING -Dtransformer_engine_EXPORTS
      -I/dev/shm/TransformerEngine/transformer_engine/common/..
      -I/dev/shm/TransformerEngine/transformer_engine/common/include
      -I/venv/main/lib/python3.12/site-packages/include
      -I/dev/shm/TransformerEngine/transformer_engine/common/../../3rdparty/cutlass/include
      -I/dev/shm/TransformerEngine/transformer_engine/common/../../3rdparty/cutlass/tools/util/include
      -I/dev/shm/TransformerEngine/transformer_engine/common/../../3rdparty/nccl-extensions/build/include
      -I/dev/shm/TransformerEngine/build/temp.linux-x86_64-cpython-312/cmake-build-transformer_engine-3x47vimh/string_headers
      -isystem /usr/local/cuda-12.9/targets/x86_64-linux/include/cccl
      -isystem /venv/main/lib/python3.12/site-packages/nvidia/cudnn/include
      --expt-relaxed-constexpr -O3 -Xfatbin -compress-all
      --threads 1 -O3 -DNDEBUG -std=c++17 -Xcompiler=-fPIC
      --generate-code=arch=compute_100a,code=sm_100a
      --generate-code=arch=compute_103a,code=sm_103a -MD -MT
      CMakeFiles/transformer_engine.dir/cast/cast_grouped.cu.o -MF
      CMakeFiles/transformer_engine.dir/cast/cast_grouped.cu.o.d -x cu -c
      /dev/shm/TransformerEngine/transformer_engine/common/cast/cast_grouped.cu
      -o CMakeFiles/transformer_engine.dir/cast/cast_grouped.cu.o
      FAILED: [code=1] CMakeFiles/transformer_engine.dir/cast/cast_grouped.cu.o
      /usr/local/cuda-12.9/bin/nvcc -forward-unknown-to-host-compiler
      -DNVTE_BUILD_LEGACY_STATIC_FUSED_SOFTMAX=0
      -DNVTE_BUILD_LEGACY_STATIC_NORM=0
      -DNVTE_BUILD_NUM_PHILOX_ROUNDS=10 -DNVTE_WITH_NCCL_EP
      -DNV_CUDNN_FRONTEND_USE_DYNAMIC_LOADING -Dtransformer_engine_EXPORTS
      -I/dev/shm/TransformerEngine/transformer_engine/common/..
      -I/dev/shm/TransformerEngine/transformer_engine/common/include
      -I/venv/main/lib/python3.12/site-packages/include
      -I/dev/shm/TransformerEngine/transformer_engine/common/../../3rdparty/cutlass/include
      -I/dev/shm/TransformerEngine/transformer_engine/common/../../3rdparty/cutlass/tools/util/include
      -I/dev/shm/TransformerEngine/transformer_engine/common/../../3rdparty/nccl-extensions/build/include
      -I/dev/shm/TransformerEngine/build/temp.linux-x86_64-cpython-312/cmake-build-transformer_engine-3x47vimh/string_headers
      -isystem /usr/local/cuda-12.9/targets/x86_64-linux/include/cccl
      -isystem /venv/main/lib/python3.12/site-packages/nvidia/cudnn/include
      --expt-relaxed-constexpr -O3 -Xfatbin -compress-all
      --threads 1 -O3 -DNDEBUG -std=c++17 -Xcompiler=-fPIC
      --generate-code=arch=compute_100a,code=sm_100a
      --generate-code=arch=compute_103a,code=sm_103a -MD -MT
      CMakeFiles/transformer_engine.dir/cast/cast_grouped.cu.o -MF
      CMakeFiles/transformer_engine.dir/cast/cast_grouped.cu.o.d -x cu -c
      /dev/shm/TransformerEngine/transformer_engine/common/cast/cast_grouped.cu
      -o CMakeFiles/transformer_engine.dir/cast/cast_grouped.cu.o
      In file included from
      /dev/shm/TransformerEngine/transformer_engine/common/cast/../common.h:44,
                       from
      /dev/shm/TransformerEngine/transformer_engine/common/cast/cast_grouped.cu:13:
      /dev/shm/TransformerEngine/transformer_engine/common/cast/.././util/logging.h:13:10:
      fatal error: nvrtc.h: No such file or directory
         13 | #include <nvrtc.h>
            |          ^~~~~~~~~
      compilation terminated.
      [74/99] /usr/local/cuda-12.9/bin/nvcc -forward-unknown-to-host-compiler
      -DNVTE_BUILD_LEGACY_STATIC_FUSED_SOFTMAX=0
      -DNVTE_BUILD_LEGACY_STATIC_NORM=0
      -DNVTE_BUILD_NUM_PHILOX_ROUNDS=10 -DNVTE_WITH_NCCL_EP
      -DNV_CUDNN_FRONTEND_USE_DYNAMIC_LOADING -Dtransformer_engine_EXPORTS
      -I/dev/shm/TransformerEngine/transformer_engine/common/..
      -I/dev/shm/TransformerEngine/transformer_engine/common/include
      -I/venv/main/lib/python3.12/site-packages/include
      -I/dev/shm/TransformerEngine/transformer_engine/common/../../3rdparty/cutlass/include
      -I/dev/shm/TransformerEngine/transformer_engine/common/../../3rdparty/cutlass/tools/util/include
      -I/dev/shm/TransformerEngine/transformer_engine/common/../../3rdparty/nccl-extensions/build/include
      -I/dev/shm/TransformerEngine/build/temp.linux-x86_64-cpython-312/cmake-build-transformer_engine-3x47vimh/string_headers
      -isystem /usr/local/cuda-12.9/targets/x86_64-linux/include/cccl
      -isystem /venv/main/lib/python3.12/site-packages/nvidia/cudnn/include
      --expt-relaxed-constexpr -O3 -Xfatbin -compress-all
      --threads 1 -O3 -DNDEBUG -std=c++17 -Xcompiler=-fPIC
      --generate-code=arch=compute_100,code=sm_100 -MD -MT
      CMakeFiles/transformer_engine.dir/transpose/multi_cast_transpose.cu.o -MF
      CMakeFiles/transformer_engine.dir/transpose/multi_cast_transpose.cu.o.d
      -x cu -c
      /dev/shm/TransformerEngine/transformer_engine/common/transpose/multi_cast_transpose.cu
      -o CMakeFiles/transformer_engine.dir/transpose/multi_cast_transpose.cu.o
      FAILED: [code=1]
      CMakeFiles/transformer_engine.dir/transpose/multi_cast_transpose.cu.o
      /usr/local/cuda-12.9/bin/nvcc -forward-unknown-to-host-compiler
      -DNVTE_BUILD_LEGACY_STATIC_FUSED_SOFTMAX=0
      -DNVTE_BUILD_LEGACY_STATIC_NORM=0
      -DNVTE_BUILD_NUM_PHILOX_ROUNDS=10 -DNVTE_WITH_NCCL_EP
      -DNV_CUDNN_FRONTEND_USE_DYNAMIC_LOADING -Dtransformer_engine_EXPORTS
      -I/dev/shm/TransformerEngine/transformer_engine/common/..
      -I/dev/shm/TransformerEngine/transformer_engine/common/include
      -I/venv/main/lib/python3.12/site-packages/include
      -I/dev/shm/TransformerEngine/transformer_engine/common/../../3rdparty/cutlass/include
      -I/dev/shm/TransformerEngine/transformer_engine/common/../../3rdparty/cutlass/tools/util/include
      -I/dev/shm/TransformerEngine/transformer_engine/common/../../3rdparty/nccl-extensions/build/include
      -I/dev/shm/TransformerEngine/build/temp.linux-x86_64-cpython-312/cmake-build-transformer_engine-3x47vimh/string_headers
      -isystem /usr/local/cuda-12.9/targets/x86_64-linux/include/cccl
      -isystem /venv/main/lib/python3.12/site-packages/nvidia/cudnn/include
      --expt-relaxed-constexpr -O3 -Xfatbin -compress-all
      --threads 1 -O3 -DNDEBUG -std=c++17 -Xcompiler=-fPIC
      --generate-code=arch=compute_100,code=sm_100 -MD -MT
      CMakeFiles/transformer_engine.dir/transpose/multi_cast_transpose.cu.o -MF
      CMakeFiles/transformer_engine.dir/transpose/multi_cast_transpose.cu.o.d
      -x cu -c
      /dev/shm/TransformerEngine/transformer_engine/common/transpose/multi_cast_transpose.cu
      -o CMakeFiles/transformer_engine.dir/transpose/multi_cast_transpose.cu.o
      In file included from
      /dev/shm/TransformerEngine/transformer_engine/common/transpose/../common.h:44,
                       from
      /dev/shm/TransformerEngine/transformer_engine/common/transpose/multi_cast_transpose.cu:14:
      /dev/shm/TransformerEngine/transformer_engine/common/transpose/.././util/logging.h:13:10:
      fatal error: nvrtc.h: No such file or directory
         13 | #include <nvrtc.h>
            |          ^~~~~~~~~
      compilation terminated.
      [75/99] /usr/local/cuda-12.9/bin/nvcc -forward-unknown-to-host-compiler
      -DNVTE_BUILD_LEGACY_STATIC_FUSED_SOFTMAX=0
      -DNVTE_BUILD_LEGACY_STATIC_NORM=0
      -DNVTE_BUILD_NUM_PHILOX_ROUNDS=10 -DNVTE_WITH_NCCL_EP
      -DNV_CUDNN_FRONTEND_USE_DYNAMIC_LOADING -Dtransformer_engine_EXPORTS
      -I/dev/shm/TransformerEngine/transformer_engine/common/..
      -I/dev/shm/TransformerEngine/transformer_engine/common/include
      -I/venv/main/lib/python3.12/site-packages/include
      -I/dev/shm/TransformerEngine/transformer_engine/common/../../3rdparty/cutlass/include
      -I/dev/shm/TransformerEngine/transformer_engine/common/../../3rdparty/cutlass/tools/util/include
      -I/dev/shm/TransformerEngine/transformer_engine/common/../../3rdparty/nccl-extensions/build/include
      -I/dev/shm/TransformerEngine/build/temp.linux-x86_64-cpython-312/cmake-build-transformer_engine-3x47vimh/string_headers
      -isystem /usr/local/cuda-12.9/targets/x86_64-linux/include/cccl
      -isystem /venv/main/lib/python3.12/site-packages/nvidia/cudnn/include
      --expt-relaxed-constexpr -O3 -Xfatbin -compress-all
      --threads 1 -O3 -DNDEBUG -std=c++17 -Xcompiler=-fPIC
      --generate-code=arch=compute_100,code=sm_100 -MD -MT
      CMakeFiles/transformer_engine.dir/transpose/transpose_fusion.cu.o -MF
      CMakeFiles/transformer_engine.dir/transpose/transpose_fusion.cu.o.d
      -x cu -c
      /dev/shm/TransformerEngine/transformer_engine/common/transpose/transpose_fusion.cu
      -o CMakeFiles/transformer_engine.dir/transpose/transpose_fusion.cu.o
      FAILED: [code=1]
      CMakeFiles/transformer_engine.dir/transpose/transpose_fusion.cu.o
      /usr/local/cuda-12.9/bin/nvcc -forward-unknown-to-host-compiler
      -DNVTE_BUILD_LEGACY_STATIC_FUSED_SOFTMAX=0
      -DNVTE_BUILD_LEGACY_STATIC_NORM=0
      -DNVTE_BUILD_NUM_PHILOX_ROUNDS=10 -DNVTE_WITH_NCCL_EP
      -DNV_CUDNN_FRONTEND_USE_DYNAMIC_LOADING -Dtransformer_engine_EXPORTS
      -I/dev/shm/TransformerEngine/transformer_engine/common/..
      -I/dev/shm/TransformerEngine/transformer_engine/common/include
      -I/venv/main/lib/python3.12/site-packages/include
      -I/dev/shm/TransformerEngine/transformer_engine/common/../../3rdparty/cutlass/include
      -I/dev/shm/TransformerEngine/transformer_engine/common/../../3rdparty/cutlass/tools/util/include
      -I/dev/shm/TransformerEngine/transformer_engine/common/../../3rdparty/nccl-extensions/build/include
      -I/dev/shm/TransformerEngine/build/temp.linux-x86_64-cpython-312/cmake-build-transformer_engine-3x47vimh/string_headers
      -isystem /usr/local/cuda-12.9/targets/x86_64-linux/include/cccl
      -isystem /venv/main/lib/python3.12/site-packages/nvidia/cudnn/include
      --expt-relaxed-constexpr -O3 -Xfatbin -compress-all
      --threads 1 -O3 -DNDEBUG -std=c++17 -Xcompiler=-fPIC
      --generate-code=arch=compute_100,code=sm_100 -MD -MT
      CMakeFiles/transformer_engine.dir/transpose/transpose_fusion.cu.o -MF
      CMakeFiles/transformer_engine.dir/transpose/transpose_fusion.cu.o.d
      -x cu -c
      /dev/shm/TransformerEngine/transformer_engine/common/transpose/transpose_fusion.cu
      -o CMakeFiles/transformer_engine.dir/transpose/transpose_fusion.cu.o
      In file included from
      /dev/shm/TransformerEngine/transformer_engine/common/transpose/../common.h:44,
                       from
      /dev/shm/TransformerEngine/transformer_engine/common/transpose/transpose_fusion.cu:14:
      /dev/shm/TransformerEngine/transformer_engine/common/transpose/.././util/logging.h:13:10:
      fatal error: nvrtc.h: No such file or directory
         13 | #include <nvrtc.h>
            |          ^~~~~~~~~
      compilation terminated.
      [76/99] /usr/local/cuda-12.9/bin/nvcc -forward-unknown-to-host-compiler
      -DNVTE_BUILD_LEGACY_STATIC_FUSED_SOFTMAX=0
      -DNVTE_BUILD_LEGACY_STATIC_NORM=0
      -DNVTE_BUILD_NUM_PHILOX_ROUNDS=10 -DNVTE_WITH_NCCL_EP
      -DNV_CUDNN_FRONTEND_USE_DYNAMIC_LOADING -Dtransformer_engine_EXPORTS
      -I/dev/shm/TransformerEngine/transformer_engine/common/..
      -I/dev/shm/TransformerEngine/transformer_engine/common/include
      -I/venv/main/lib/python3.12/site-packages/include
      -I/dev/shm/TransformerEngine/transformer_engine/common/../../3rdparty/cutlass/include
      -I/dev/shm/TransformerEngine/transformer_engine/common/../../3rdparty/cutlass/tools/util/include
      -I/dev/shm/TransformerEngine/transformer_engine/common/../../3rdparty/nccl-extensions/build/include
      -I/dev/shm/TransformerEngine/build/temp.linux-x86_64-cpython-312/cmake-build-transformer_engine-3x47vimh/string_headers
      -isystem /usr/local/cuda-12.9/targets/x86_64-linux/include/cccl
      -isystem /venv/main/lib/python3.12/site-packages/nvidia/cudnn/include
      --expt-relaxed-constexpr -O3 -Xfatbin -compress-all
      --threads 1 -O3 -DNDEBUG -std=c++17 -Xcompiler=-fPIC
      --generate-code=arch=compute_100,code=sm_100 --use_fast_math -MD
      -MT CMakeFiles/transformer_engine.dir/multi_tensor/adam.cu.o -MF
      CMakeFiles/transformer_engine.dir/multi_tensor/adam.cu.o.d -x cu -c
      /dev/shm/TransformerEngine/transformer_engine/common/multi_tensor/adam.cu
      -o CMakeFiles/transformer_engine.dir/multi_tensor/adam.cu.o
      FAILED: [code=1] CMakeFiles/transformer_engine.dir/multi_tensor/adam.cu.o
      /usr/local/cuda-12.9/bin/nvcc -forward-unknown-to-host-compiler
      -DNVTE_BUILD_LEGACY_STATIC_FUSED_SOFTMAX=0
      -DNVTE_BUILD_LEGACY_STATIC_NORM=0
      -DNVTE_BUILD_NUM_PHILOX_ROUNDS=10 -DNVTE_WITH_NCCL_EP
      -DNV_CUDNN_FRONTEND_USE_DYNAMIC_LOADING -Dtransformer_engine_EXPORTS
      -I/dev/shm/TransformerEngine/transformer_engine/common/..
      -I/dev/shm/TransformerEngine/transformer_engine/common/include
      -I/venv/main/lib/python3.12/site-packages/include
      -I/dev/shm/TransformerEngine/transformer_engine/common/../../3rdparty/cutlass/include
      -I/dev/shm/TransformerEngine/transformer_engine/common/../../3rdparty/cutlass/tools/util/include
      -I/dev/shm/TransformerEngine/transformer_engine/common/../../3rdparty/nccl-extensions/build/include
      -I/dev/shm/TransformerEngine/build/temp.linux-x86_64-cpython-312/cmake-build-transformer_engine-3x47vimh/string_headers
      -isystem /usr/local/cuda-12.9/targets/x86_64-linux/include/cccl
      -isystem /venv/main/lib/python3.12/site-packages/nvidia/cudnn/include
      --expt-relaxed-constexpr -O3 -Xfatbin -compress-all
      --threads 1 -O3 -DNDEBUG -std=c++17 -Xcompiler=-fPIC
      --generate-code=arch=compute_100,code=sm_100 --use_fast_math -MD
      -MT CMakeFiles/transformer_engine.dir/multi_tensor/adam.cu.o -MF
      CMakeFiles/transformer_engine.dir/multi_tensor/adam.cu.o.d -x cu -c
      /dev/shm/TransformerEngine/transformer_engine/common/multi_tensor/adam.cu
      -o CMakeFiles/transformer_engine.dir/multi_tensor/adam.cu.o
      In file included from
      /dev/shm/TransformerEngine/transformer_engine/common/multi_tensor/../common.h:44,
                       from
      /dev/shm/TransformerEngine/transformer_engine/common/multi_tensor/multi_tensor_apply.cuh:13,
                       from
      /dev/shm/TransformerEngine/transformer_engine/common/multi_tensor/adam.cu:13:
      /dev/shm/TransformerEngine/transformer_engine/common/multi_tensor/.././util/logging.h:13:10:
      fatal error: nvrtc.h: No such file or directory
         13 | #include <nvrtc.h>
            |          ^~~~~~~~~
      compilation terminated.
      [77/99] /usr/local/cuda-12.9/bin/nvcc -forward-unknown-to-host-compiler
      -DNVTE_BUILD_LEGACY_STATIC_FUSED_SOFTMAX=0
      -DNVTE_BUILD_LEGACY_STATIC_NORM=0
      -DNVTE_BUILD_NUM_PHILOX_ROUNDS=10 -DNVTE_WITH_NCCL_EP
      -DNV_CUDNN_FRONTEND_USE_DYNAMIC_LOADING -Dtransformer_engine_EXPORTS
      -I/dev/shm/TransformerEngine/transformer_engine/common/..
      -I/dev/shm/TransformerEngine/transformer_engine/common/include
      -I/venv/main/lib/python3.12/site-packages/include
      -I/dev/shm/TransformerEngine/transformer_engine/common/../../3rdparty/cutlass/include
      -I/dev/shm/TransformerEngine/transformer_engine/common/../../3rdparty/cutlass/tools/util/include
      -I/dev/shm/TransformerEngine/transformer_engine/common/../../3rdparty/nccl-extensions/build/include
      -I/dev/shm/TransformerEngine/build/temp.linux-x86_64-cpython-312/cmake-build-transformer_engine-3x47vimh/string_headers
      -isystem /usr/local/cuda-12.9/targets/x86_64-linux/include/cccl
      -isystem /venv/main/lib/python3.12/site-packages/nvidia/cudnn/include
      --expt-relaxed-constexpr -O3 -Xfatbin -compress-all
      --threads 1 -O3 -DNDEBUG -std=c++17 -Xcompiler=-fPIC
      --generate-code=arch=compute_100,code=sm_100 --use_fast_math -MD
      -MT CMakeFiles/transformer_engine.dir/multi_tensor/l2norm.cu.o -MF
      CMakeFiles/transformer_engine.dir/multi_tensor/l2norm.cu.o.d -x cu -c
      /dev/shm/TransformerEngine/transformer_engine/common/multi_tensor/l2norm.cu
      -o CMakeFiles/transformer_engine.dir/multi_tensor/l2norm.cu.o
      FAILED: [code=1]
      CMakeFiles/transformer_engine.dir/multi_tensor/l2norm.cu.o
      /usr/local/cuda-12.9/bin/nvcc -forward-unknown-to-host-compiler
      -DNVTE_BUILD_LEGACY_STATIC_FUSED_SOFTMAX=0
      -DNVTE_BUILD_LEGACY_STATIC_NORM=0
      -DNVTE_BUILD_NUM_PHILOX_ROUNDS=10 -DNVTE_WITH_NCCL_EP
      -DNV_CUDNN_FRONTEND_USE_DYNAMIC_LOADING -Dtransformer_engine_EXPORTS
      -I/dev/shm/TransformerEngine/transformer_engine/common/..
      -I/dev/shm/TransformerEngine/transformer_engine/common/include
      -I/venv/main/lib/python3.12/site-packages/include
      -I/dev/shm/TransformerEngine/transformer_engine/common/../../3rdparty/cutlass/include
      -I/dev/shm/TransformerEngine/transformer_engine/common/../../3rdparty/cutlass/tools/util/include
      -I/dev/shm/TransformerEngine/transformer_engine/common/../../3rdparty/nccl-extensions/build/include
      -I/dev/shm/TransformerEngine/build/temp.linux-x86_64-cpython-312/cmake-build-transformer_engine-3x47vimh/string_headers
      -isystem /usr/local/cuda-12.9/targets/x86_64-linux/include/cccl
      -isystem /venv/main/lib/python3.12/site-packages/nvidia/cudnn/include
      --expt-relaxed-constexpr -O3 -Xfatbin -compress-all
      --threads 1 -O3 -DNDEBUG -std=c++17 -Xcompiler=-fPIC
      --generate-code=arch=compute_100,code=sm_100 --use_fast_math -MD
      -MT CMakeFiles/transformer_engine.dir/multi_tensor/l2norm.cu.o -MF
      CMakeFiles/transformer_engine.dir/multi_tensor/l2norm.cu.o.d -x cu -c
      /dev/shm/TransformerEngine/transformer_engine/common/multi_tensor/l2norm.cu
      -o CMakeFiles/transformer_engine.dir/multi_tensor/l2norm.cu.o
      In file included from
      /dev/shm/TransformerEngine/transformer_engine/common/multi_tensor/../common.h:44,
                       from
      /dev/shm/TransformerEngine/transformer_engine/common/multi_tensor/multi_tensor_apply.cuh:13,
                       from
      /dev/shm/TransformerEngine/transformer_engine/common/multi_tensor/l2norm.cu:13:
      /dev/shm/TransformerEngine/transformer_engine/common/multi_tensor/.././util/logging.h:13:10:
      fatal error: nvrtc.h: No such file or directory
         13 | #include <nvrtc.h>
            |          ^~~~~~~~~
      compilation terminated.
      [78/99] /usr/local/cuda-12.9/bin/nvcc -forward-unknown-to-host-compiler
      -DNVTE_BUILD_LEGACY_STATIC_FUSED_SOFTMAX=0
      -DNVTE_BUILD_LEGACY_STATIC_NORM=0
      -DNVTE_BUILD_NUM_PHILOX_ROUNDS=10 -DNVTE_WITH_NCCL_EP
      -DNV_CUDNN_FRONTEND_USE_DYNAMIC_LOADING -Dtransformer_engine_EXPORTS
      -I/dev/shm/TransformerEngine/transformer_engine/common/..
      -I/dev/shm/TransformerEngine/transformer_engine/common/include
      -I/venv/main/lib/python3.12/site-packages/include
      -I/dev/shm/TransformerEngine/transformer_engine/common/../../3rdparty/cutlass/include
      -I/dev/shm/TransformerEngine/transformer_engine/common/../../3rdparty/cutlass/tools/util/include
      -I/dev/shm/TransformerEngine/transformer_engine/common/../../3rdparty/nccl-extensions/build/include
      -I/dev/shm/TransformerEngine/build/temp.linux-x86_64-cpython-312/cmake-build-transformer_engine-3x47vimh/string_headers
      -isystem /usr/local/cuda-12.9/targets/x86_64-linux/include/cccl
      -isystem /venv/main/lib/python3.12/site-packages/nvidia/cudnn/include
      --expt-relaxed-constexpr -O3 -Xfatbin -compress-all
      --threads 1 -O3 -DNDEBUG -std=c++17 -Xcompiler=-fPIC
      --generate-code=arch=compute_100,code=sm_100 -MD -MT
      CMakeFiles/transformer_engine.dir/fused_attn/fused_attn_fp8.cu.o -MF
      CMakeFiles/transformer_engine.dir/fused_attn/fused_attn_fp8.cu.o.d
      -x cu -c
      /dev/shm/TransformerEngine/transformer_engine/common/fused_attn/fused_attn_fp8.cu
      -o CMakeFiles/transformer_engine.dir/fused_attn/fused_attn_fp8.cu.o
      FAILED: [code=1]
      CMakeFiles/transformer_engine.dir/fused_attn/fused_attn_fp8.cu.o
      /usr/local/cuda-12.9/bin/nvcc -forward-unknown-to-host-compiler
      -DNVTE_BUILD_LEGACY_STATIC_FUSED_SOFTMAX=0
      -DNVTE_BUILD_LEGACY_STATIC_NORM=0
      -DNVTE_BUILD_NUM_PHILOX_ROUNDS=10 -DNVTE_WITH_NCCL_EP
      -DNV_CUDNN_FRONTEND_USE_DYNAMIC_LOADING -Dtransformer_engine_EXPORTS
      -I/dev/shm/TransformerEngine/transformer_engine/common/..
      -I/dev/shm/TransformerEngine/transformer_engine/common/include
      -I/venv/main/lib/python3.12/site-packages/include
      -I/dev/shm/TransformerEngine/transformer_engine/common/../../3rdparty/cutlass/include
      -I/dev/shm/TransformerEngine/transformer_engine/common/../../3rdparty/cutlass/tools/util/include
      -I/dev/shm/TransformerEngine/transformer_engine/common/../../3rdparty/nccl-extensions/build/include
      -I/dev/shm/TransformerEngine/build/temp.linux-x86_64-cpython-312/cmake-build-transformer_engine-3x47vimh/string_headers
      -isystem /usr/local/cuda-12.9/targets/x86_64-linux/include/cccl
      -isystem /venv/main/lib/python3.12/site-packages/nvidia/cudnn/include
      --expt-relaxed-constexpr -O3 -Xfatbin -compress-all
      --threads 1 -O3 -DNDEBUG -std=c++17 -Xcompiler=-fPIC
      --generate-code=arch=compute_100,code=sm_100 -MD -MT
      CMakeFiles/transformer_engine.dir/fused_attn/fused_attn_fp8.cu.o -MF
      CMakeFiles/transformer_engine.dir/fused_attn/fused_attn_fp8.cu.o.d
      -x cu -c
      /dev/shm/TransformerEngine/transformer_engine/common/fused_attn/fused_attn_fp8.cu
      -o CMakeFiles/transformer_engine.dir/fused_attn/fused_attn_fp8.cu.o
      In file included from
      /dev/shm/TransformerEngine/transformer_engine/common/fused_attn/../common.h:44,
                       from
      /dev/shm/TransformerEngine/transformer_engine/common/fused_attn/fused_attn_fp8.cu:7:
      /dev/shm/TransformerEngine/transformer_engine/common/fused_attn/.././util/logging.h:13:10:
      fatal error: nvrtc.h: No such file or directory
         13 | #include <nvrtc.h>
            |          ^~~~~~~~~
      compilation terminated.
      [79/99] /usr/local/cuda-12.9/bin/nvcc -forward-unknown-to-host-compiler
      -DNVTE_BUILD_LEGACY_STATIC_FUSED_SOFTMAX=0
      -DNVTE_BUILD_LEGACY_STATIC_NORM=0
      -DNVTE_BUILD_NUM_PHILOX_ROUNDS=10 -DNVTE_WITH_NCCL_EP
      -DNV_CUDNN_FRONTEND_USE_DYNAMIC_LOADING -Dtransformer_engine_EXPORTS
      -I/dev/shm/TransformerEngine/transformer_engine/common/..
      -I/dev/shm/TransformerEngine/transformer_engine/common/include
      -I/venv/main/lib/python3.12/site-packages/include
      -I/dev/shm/TransformerEngine/transformer_engine/common/../../3rdparty/cutlass/include
      -I/dev/shm/TransformerEngine/transformer_engine/common/../../3rdparty/cutlass/tools/util/include
      -I/dev/shm/TransformerEngine/transformer_engine/common/../../3rdparty/nccl-extensions/build/include
      -I/dev/shm/TransformerEngine/build/temp.linux-x86_64-cpython-312/cmake-build-transformer_engine-3x47vimh/string_headers
      -isystem /usr/local/cuda-12.9/targets/x86_64-linux/include/cccl
      -isystem /venv/main/lib/python3.12/site-packages/nvidia/cudnn/include
      --expt-relaxed-constexpr -O3 -Xfatbin -compress-all
      --threads 1 -O3 -DNDEBUG -std=c++17 -Xcompiler=-fPIC
      --generate-code=arch=compute_100a,code=sm_100a
      --generate-code=arch=compute_103a,code=sm_103a -MD -MT
      CMakeFiles/transformer_engine.dir/activation/scaled_activation.cu.o -MF
      CMakeFiles/transformer_engine.dir/activation/scaled_activation.cu.o.d
      -x cu -c
      /dev/shm/TransformerEngine/transformer_engine/common/activation/scaled_activation.cu
      -o CMakeFiles/transformer_engine.dir/activation/scaled_activation.cu.o
      FAILED: [code=1]
      CMakeFiles/transformer_engine.dir/activation/scaled_activation.cu.o
      /usr/local/cuda-12.9/bin/nvcc -forward-unknown-to-host-compiler
      -DNVTE_BUILD_LEGACY_STATIC_FUSED_SOFTMAX=0
      -DNVTE_BUILD_LEGACY_STATIC_NORM=0
      -DNVTE_BUILD_NUM_PHILOX_ROUNDS=10 -DNVTE_WITH_NCCL_EP
      -DNV_CUDNN_FRONTEND_USE_DYNAMIC_LOADING -Dtransformer_engine_EXPORTS
      -I/dev/shm/TransformerEngine/transformer_engine/common/..
      -I/dev/shm/TransformerEngine/transformer_engine/common/include
      -I/venv/main/lib/python3.12/site-packages/include
      -I/dev/shm/TransformerEngine/transformer_engine/common/../../3rdparty/cutlass/include
      -I/dev/shm/TransformerEngine/transformer_engine/common/../../3rdparty/cutlass/tools/util/include
      -I/dev/shm/TransformerEngine/transformer_engine/common/../../3rdparty/nccl-extensions/build/include
      -I/dev/shm/TransformerEngine/build/temp.linux-x86_64-cpython-312/cmake-build-transformer_engine-3x47vimh/string_headers
      -isystem /usr/local/cuda-12.9/targets/x86_64-linux/include/cccl
      -isystem /venv/main/lib/python3.12/site-packages/nvidia/cudnn/include
      --expt-relaxed-constexpr -O3 -Xfatbin -compress-all
      --threads 1 -O3 -DNDEBUG -std=c++17 -Xcompiler=-fPIC
      --generate-code=arch=compute_100a,code=sm_100a
      --generate-code=arch=compute_103a,code=sm_103a -MD -MT
      CMakeFiles/transformer_engine.dir/activation/scaled_activation.cu.o -MF
      CMakeFiles/transformer_engine.dir/activation/scaled_activation.cu.o.d
      -x cu -c
      /dev/shm/TransformerEngine/transformer_engine/common/activation/scaled_activation.cu
      -o CMakeFiles/transformer_engine.dir/activation/scaled_activation.cu.o
      In file included from
      /dev/shm/TransformerEngine/transformer_engine/common/activation/../common.h:44,
                       from
      /dev/shm/TransformerEngine/transformer_engine/common/activation/scaled_activation.cu:21:
      /dev/shm/TransformerEngine/transformer_engine/common/activation/.././util/logging.h:13:10:
      fatal error: nvrtc.h: No such file or directory
         13 | #include <nvrtc.h>
            |          ^~~~~~~~~
      compilation terminated.
      [80/99] /usr/local/cuda-12.9/bin/nvcc -forward-unknown-to-host-compiler
      -DNVTE_BUILD_LEGACY_STATIC_FUSED_SOFTMAX=0
      -DNVTE_BUILD_LEGACY_STATIC_NORM=0
      -DNVTE_BUILD_NUM_PHILOX_ROUNDS=10 -DNVTE_WITH_NCCL_EP
      -DNV_CUDNN_FRONTEND_USE_DYNAMIC_LOADING -Dtransformer_engine_EXPORTS
      -I/dev/shm/TransformerEngine/transformer_engine/common/..
      -I/dev/shm/TransformerEngine/transformer_engine/common/include
      -I/venv/main/lib/python3.12/site-packages/include
      -I/dev/shm/TransformerEngine/transformer_engine/common/../../3rdparty/cutlass/include
      -I/dev/shm/TransformerEngine/transformer_engine/common/../../3rdparty/cutlass/tools/util/include
      -I/dev/shm/TransformerEngine/transformer_engine/common/../../3rdparty/nccl-extensions/build/include
      -I/dev/shm/TransformerEngine/build/temp.linux-x86_64-cpython-312/cmake-build-transformer_engine-3x47vimh/string_headers
      -isystem /usr/local/cuda-12.9/targets/x86_64-linux/include/cccl
      -isystem /venv/main/lib/python3.12/site-packages/nvidia/cudnn/include
      --expt-relaxed-constexpr -O3 -Xfatbin -compress-all
      --threads 1 -O3 -DNDEBUG -std=c++17 -Xcompiler=-fPIC
      --generate-code=arch=compute_100,code=sm_100 -MD -MT
      CMakeFiles/transformer_engine.dir/normalization/layernorm/ln_bwd_semi_cuda_kernel.cu.o
      -MF
      CMakeFiles/transformer_engine.dir/normalization/layernorm/ln_bwd_semi_cuda_kernel.cu.o.d
      -x cu -c
      /dev/shm/TransformerEngine/transformer_engine/common/normalization/layernorm/ln_bwd_semi_cuda_kernel.cu
      -o
      CMakeFiles/transformer_engine.dir/normalization/layernorm/ln_bwd_semi_cuda_kernel.cu.o
      FAILED: [code=1]
      CMakeFiles/transformer_engine.dir/normalization/layernorm/ln_bwd_semi_cuda_kernel.cu.o
      /usr/local/cuda-12.9/bin/nvcc -forward-unknown-to-host-compiler
      -DNVTE_BUILD_LEGACY_STATIC_FUSED_SOFTMAX=0
      -DNVTE_BUILD_LEGACY_STATIC_NORM=0
      -DNVTE_BUILD_NUM_PHILOX_ROUNDS=10 -DNVTE_WITH_NCCL_EP
      -DNV_CUDNN_FRONTEND_USE_DYNAMIC_LOADING -Dtransformer_engine_EXPORTS
      -I/dev/shm/TransformerEngine/transformer_engine/common/..
      -I/dev/shm/TransformerEngine/transformer_engine/common/include
      -I/venv/main/lib/python3.12/site-packages/include
      -I/dev/shm/TransformerEngine/transformer_engine/common/../../3rdparty/cutlass/include
      -I/dev/shm/TransformerEngine/transformer_engine/common/../../3rdparty/cutlass/tools/util/include
      -I/dev/shm/TransformerEngine/transformer_engine/common/../../3rdparty/nccl-extensions/build/include
      -I/dev/shm/TransformerEngine/build/temp.linux-x86_64-cpython-312/cmake-build-transformer_engine-3x47vimh/string_headers
      -isystem /usr/local/cuda-12.9/targets/x86_64-linux/include/cccl
      -isystem /venv/main/lib/python3.12/site-packages/nvidia/cudnn/include
      --expt-relaxed-constexpr -O3 -Xfatbin -compress-all
      --threads 1 -O3 -DNDEBUG -std=c++17 -Xcompiler=-fPIC
      --generate-code=arch=compute_100,code=sm_100 -MD -MT
      CMakeFiles/transformer_engine.dir/normalization/layernorm/ln_bwd_semi_cuda_kernel.cu.o
      -MF
      CMakeFiles/transformer_engine.dir/normalization/layernorm/ln_bwd_semi_cuda_kernel.cu.o.d
      -x cu -c
      /dev/shm/TransformerEngine/transformer_engine/common/normalization/layernorm/ln_bwd_semi_cuda_kernel.cu
      -o
      CMakeFiles/transformer_engine.dir/normalization/layernorm/ln_bwd_semi_cuda_kernel.cu.o
      In file included from
      /dev/shm/TransformerEngine/transformer_engine/common/normalization/layernorm/../../common.h:44,
                       from
      /dev/shm/TransformerEngine/transformer_engine/common/normalization/layernorm/ln_bwd_semi_cuda_kernel.cu:7:
      /dev/shm/TransformerEngine/transformer_engine/common/normalization/layernorm/../.././util/logging.h:13:10:
      fatal error: nvrtc.h: No such file or directory
         13 | #include <nvrtc.h>
            |          ^~~~~~~~~
      compilation terminated.
      [81/99] /usr/local/cuda-12.9/bin/nvcc -forward-unknown-to-host-compiler
      -DNVTE_BUILD_LEGACY_STATIC_FUSED_SOFTMAX=0
      -DNVTE_BUILD_LEGACY_STATIC_NORM=0
      -DNVTE_BUILD_NUM_PHILOX_ROUNDS=10 -DNVTE_WITH_NCCL_EP
      -DNV_CUDNN_FRONTEND_USE_DYNAMIC_LOADING -Dtransformer_engine_EXPORTS
      -I/dev/shm/TransformerEngine/transformer_engine/common/..
      -I/dev/shm/TransformerEngine/transformer_engine/common/include
      -I/venv/main/lib/python3.12/site-packages/include
      -I/dev/shm/TransformerEngine/transformer_engine/common/../../3rdparty/cutlass/include
      -I/dev/shm/TransformerEngine/transformer_engine/common/../../3rdparty/cutlass/tools/util/include
      -I/dev/shm/TransformerEngine/transformer_engine/common/../../3rdparty/nccl-extensions/build/include
      -I/dev/shm/TransformerEngine/build/temp.linux-x86_64-cpython-312/cmake-build-transformer_engine-3x47vimh/string_headers
      -isystem /usr/local/cuda-12.9/targets/x86_64-linux/include/cccl
      -isystem /venv/main/lib/python3.12/site-packages/nvidia/cudnn/include
      --expt-relaxed-constexpr -O3 -Xfatbin -compress-all
      --threads 1 -O3 -DNDEBUG -std=c++17 -Xcompiler=-fPIC
      --generate-code=arch=compute_100a,code=sm_100a
      --generate-code=arch=compute_103a,code=sm_103a -MD -MT
      CMakeFiles/transformer_engine.dir/transpose/quantize_transpose_square_blockwise.cu.o
      -MF
      CMakeFiles/transformer_engine.dir/transpose/quantize_transpose_square_blockwise.cu.o.d
      -x cu -c
      /dev/shm/TransformerEngine/transformer_engine/common/transpose/quantize_transpose_square_blockwise.cu
      -o
      CMakeFiles/transformer_engine.dir/transpose/quantize_transpose_square_blockwise.cu.o
      FAILED: [code=1]
      CMakeFiles/transformer_engine.dir/transpose/quantize_transpose_square_blockwise.cu.o
      /usr/local/cuda-12.9/bin/nvcc -forward-unknown-to-host-compiler
      -DNVTE_BUILD_LEGACY_STATIC_FUSED_SOFTMAX=0
      -DNVTE_BUILD_LEGACY_STATIC_NORM=0
      -DNVTE_BUILD_NUM_PHILOX_ROUNDS=10 -DNVTE_WITH_NCCL_EP
      -DNV_CUDNN_FRONTEND_USE_DYNAMIC_LOADING -Dtransformer_engine_EXPORTS
      -I/dev/shm/TransformerEngine/transformer_engine/common/..
      -I/dev/shm/TransformerEngine/transformer_engine/common/include
      -I/venv/main/lib/python3.12/site-packages/include
      -I/dev/shm/TransformerEngine/transformer_engine/common/../../3rdparty/cutlass/include
      -I/dev/shm/TransformerEngine/transformer_engine/common/../../3rdparty/cutlass/tools/util/include
      -I/dev/shm/TransformerEngine/transformer_engine/common/../../3rdparty/nccl-extensions/build/include
      -I/dev/shm/TransformerEngine/build/temp.linux-x86_64-cpython-312/cmake-build-transformer_engine-3x47vimh/string_headers
      -isystem /usr/local/cuda-12.9/targets/x86_64-linux/include/cccl
      -isystem /venv/main/lib/python3.12/site-packages/nvidia/cudnn/include
      --expt-relaxed-constexpr -O3 -Xfatbin -compress-all
      --threads 1 -O3 -DNDEBUG -std=c++17 -Xcompiler=-fPIC
      --generate-code=arch=compute_100a,code=sm_100a
      --generate-code=arch=compute_103a,code=sm_103a -MD -MT
      CMakeFiles/transformer_engine.dir/transpose/quantize_transpose_square_blockwise.cu.o
      -MF
      CMakeFiles/transformer_engine.dir/transpose/quantize_transpose_square_blockwise.cu.o.d
      -x cu -c
      /dev/shm/TransformerEngine/transformer_engine/common/transpose/quantize_transpose_square_blockwise.cu
      -o
      CMakeFiles/transformer_engine.dir/transpose/quantize_transpose_square_blockwise.cu.o
      In file included from
      /dev/shm/TransformerEngine/transformer_engine/common/../common/common.h:44,
                       from
      /dev/shm/TransformerEngine/transformer_engine/common/transpose/quantize_transpose_square_blockwise.cu:15:
      /dev/shm/TransformerEngine/transformer_engine/common/../common/./util/logging.h:13:10:
      fatal error: nvrtc.h: No such file or directory
         13 | #include <nvrtc.h>
            |          ^~~~~~~~~
      compilation terminated.
      [82/99] /usr/local/cuda-12.9/bin/nvcc -forward-unknown-to-host-compiler
      -DNVTE_BUILD_LEGACY_STATIC_FUSED_SOFTMAX=0
      -DNVTE_BUILD_LEGACY_STATIC_NORM=0
      -DNVTE_BUILD_NUM_PHILOX_ROUNDS=10 -DNVTE_WITH_NCCL_EP
      -DNV_CUDNN_FRONTEND_USE_DYNAMIC_LOADING -Dtransformer_engine_EXPORTS
      -I/dev/shm/TransformerEngine/transformer_engine/common/..
      -I/dev/shm/TransformerEngine/transformer_engine/common/include
      -I/venv/main/lib/python3.12/site-packages/include
      -I/dev/shm/TransformerEngine/transformer_engine/common/../../3rdparty/cutlass/include
      -I/dev/shm/TransformerEngine/transformer_engine/common/../../3rdparty/cutlass/tools/util/include
      -I/dev/shm/TransformerEngine/transformer_engine/common/../../3rdparty/nccl-extensions/build/include
      -I/dev/shm/TransformerEngine/build/temp.linux-x86_64-cpython-312/cmake-build-transformer_engine-3x47vimh/string_headers
      -isystem /usr/local/cuda-12.9/targets/x86_64-linux/include/cccl
      -isystem /venv/main/lib/python3.12/site-packages/nvidia/cudnn/include
      --expt-relaxed-constexpr -O3 -Xfatbin -compress-all
      --threads 1 -O3 -DNDEBUG -std=c++17 -Xcompiler=-fPIC
      --generate-code=arch=compute_100,code=sm_100 -MD -MT
      CMakeFiles/transformer_engine.dir/recipe/current_scaling.cu.o -MF
      CMakeFiles/transformer_engine.dir/recipe/current_scaling.cu.o.d -x cu -c
      /dev/shm/TransformerEngine/transformer_engine/common/recipe/current_scaling.cu
      -o CMakeFiles/transformer_engine.dir/recipe/current_scaling.cu.o
      FAILED: [code=1]
      CMakeFiles/transformer_engine.dir/recipe/current_scaling.cu.o
      /usr/local/cuda-12.9/bin/nvcc -forward-unknown-to-host-compiler
      -DNVTE_BUILD_LEGACY_STATIC_FUSED_SOFTMAX=0
      -DNVTE_BUILD_LEGACY_STATIC_NORM=0
      -DNVTE_BUILD_NUM_PHILOX_ROUNDS=10 -DNVTE_WITH_NCCL_EP
      -DNV_CUDNN_FRONTEND_USE_DYNAMIC_LOADING -Dtransformer_engine_EXPORTS
      -I/dev/shm/TransformerEngine/transformer_engine/common/..
      -I/dev/shm/TransformerEngine/transformer_engine/common/include
      -I/venv/main/lib/python3.12/site-packages/include
      -I/dev/shm/TransformerEngine/transformer_engine/common/../../3rdparty/cutlass/include
      -I/dev/shm/TransformerEngine/transformer_engine/common/../../3rdparty/cutlass/tools/util/include
      -I/dev/shm/TransformerEngine/transformer_engine/common/../../3rdparty/nccl-extensions/build/include
      -I/dev/shm/TransformerEngine/build/temp.linux-x86_64-cpython-312/cmake-build-transformer_engine-3x47vimh/string_headers
      -isystem /usr/local/cuda-12.9/targets/x86_64-linux/include/cccl
      -isystem /venv/main/lib/python3.12/site-packages/nvidia/cudnn/include
      --expt-relaxed-constexpr -O3 -Xfatbin -compress-all
      --threads 1 -O3 -DNDEBUG -std=c++17 -Xcompiler=-fPIC
      --generate-code=arch=compute_100,code=sm_100 -MD -MT
      CMakeFiles/transformer_engine.dir/recipe/current_scaling.cu.o -MF
      CMakeFiles/transformer_engine.dir/recipe/current_scaling.cu.o.d -x cu -c
      /dev/shm/TransformerEngine/transformer_engine/common/recipe/current_scaling.cu
      -o CMakeFiles/transformer_engine.dir/recipe/current_scaling.cu.o
      In file included from
      /dev/shm/TransformerEngine/transformer_engine/common/recipe/../cast/fp8/../../common.h:44,
                       from
      /dev/shm/TransformerEngine/transformer_engine/common/recipe/../cast/fp8/group_amax_fp8.cuh:21,
                       from
      /dev/shm/TransformerEngine/transformer_engine/common/recipe/current_scaling.cu:13:
      /dev/shm/TransformerEngine/transformer_engine/common/recipe/../cast/fp8/../.././util/logging.h:13:10:
      fatal error: nvrtc.h: No such file or directory
         13 | #include <nvrtc.h>
            |          ^~~~~~~~~
      compilation terminated.
      [83/99] /usr/local/cuda-12.9/bin/nvcc -forward-unknown-to-host-compiler
      -DNVTE_BUILD_LEGACY_STATIC_FUSED_SOFTMAX=0
      -DNVTE_BUILD_LEGACY_STATIC_NORM=0
      -DNVTE_BUILD_NUM_PHILOX_ROUNDS=10 -DNVTE_WITH_NCCL_EP
      -DNV_CUDNN_FRONTEND_USE_DYNAMIC_LOADING -Dtransformer_engine_EXPORTS
      -I/dev/shm/TransformerEngine/transformer_engine/common/..
      -I/dev/shm/TransformerEngine/transformer_engine/common/include
      -I/venv/main/lib/python3.12/site-packages/include
      -I/dev/shm/TransformerEngine/transformer_engine/common/../../3rdparty/cutlass/include
      -I/dev/shm/TransformerEngine/transformer_engine/common/../../3rdparty/cutlass/tools/util/include
      -I/dev/shm/TransformerEngine/transformer_engine/common/../../3rdparty/nccl-extensions/build/include
      -I/dev/shm/TransformerEngine/build/temp.linux-x86_64-cpython-312/cmake-build-transformer_engine-3x47vimh/string_headers
      -isystem /usr/local/cuda-12.9/targets/x86_64-linux/include/cccl
      -isystem /venv/main/lib/python3.12/site-packages/nvidia/cudnn/include
      --expt-relaxed-constexpr -O3 -Xfatbin -compress-all
      --threads 1 -O3 -DNDEBUG -std=c++17 -Xcompiler=-fPIC
      --generate-code=arch=compute_100,code=sm_100 -MD -MT
      CMakeFiles/transformer_engine.dir/fused_router/fused_moe_aux_loss.cu.o -MF
      CMakeFiles/transformer_engine.dir/fused_router/fused_moe_aux_loss.cu.o.d
      -x cu -c
      /dev/shm/TransformerEngine/transformer_engine/common/fused_router/fused_moe_aux_loss.cu
      -o CMakeFiles/transformer_engine.dir/fused_router/fused_moe_aux_loss.cu.o
      FAILED: [code=1]
      CMakeFiles/transformer_engine.dir/fused_router/fused_moe_aux_loss.cu.o
      /usr/local/cuda-12.9/bin/nvcc -forward-unknown-to-host-compiler
      -DNVTE_BUILD_LEGACY_STATIC_FUSED_SOFTMAX=0
      -DNVTE_BUILD_LEGACY_STATIC_NORM=0
      -DNVTE_BUILD_NUM_PHILOX_ROUNDS=10 -DNVTE_WITH_NCCL_EP
      -DNV_CUDNN_FRONTEND_USE_DYNAMIC_LOADING -Dtransformer_engine_EXPORTS
      -I/dev/shm/TransformerEngine/transformer_engine/common/..
      -I/dev/shm/TransformerEngine/transformer_engine/common/include
      -I/venv/main/lib/python3.12/site-packages/include
      -I/dev/shm/TransformerEngine/transformer_engine/common/../../3rdparty/cutlass/include
      -I/dev/shm/TransformerEngine/transformer_engine/common/../../3rdparty/cutlass/tools/util/include
      -I/dev/shm/TransformerEngine/transformer_engine/common/../../3rdparty/nccl-extensions/build/include
      -I/dev/shm/TransformerEngine/build/temp.linux-x86_64-cpython-312/cmake-build-transformer_engine-3x47vimh/string_headers
      -isystem /usr/local/cuda-12.9/targets/x86_64-linux/include/cccl
      -isystem /venv/main/lib/python3.12/site-packages/nvidia/cudnn/include
      --expt-relaxed-constexpr -O3 -Xfatbin -compress-all
      --threads 1 -O3 -DNDEBUG -std=c++17 -Xcompiler=-fPIC
      --generate-code=arch=compute_100,code=sm_100 -MD -MT
      CMakeFiles/transformer_engine.dir/fused_router/fused_moe_aux_loss.cu.o -MF
      CMakeFiles/transformer_engine.dir/fused_router/fused_moe_aux_loss.cu.o.d
      -x cu -c
      /dev/shm/TransformerEngine/transformer_engine/common/fused_router/fused_moe_aux_loss.cu
      -o CMakeFiles/transformer_engine.dir/fused_router/fused_moe_aux_loss.cu.o
      In file included from
      /dev/shm/TransformerEngine/transformer_engine/common/fused_router/../common.h:44,
                       from
      /dev/shm/TransformerEngine/transformer_engine/common/fused_router/fused_moe_aux_loss.cu:11:
      /dev/shm/TransformerEngine/transformer_engine/common/fused_router/.././util/logging.h:13:10:
      fatal error: nvrtc.h: No such file or directory
         13 | #include <nvrtc.h>
            |          ^~~~~~~~~
      compilation terminated.
      [84/99] /usr/local/cuda-12.9/bin/nvcc -forward-unknown-to-host-compiler
      -DNVTE_BUILD_LEGACY_STATIC_FUSED_SOFTMAX=0
      -DNVTE_BUILD_LEGACY_STATIC_NORM=0
      -DNVTE_BUILD_NUM_PHILOX_ROUNDS=10 -DNVTE_WITH_NCCL_EP
      -DNV_CUDNN_FRONTEND_USE_DYNAMIC_LOADING -Dtransformer_engine_EXPORTS
      -I/dev/shm/TransformerEngine/transformer_engine/common/..
      -I/dev/shm/TransformerEngine/transformer_engine/common/include
      -I/venv/main/lib/python3.12/site-packages/include
      -I/dev/shm/TransformerEngine/transformer_engine/common/../../3rdparty/cutlass/include
      -I/dev/shm/TransformerEngine/transformer_engine/common/../../3rdparty/cutlass/tools/util/include
      -I/dev/shm/TransformerEngine/transformer_engine/common/../../3rdparty/nccl-extensions/build/include
      -I/dev/shm/TransformerEngine/build/temp.linux-x86_64-cpython-312/cmake-build-transformer_engine-3x47vimh/string_headers
      -isystem /usr/local/cuda-12.9/targets/x86_64-linux/include/cccl
      -isystem /venv/main/lib/python3.12/site-packages/nvidia/cudnn/include
      --expt-relaxed-constexpr -O3 -Xfatbin -compress-all
      --threads 1 -O3 -DNDEBUG -std=c++17 -Xcompiler=-fPIC
      --generate-code=arch=compute_100,code=sm_100 -MD -MT
      CMakeFiles/transformer_engine.dir/recipe/delayed_scaling.cu.o -MF
      CMakeFiles/transformer_engine.dir/recipe/delayed_scaling.cu.o.d -x cu -c
      /dev/shm/TransformerEngine/transformer_engine/common/recipe/delayed_scaling.cu
      -o CMakeFiles/transformer_engine.dir/recipe/delayed_scaling.cu.o
      FAILED: [code=1]
      CMakeFiles/transformer_engine.dir/recipe/delayed_scaling.cu.o
      /usr/local/cuda-12.9/bin/nvcc -forward-unknown-to-host-compiler
      -DNVTE_BUILD_LEGACY_STATIC_FUSED_SOFTMAX=0
      -DNVTE_BUILD_LEGACY_STATIC_NORM=0
      -DNVTE_BUILD_NUM_PHILOX_ROUNDS=10 -DNVTE_WITH_NCCL_EP
      -DNV_CUDNN_FRONTEND_USE_DYNAMIC_LOADING -Dtransformer_engine_EXPORTS
      -I/dev/shm/TransformerEngine/transformer_engine/common/..
      -I/dev/shm/TransformerEngine/transformer_engine/common/include
      -I/venv/main/lib/python3.12/site-packages/include
      -I/dev/shm/TransformerEngine/transformer_engine/common/../../3rdparty/cutlass/include
      -I/dev/shm/TransformerEngine/transformer_engine/common/../../3rdparty/cutlass/tools/util/include
      -I/dev/shm/TransformerEngine/transformer_engine/common/../../3rdparty/nccl-extensions/build/include
      -I/dev/shm/TransformerEngine/build/temp.linux-x86_64-cpython-312/cmake-build-transformer_engine-3x47vimh/string_headers
      -isystem /usr/local/cuda-12.9/targets/x86_64-linux/include/cccl
      -isystem /venv/main/lib/python3.12/site-packages/nvidia/cudnn/include
      --expt-relaxed-constexpr -O3 -Xfatbin -compress-all
      --threads 1 -O3 -DNDEBUG -std=c++17 -Xcompiler=-fPIC
      --generate-code=arch=compute_100,code=sm_100 -MD -MT
      CMakeFiles/transformer_engine.dir/recipe/delayed_scaling.cu.o -MF
      CMakeFiles/transformer_engine.dir/recipe/delayed_scaling.cu.o.d -x cu -c
      /dev/shm/TransformerEngine/transformer_engine/common/recipe/delayed_scaling.cu
      -o CMakeFiles/transformer_engine.dir/recipe/delayed_scaling.cu.o
      In file included from
      /dev/shm/TransformerEngine/transformer_engine/common/recipe/../common.h:44,
                       from
      /dev/shm/TransformerEngine/transformer_engine/common/recipe/delayed_scaling.cu:13:
      /dev/shm/TransformerEngine/transformer_engine/common/recipe/.././util/logging.h:13:10:
      fatal error: nvrtc.h: No such file or directory
         13 | #include <nvrtc.h>
            |          ^~~~~~~~~
      compilation terminated.
      [85/99] /usr/local/cuda-12.9/bin/nvcc -forward-unknown-to-host-compiler
      -DNVTE_BUILD_LEGACY_STATIC_FUSED_SOFTMAX=0
      -DNVTE_BUILD_LEGACY_STATIC_NORM=0
      -DNVTE_BUILD_NUM_PHILOX_ROUNDS=10 -DNVTE_WITH_NCCL_EP
      -DNV_CUDNN_FRONTEND_USE_DYNAMIC_LOADING -Dtransformer_engine_EXPORTS
      -I/dev/shm/TransformerEngine/transformer_engine/common/..
      -I/dev/shm/TransformerEngine/transformer_engine/common/include
      -I/venv/main/lib/python3.12/site-packages/include
      -I/dev/shm/TransformerEngine/transformer_engine/common/../../3rdparty/cutlass/include
      -I/dev/shm/TransformerEngine/transformer_engine/common/../../3rdparty/cutlass/tools/util/include
      -I/dev/shm/TransformerEngine/transformer_engine/common/../../3rdparty/nccl-extensions/build/include
      -I/dev/shm/TransformerEngine/build/temp.linux-x86_64-cpython-312/cmake-build-transformer_engine-3x47vimh/string_headers
      -isystem /usr/local/cuda-12.9/targets/x86_64-linux/include/cccl
      -isystem /venv/main/lib/python3.12/site-packages/nvidia/cudnn/include
      --expt-relaxed-constexpr -O3 -Xfatbin -compress-all
      --threads 1 -O3 -DNDEBUG -std=c++17 -Xcompiler=-fPIC
      --generate-code=arch=compute_100,code=sm_100 -MD -MT
      CMakeFiles/transformer_engine.dir/util/topk.cu.o -MF
      CMakeFiles/transformer_engine.dir/util/topk.cu.o.d -x cu -c
      /dev/shm/TransformerEngine/transformer_engine/common/util/topk.cu -o
      CMakeFiles/transformer_engine.dir/util/topk.cu.o
      FAILED: [code=1] CMakeFiles/transformer_engine.dir/util/topk.cu.o
      /usr/local/cuda-12.9/bin/nvcc -forward-unknown-to-host-compiler
      -DNVTE_BUILD_LEGACY_STATIC_FUSED_SOFTMAX=0
      -DNVTE_BUILD_LEGACY_STATIC_NORM=0
      -DNVTE_BUILD_NUM_PHILOX_ROUNDS=10 -DNVTE_WITH_NCCL_EP
      -DNV_CUDNN_FRONTEND_USE_DYNAMIC_LOADING -Dtransformer_engine_EXPORTS
      -I/dev/shm/TransformerEngine/transformer_engine/common/..
      -I/dev/shm/TransformerEngine/transformer_engine/common/include
      -I/venv/main/lib/python3.12/site-packages/include
      -I/dev/shm/TransformerEngine/transformer_engine/common/../../3rdparty/cutlass/include
      -I/dev/shm/TransformerEngine/transformer_engine/common/../../3rdparty/cutlass/tools/util/include
      -I/dev/shm/TransformerEngine/transformer_engine/common/../../3rdparty/nccl-extensions/build/include
      -I/dev/shm/TransformerEngine/build/temp.linux-x86_64-cpython-312/cmake-build-transformer_engine-3x47vimh/string_headers
      -isystem /usr/local/cuda-12.9/targets/x86_64-linux/include/cccl
      -isystem /venv/main/lib/python3.12/site-packages/nvidia/cudnn/include
      --expt-relaxed-constexpr -O3 -Xfatbin -compress-all
      --threads 1 -O3 -DNDEBUG -std=c++17 -Xcompiler=-fPIC
      --generate-code=arch=compute_100,code=sm_100 -MD -MT
      CMakeFiles/transformer_engine.dir/util/topk.cu.o -MF
      CMakeFiles/transformer_engine.dir/util/topk.cu.o.d -x cu -c
      /dev/shm/TransformerEngine/transformer_engine/common/util/topk.cu -o
      CMakeFiles/transformer_engine.dir/util/topk.cu.o
      In file included from
      /dev/shm/TransformerEngine/transformer_engine/common/util/../common.h:44,
                       from
      /dev/shm/TransformerEngine/transformer_engine/common/util/topk.cu:9:
      /dev/shm/TransformerEngine/transformer_engine/common/util/.././util/logging.h:13:10:
      fatal error: nvrtc.h: No such file or directory
         13 | #include <nvrtc.h>
            |          ^~~~~~~~~
      compilation terminated.
      [86/99] /usr/local/cuda-12.9/bin/nvcc -forward-unknown-to-host-compiler
      -DNVTE_BUILD_LEGACY_STATIC_FUSED_SOFTMAX=0
      -DNVTE_BUILD_LEGACY_STATIC_NORM=0
      -DNVTE_BUILD_NUM_PHILOX_ROUNDS=10 -DNVTE_WITH_NCCL_EP
      -DNV_CUDNN_FRONTEND_USE_DYNAMIC_LOADING -Dtransformer_engine_EXPORTS
      -I/dev/shm/TransformerEngine/transformer_engine/common/..
      -I/dev/shm/TransformerEngine/transformer_engine/common/include
      -I/venv/main/lib/python3.12/site-packages/include
      -I/dev/shm/TransformerEngine/transformer_engine/common/../../3rdparty/cutlass/include
      -I/dev/shm/TransformerEngine/transformer_engine/common/../../3rdparty/cutlass/tools/util/include
      -I/dev/shm/TransformerEngine/transformer_engine/common/../../3rdparty/nccl-extensions/build/include
      -I/dev/shm/TransformerEngine/build/temp.linux-x86_64-cpython-312/cmake-build-transformer_engine-3x47vimh/string_headers
      -isystem /usr/local/cuda-12.9/targets/x86_64-linux/include/cccl
      -isystem /venv/main/lib/python3.12/site-packages/nvidia/cudnn/include
      --expt-relaxed-constexpr -O3 -Xfatbin -compress-all
      --threads 1 -O3 -DNDEBUG -std=c++17 -Xcompiler=-fPIC
      --generate-code=arch=compute_100,code=sm_100 -MD -MT
      CMakeFiles/transformer_engine.dir/fused_attn/fused_attn_f16_arbitrary_seqlen.cu.o
      -MF
      CMakeFiles/transformer_engine.dir/fused_attn/fused_attn_f16_arbitrary_seqlen.cu.o.d
      -x cu -c
      /dev/shm/TransformerEngine/transformer_engine/common/fused_attn/fused_attn_f16_arbitrary_seqlen.cu
      -o
      CMakeFiles/transformer_engine.dir/fused_attn/fused_attn_f16_arbitrary_seqlen.cu.o
      FAILED: [code=1]
      CMakeFiles/transformer_engine.dir/fused_attn/fused_attn_f16_arbitrary_seqlen.cu.o
      /usr/local/cuda-12.9/bin/nvcc -forward-unknown-to-host-compiler
      -DNVTE_BUILD_LEGACY_STATIC_FUSED_SOFTMAX=0
      -DNVTE_BUILD_LEGACY_STATIC_NORM=0
      -DNVTE_BUILD_NUM_PHILOX_ROUNDS=10 -DNVTE_WITH_NCCL_EP
      -DNV_CUDNN_FRONTEND_USE_DYNAMIC_LOADING -Dtransformer_engine_EXPORTS
      -I/dev/shm/TransformerEngine/transformer_engine/common/..
      -I/dev/shm/TransformerEngine/transformer_engine/common/include
      -I/venv/main/lib/python3.12/site-packages/include
      -I/dev/shm/TransformerEngine/transformer_engine/common/../../3rdparty/cutlass/include
      -I/dev/shm/TransformerEngine/transformer_engine/common/../../3rdparty/cutlass/tools/util/include
      -I/dev/shm/TransformerEngine/transformer_engine/common/../../3rdparty/nccl-extensions/build/include
      -I/dev/shm/TransformerEngine/build/temp.linux-x86_64-cpython-312/cmake-build-transformer_engine-3x47vimh/string_headers
      -isystem /usr/local/cuda-12.9/targets/x86_64-linux/include/cccl
      -isystem /venv/main/lib/python3.12/site-packages/nvidia/cudnn/include
      --expt-relaxed-constexpr -O3 -Xfatbin -compress-all
      --threads 1 -O3 -DNDEBUG -std=c++17 -Xcompiler=-fPIC
      --generate-code=arch=compute_100,code=sm_100 -MD -MT
      CMakeFiles/transformer_engine.dir/fused_attn/fused_attn_f16_arbitrary_seqlen.cu.o
      -MF
      CMakeFiles/transformer_engine.dir/fused_attn/fused_attn_f16_arbitrary_seqlen.cu.o.d
      -x cu -c
      /dev/shm/TransformerEngine/transformer_engine/common/fused_attn/fused_attn_f16_arbitrary_seqlen.cu
      -o
      CMakeFiles/transformer_engine.dir/fused_attn/fused_attn_f16_arbitrary_seqlen.cu.o
      In file included from
      /venv/main/lib/python3.12/site-packages/include/cudnn_frontend/node/../experimental/oss_engine_interface.h:8,
                       from
      /venv/main/lib/python3.12/site-packages/include/cudnn_frontend/node/../experimental/sm100_rms_norm_silu_engine.h:8,
                       from
      /venv/main/lib/python3.12/site-packages/include/cudnn_frontend/node/../plans.h:21,
                       from
      /venv/main/lib/python3.12/site-packages/include/cudnn_frontend/node/../cudnn_interface.h:22,
                       from
      /venv/main/lib/python3.12/site-packages/include/cudnn_frontend/node/../node_interface.h:25,
                       from
      /venv/main/lib/python3.12/site-packages/include/cudnn_frontend/node/batchnorm.h:9,
                       from
      /venv/main/lib/python3.12/site-packages/include/cudnn_frontend/graph_interface.h:16,
                       from
      /venv/main/lib/python3.12/site-packages/include/cudnn_frontend.h:112,
                       from
      /dev/shm/TransformerEngine/transformer_engine/common/fused_attn/fused_attn_f16_arbitrary_seqlen.cu:9:
      /venv/main/lib/python3.12/site-packages/include/cudnn_frontend/node/../experimental/nvrtc_shim.h:8:10:
      fatal error: nvrtc.h: No such file or directory
          8 | #include <nvrtc.h>
            |          ^~~~~~~~~
      compilation terminated.
      [87/99] /usr/local/cuda-12.9/bin/nvcc -forward-unknown-to-host-compiler
      -DNVTE_BUILD_LEGACY_STATIC_FUSED_SOFTMAX=0
      -DNVTE_BUILD_LEGACY_STATIC_NORM=0
      -DNVTE_BUILD_NUM_PHILOX_ROUNDS=10 -DNVTE_WITH_NCCL_EP
      -DNV_CUDNN_FRONTEND_USE_DYNAMIC_LOADING -Dtransformer_engine_EXPORTS
      -I/dev/shm/TransformerEngine/transformer_engine/common/..
      -I/dev/shm/TransformerEngine/transformer_engine/common/include
      -I/venv/main/lib/python3.12/site-packages/include
      -I/dev/shm/TransformerEngine/transformer_engine/common/../../3rdparty/cutlass/include
      -I/dev/shm/TransformerEngine/transformer_engine/common/../../3rdparty/cutlass/tools/util/include
      -I/dev/shm/TransformerEngine/transformer_engine/common/../../3rdparty/nccl-extensions/build/include
      -I/dev/shm/TransformerEngine/build/temp.linux-x86_64-cpython-312/cmake-build-transformer_engine-3x47vimh/string_headers
      -isystem /usr/local/cuda-12.9/targets/x86_64-linux/include/cccl
      -isystem /venv/main/lib/python3.12/site-packages/nvidia/cudnn/include
      --expt-relaxed-constexpr -O3 -Xfatbin -compress-all
      --threads 1 -O3 -DNDEBUG -std=c++17 -Xcompiler=-fPIC
      --generate-code=arch=compute_100,code=sm_100 -MD -MT
      CMakeFiles/transformer_engine.dir/fused_router/fused_topk_with_score_function.cu.o
      -MF
      CMakeFiles/transformer_engine.dir/fused_router/fused_topk_with_score_function.cu.o.d
      -x cu -c
      /dev/shm/TransformerEngine/transformer_engine/common/fused_router/fused_topk_with_score_function.cu
      -o
      CMakeFiles/transformer_engine.dir/fused_router/fused_topk_with_score_function.cu.o
      FAILED: [code=1]
      CMakeFiles/transformer_engine.dir/fused_router/fused_topk_with_score_function.cu.o
      /usr/local/cuda-12.9/bin/nvcc -forward-unknown-to-host-compiler
      -DNVTE_BUILD_LEGACY_STATIC_FUSED_SOFTMAX=0
      -DNVTE_BUILD_LEGACY_STATIC_NORM=0
      -DNVTE_BUILD_NUM_PHILOX_ROUNDS=10 -DNVTE_WITH_NCCL_EP
      -DNV_CUDNN_FRONTEND_USE_DYNAMIC_LOADING -Dtransformer_engine_EXPORTS
      -I/dev/shm/TransformerEngine/transformer_engine/common/..
      -I/dev/shm/TransformerEngine/transformer_engine/common/include
      -I/venv/main/lib/python3.12/site-packages/include
      -I/dev/shm/TransformerEngine/transformer_engine/common/../../3rdparty/cutlass/include
      -I/dev/shm/TransformerEngine/transformer_engine/common/../../3rdparty/cutlass/tools/util/include
      -I/dev/shm/TransformerEngine/transformer_engine/common/../../3rdparty/nccl-extensions/build/include
      -I/dev/shm/TransformerEngine/build/temp.linux-x86_64-cpython-312/cmake-build-transformer_engine-3x47vimh/string_headers
      -isystem /usr/local/cuda-12.9/targets/x86_64-linux/include/cccl
      -isystem /venv/main/lib/python3.12/site-packages/nvidia/cudnn/include
      --expt-relaxed-constexpr -O3 -Xfatbin -compress-all
      --threads 1 -O3 -DNDEBUG -std=c++17 -Xcompiler=-fPIC
      --generate-code=arch=compute_100,code=sm_100 -MD -MT
      CMakeFiles/transformer_engine.dir/fused_router/fused_topk_with_score_function.cu.o
      -MF
      CMakeFiles/transformer_engine.dir/fused_router/fused_topk_with_score_function.cu.o.d
      -x cu -c
      /dev/shm/TransformerEngine/transformer_engine/common/fused_router/fused_topk_with_score_function.cu
      -o
      CMakeFiles/transformer_engine.dir/fused_router/fused_topk_with_score_function.cu.o
      In file included from
      /dev/shm/TransformerEngine/transformer_engine/common/fused_router/../common.h:44,
                       from
      /dev/shm/TransformerEngine/transformer_engine/common/fused_router/fused_topk_with_score_function.cu:15:
      /dev/shm/TransformerEngine/transformer_engine/common/fused_router/.././util/logging.h:13:10:
      fatal error: nvrtc.h: No such file or directory
         13 | #include <nvrtc.h>
            |          ^~~~~~~~~
      compilation terminated.
      [88/99] /usr/local/cuda-12.9/bin/nvcc -forward-unknown-to-host-compiler
      -DNVTE_BUILD_LEGACY_STATIC_FUSED_SOFTMAX=0
      -DNVTE_BUILD_LEGACY_STATIC_NORM=0
      -DNVTE_BUILD_NUM_PHILOX_ROUNDS=10 -DNVTE_WITH_NCCL_EP
      -DNV_CUDNN_FRONTEND_USE_DYNAMIC_LOADING -Dtransformer_engine_EXPORTS
      -I/dev/shm/TransformerEngine/transformer_engine/common/..
      -I/dev/shm/TransformerEngine/transformer_engine/common/include
      -I/venv/main/lib/python3.12/site-packages/include
      -I/dev/shm/TransformerEngine/transformer_engine/common/../../3rdparty/cutlass/include
      -I/dev/shm/TransformerEngine/transformer_engine/common/../../3rdparty/cutlass/tools/util/include
      -I/dev/shm/TransformerEngine/transformer_engine/common/../../3rdparty/nccl-extensions/build/include
      -I/dev/shm/TransformerEngine/build/temp.linux-x86_64-cpython-312/cmake-build-transformer_engine-3x47vimh/string_headers
      -isystem /usr/local/cuda-12.9/targets/x86_64-linux/include/cccl
      -isystem /venv/main/lib/python3.12/site-packages/nvidia/cudnn/include
      --expt-relaxed-constexpr -O3 -Xfatbin -compress-all
      --threads 1 -O3 -DNDEBUG -std=c++17 -Xcompiler=-fPIC
      --generate-code=arch=compute_100,code=sm_100 --use_fast_math -MD
      -MT CMakeFiles/transformer_engine.dir/fused_attn/kv_cache.cu.o -MF
      CMakeFiles/transformer_engine.dir/fused_attn/kv_cache.cu.o.d -x cu -c
      /dev/shm/TransformerEngine/transformer_engine/common/fused_attn/kv_cache.cu
      -o CMakeFiles/transformer_engine.dir/fused_attn/kv_cache.cu.o
      FAILED: [code=1]
      CMakeFiles/transformer_engine.dir/fused_attn/kv_cache.cu.o
      /usr/local/cuda-12.9/bin/nvcc -forward-unknown-to-host-compiler
      -DNVTE_BUILD_LEGACY_STATIC_FUSED_SOFTMAX=0
      -DNVTE_BUILD_LEGACY_STATIC_NORM=0
      -DNVTE_BUILD_NUM_PHILOX_ROUNDS=10 -DNVTE_WITH_NCCL_EP
      -DNV_CUDNN_FRONTEND_USE_DYNAMIC_LOADING -Dtransformer_engine_EXPORTS
      -I/dev/shm/TransformerEngine/transformer_engine/common/..
      -I/dev/shm/TransformerEngine/transformer_engine/common/include
      -I/venv/main/lib/python3.12/site-packages/include
      -I/dev/shm/TransformerEngine/transformer_engine/common/../../3rdparty/cutlass/include
      -I/dev/shm/TransformerEngine/transformer_engine/common/../../3rdparty/cutlass/tools/util/include
      -I/dev/shm/TransformerEngine/transformer_engine/common/../../3rdparty/nccl-extensions/build/include
      -I/dev/shm/TransformerEngine/build/temp.linux-x86_64-cpython-312/cmake-build-transformer_engine-3x47vimh/string_headers
      -isystem /usr/local/cuda-12.9/targets/x86_64-linux/include/cccl
      -isystem /venv/main/lib/python3.12/site-packages/nvidia/cudnn/include
      --expt-relaxed-constexpr -O3 -Xfatbin -compress-all
      --threads 1 -O3 -DNDEBUG -std=c++17 -Xcompiler=-fPIC
      --generate-code=arch=compute_100,code=sm_100 --use_fast_math -MD
      -MT CMakeFiles/transformer_engine.dir/fused_attn/kv_cache.cu.o -MF
      CMakeFiles/transformer_engine.dir/fused_attn/kv_cache.cu.o.d -x cu -c
      /dev/shm/TransformerEngine/transformer_engine/common/fused_attn/kv_cache.cu
      -o CMakeFiles/transformer_engine.dir/fused_attn/kv_cache.cu.o
      In file included from
      /dev/shm/TransformerEngine/transformer_engine/common/fused_attn/../common.h:44,
                       from
      /dev/shm/TransformerEngine/transformer_engine/common/fused_attn/kv_cache.cu:7:
      /dev/shm/TransformerEngine/transformer_engine/common/fused_attn/.././util/logging.h:13:10:
      fatal error: nvrtc.h: No such file or directory
         13 | #include <nvrtc.h>
            |          ^~~~~~~~~
      compilation terminated.
      [89/99] /usr/local/cuda-12.9/bin/nvcc -forward-unknown-to-host-compiler
      -DNVTE_BUILD_LEGACY_STATIC_FUSED_SOFTMAX=0
      -DNVTE_BUILD_LEGACY_STATIC_NORM=0
      -DNVTE_BUILD_NUM_PHILOX_ROUNDS=10 -DNVTE_WITH_NCCL_EP
      -DNV_CUDNN_FRONTEND_USE_DYNAMIC_LOADING -Dtransformer_engine_EXPORTS
      -I/dev/shm/TransformerEngine/transformer_engine/common/..
      -I/dev/shm/TransformerEngine/transformer_engine/common/include
      -I/venv/main/lib/python3.12/site-packages/include
      -I/dev/shm/TransformerEngine/transformer_engine/common/../../3rdparty/cutlass/include
      -I/dev/shm/TransformerEngine/transformer_engine/common/../../3rdparty/cutlass/tools/util/include
      -I/dev/shm/TransformerEngine/transformer_engine/common/../../3rdparty/nccl-extensions/build/include
      -I/dev/shm/TransformerEngine/build/temp.linux-x86_64-cpython-312/cmake-build-transformer_engine-3x47vimh/string_headers
      -isystem /usr/local/cuda-12.9/targets/x86_64-linux/include/cccl
      -isystem /venv/main/lib/python3.12/site-packages/nvidia/cudnn/include
      --expt-relaxed-constexpr -O3 -Xfatbin -compress-all
      --threads 1 -O3 -DNDEBUG -std=c++17 -Xcompiler=-fPIC
      --generate-code=arch=compute_100,code=sm_100 -MD -MT
      CMakeFiles/transformer_engine.dir/normalization/layernorm/ln_fwd_cuda_kernel.cu.o
      -MF
      CMakeFiles/transformer_engine.dir/normalization/layernorm/ln_fwd_cuda_kernel.cu.o.d
      -x cu -c
      /dev/shm/TransformerEngine/transformer_engine/common/normalization/layernorm/ln_fwd_cuda_kernel.cu
      -o
      CMakeFiles/transformer_engine.dir/normalization/layernorm/ln_fwd_cuda_kernel.cu.o
      FAILED: [code=1]
      CMakeFiles/transformer_engine.dir/normalization/layernorm/ln_fwd_cuda_kernel.cu.o
      /usr/local/cuda-12.9/bin/nvcc -forward-unknown-to-host-compiler
      -DNVTE_BUILD_LEGACY_STATIC_FUSED_SOFTMAX=0
      -DNVTE_BUILD_LEGACY_STATIC_NORM=0
      -DNVTE_BUILD_NUM_PHILOX_ROUNDS=10 -DNVTE_WITH_NCCL_EP
      -DNV_CUDNN_FRONTEND_USE_DYNAMIC_LOADING -Dtransformer_engine_EXPORTS
      -I/dev/shm/TransformerEngine/transformer_engine/common/..
      -I/dev/shm/TransformerEngine/transformer_engine/common/include
      -I/venv/main/lib/python3.12/site-packages/include
      -I/dev/shm/TransformerEngine/transformer_engine/common/../../3rdparty/cutlass/include
      -I/dev/shm/TransformerEngine/transformer_engine/common/../../3rdparty/cutlass/tools/util/include
      -I/dev/shm/TransformerEngine/transformer_engine/common/../../3rdparty/nccl-extensions/build/include
      -I/dev/shm/TransformerEngine/build/temp.linux-x86_64-cpython-312/cmake-build-transformer_engine-3x47vimh/string_headers
      -isystem /usr/local/cuda-12.9/targets/x86_64-linux/include/cccl
      -isystem /venv/main/lib/python3.12/site-packages/nvidia/cudnn/include
      --expt-relaxed-constexpr -O3 -Xfatbin -compress-all
      --threads 1 -O3 -DNDEBUG -std=c++17 -Xcompiler=-fPIC
      --generate-code=arch=compute_100,code=sm_100 -MD -MT
      CMakeFiles/transformer_engine.dir/normalization/layernorm/ln_fwd_cuda_kernel.cu.o
      -MF
      CMakeFiles/transformer_engine.dir/normalization/layernorm/ln_fwd_cuda_kernel.cu.o.d
      -x cu -c
      /dev/shm/TransformerEngine/transformer_engine/common/normalization/layernorm/ln_fwd_cuda_kernel.cu
      -o
      CMakeFiles/transformer_engine.dir/normalization/layernorm/ln_fwd_cuda_kernel.cu.o
      In file included from
      /venv/main/lib/python3.12/site-packages/include/cudnn_frontend/node/../experimental/oss_engine_interface.h:8,
                       from
      /venv/main/lib/python3.12/site-packages/include/cudnn_frontend/node/../experimental/sm100_rms_norm_silu_engine.h:8,
                       from
      /venv/main/lib/python3.12/site-packages/include/cudnn_frontend/node/../plans.h:21,
                       from
      /venv/main/lib/python3.12/site-packages/include/cudnn_frontend/node/../cudnn_interface.h:22,
                       from
      /venv/main/lib/python3.12/site-packages/include/cudnn_frontend/node/../node_interface.h:25,
                       from
      /venv/main/lib/python3.12/site-packages/include/cudnn_frontend/node/batchnorm.h:9,
                       from
      /venv/main/lib/python3.12/site-packages/include/cudnn_frontend/graph_interface.h:16,
                       from
      /venv/main/lib/python3.12/site-packages/include/cudnn_frontend.h:112,
                       from
      /dev/shm/TransformerEngine/transformer_engine/common/normalization/layernorm/../common.h:11,
                       from
      /dev/shm/TransformerEngine/transformer_engine/common/normalization/layernorm/ln_fwd_cuda_kernel.cu:7:
      /venv/main/lib/python3.12/site-packages/include/cudnn_frontend/node/../experimental/nvrtc_shim.h:8:10:
      fatal error: nvrtc.h: No such file or directory
          8 | #include <nvrtc.h>
            |          ^~~~~~~~~
      compilation terminated.
      [90/99] /usr/local/cuda-12.9/bin/nvcc -forward-unknown-to-host-compiler
      -DNVTE_BUILD_LEGACY_STATIC_FUSED_SOFTMAX=0
      -DNVTE_BUILD_LEGACY_STATIC_NORM=0
      -DNVTE_BUILD_NUM_PHILOX_ROUNDS=10 -DNVTE_WITH_NCCL_EP
      -DNV_CUDNN_FRONTEND_USE_DYNAMIC_LOADING -Dtransformer_engine_EXPORTS
      -I/dev/shm/TransformerEngine/transformer_engine/common/..
      -I/dev/shm/TransformerEngine/transformer_engine/common/include
      -I/venv/main/lib/python3.12/site-packages/include
      -I/dev/shm/TransformerEngine/transformer_engine/common/../../3rdparty/cutlass/include
      -I/dev/shm/TransformerEngine/transformer_engine/common/../../3rdparty/cutlass/tools/util/include
      -I/dev/shm/TransformerEngine/transformer_engine/common/../../3rdparty/nccl-extensions/build/include
      -I/dev/shm/TransformerEngine/build/temp.linux-x86_64-cpython-312/cmake-build-transformer_engine-3x47vimh/string_headers
      -isystem /usr/local/cuda-12.9/targets/x86_64-linux/include/cccl
      -isystem /venv/main/lib/python3.12/site-packages/nvidia/cudnn/include
      --expt-relaxed-constexpr -O3 -Xfatbin -compress-all
      --threads 1 -O3 -DNDEBUG -std=c++17 -Xcompiler=-fPIC
      --generate-code=arch=compute_100,code=sm_100 -MD -MT
      CMakeFiles/transformer_engine.dir/normalization/rmsnorm/rmsnorm_fwd_cuda_kernel.cu.o
      -MF
      CMakeFiles/transformer_engine.dir/normalization/rmsnorm/rmsnorm_fwd_cuda_kernel.cu.o.d
      -x cu -c
      /dev/shm/TransformerEngine/transformer_engine/common/normalization/rmsnorm/rmsnorm_fwd_cuda_kernel.cu
      -o
      CMakeFiles/transformer_engine.dir/normalization/rmsnorm/rmsnorm_fwd_cuda_kernel.cu.o
      FAILED: [code=1]
      CMakeFiles/transformer_engine.dir/normalization/rmsnorm/rmsnorm_fwd_cuda_kernel.cu.o
      /usr/local/cuda-12.9/bin/nvcc -forward-unknown-to-host-compiler
      -DNVTE_BUILD_LEGACY_STATIC_FUSED_SOFTMAX=0
      -DNVTE_BUILD_LEGACY_STATIC_NORM=0
      -DNVTE_BUILD_NUM_PHILOX_ROUNDS=10 -DNVTE_WITH_NCCL_EP
      -DNV_CUDNN_FRONTEND_USE_DYNAMIC_LOADING -Dtransformer_engine_EXPORTS
      -I/dev/shm/TransformerEngine/transformer_engine/common/..
      -I/dev/shm/TransformerEngine/transformer_engine/common/include
      -I/venv/main/lib/python3.12/site-packages/include
      -I/dev/shm/TransformerEngine/transformer_engine/common/../../3rdparty/cutlass/include
      -I/dev/shm/TransformerEngine/transformer_engine/common/../../3rdparty/cutlass/tools/util/include
      -I/dev/shm/TransformerEngine/transformer_engine/common/../../3rdparty/nccl-extensions/build/include
      -I/dev/shm/TransformerEngine/build/temp.linux-x86_64-cpython-312/cmake-build-transformer_engine-3x47vimh/string_headers
      -isystem /usr/local/cuda-12.9/targets/x86_64-linux/include/cccl
      -isystem /venv/main/lib/python3.12/site-packages/nvidia/cudnn/include
      --expt-relaxed-constexpr -O3 -Xfatbin -compress-all
      --threads 1 -O3 -DNDEBUG -std=c++17 -Xcompiler=-fPIC
      --generate-code=arch=compute_100,code=sm_100 -MD -MT
      CMakeFiles/transformer_engine.dir/normalization/rmsnorm/rmsnorm_fwd_cuda_kernel.cu.o
      -MF
      CMakeFiles/transformer_engine.dir/normalization/rmsnorm/rmsnorm_fwd_cuda_kernel.cu.o.d
      -x cu -c
      /dev/shm/TransformerEngine/transformer_engine/common/normalization/rmsnorm/rmsnorm_fwd_cuda_kernel.cu
      -o
      CMakeFiles/transformer_engine.dir/normalization/rmsnorm/rmsnorm_fwd_cuda_kernel.cu.o
      In file included from
      /venv/main/lib/python3.12/site-packages/include/cudnn_frontend/node/../experimental/oss_engine_interface.h:8,
                       from
      /venv/main/lib/python3.12/site-packages/include/cudnn_frontend/node/../experimental/sm100_rms_norm_silu_engine.h:8,
                       from
      /venv/main/lib/python3.12/site-packages/include/cudnn_frontend/node/../plans.h:21,
                       from
      /venv/main/lib/python3.12/site-packages/include/cudnn_frontend/node/../cudnn_interface.h:22,
                       from
      /venv/main/lib/python3.12/site-packages/include/cudnn_frontend/node/../node_interface.h:25,
                       from
      /venv/main/lib/python3.12/site-packages/include/cudnn_frontend/node/batchnorm.h:9,
                       from
      /venv/main/lib/python3.12/site-packages/include/cudnn_frontend/graph_interface.h:16,
                       from
      /venv/main/lib/python3.12/site-packages/include/cudnn_frontend.h:112,
                       from
      /dev/shm/TransformerEngine/transformer_engine/common/normalization/rmsnorm/../common.h:11,
                       from
      /dev/shm/TransformerEngine/transformer_engine/common/normalization/rmsnorm/rmsnorm_fwd_cuda_kernel.cu:7:
      /venv/main/lib/python3.12/site-packages/include/cudnn_frontend/node/../experimental/nvrtc_shim.h:8:10:
      fatal error: nvrtc.h: No such file or directory
          8 | #include <nvrtc.h>
            |          ^~~~~~~~~
      compilation terminated.
      [91/99] /usr/local/cuda-12.9/bin/nvcc -forward-unknown-to-host-compiler
      -DNVTE_BUILD_LEGACY_STATIC_FUSED_SOFTMAX=0
      -DNVTE_BUILD_LEGACY_STATIC_NORM=0
      -DNVTE_BUILD_NUM_PHILOX_ROUNDS=10 -DNVTE_WITH_NCCL_EP
      -DNV_CUDNN_FRONTEND_USE_DYNAMIC_LOADING -Dtransformer_engine_EXPORTS
      -I/dev/shm/TransformerEngine/transformer_engine/common/..
      -I/dev/shm/TransformerEngine/transformer_engine/common/include
      -I/venv/main/lib/python3.12/site-packages/include
      -I/dev/shm/TransformerEngine/transformer_engine/common/../../3rdparty/cutlass/include
      -I/dev/shm/TransformerEngine/transformer_engine/common/../../3rdparty/cutlass/tools/util/include
      -I/dev/shm/TransformerEngine/transformer_engine/common/../../3rdparty/nccl-extensions/build/include
      -I/dev/shm/TransformerEngine/build/temp.linux-x86_64-cpython-312/cmake-build-transformer_engine-3x47vimh/string_headers
      -isystem /usr/local/cuda-12.9/targets/x86_64-linux/include/cccl
      -isystem /venv/main/lib/python3.12/site-packages/nvidia/cudnn/include
      --expt-relaxed-constexpr -O3 -Xfatbin -compress-all
      --threads 1 -O3 -DNDEBUG -std=c++17 -Xcompiler=-fPIC
      --generate-code=arch=compute_100,code=sm_100 -MD -MT
      CMakeFiles/transformer_engine.dir/normalization/rmsnorm/rmsnorm_bwd_semi_cuda_kernel.cu.o
      -MF
      CMakeFiles/transformer_engine.dir/normalization/rmsnorm/rmsnorm_bwd_semi_cuda_kernel.cu.o.d
      -x cu -c
      /dev/shm/TransformerEngine/transformer_engine/common/normalization/rmsnorm/rmsnorm_bwd_semi_cuda_kernel.cu
      -o
      CMakeFiles/transformer_engine.dir/normalization/rmsnorm/rmsnorm_bwd_semi_cuda_kernel.cu.o
      FAILED: [code=1]
      CMakeFiles/transformer_engine.dir/normalization/rmsnorm/rmsnorm_bwd_semi_cuda_kernel.cu.o
      /usr/local/cuda-12.9/bin/nvcc -forward-unknown-to-host-compiler
      -DNVTE_BUILD_LEGACY_STATIC_FUSED_SOFTMAX=0
      -DNVTE_BUILD_LEGACY_STATIC_NORM=0
      -DNVTE_BUILD_NUM_PHILOX_ROUNDS=10 -DNVTE_WITH_NCCL_EP
      -DNV_CUDNN_FRONTEND_USE_DYNAMIC_LOADING -Dtransformer_engine_EXPORTS
      -I/dev/shm/TransformerEngine/transformer_engine/common/..
      -I/dev/shm/TransformerEngine/transformer_engine/common/include
      -I/venv/main/lib/python3.12/site-packages/include
      -I/dev/shm/TransformerEngine/transformer_engine/common/../../3rdparty/cutlass/include
      -I/dev/shm/TransformerEngine/transformer_engine/common/../../3rdparty/cutlass/tools/util/include
      -I/dev/shm/TransformerEngine/transformer_engine/common/../../3rdparty/nccl-extensions/build/include
      -I/dev/shm/TransformerEngine/build/temp.linux-x86_64-cpython-312/cmake-build-transformer_engine-3x47vimh/string_headers
      -isystem /usr/local/cuda-12.9/targets/x86_64-linux/include/cccl
      -isystem /venv/main/lib/python3.12/site-packages/nvidia/cudnn/include
      --expt-relaxed-constexpr -O3 -Xfatbin -compress-all
      --threads 1 -O3 -DNDEBUG -std=c++17 -Xcompiler=-fPIC
      --generate-code=arch=compute_100,code=sm_100 -MD -MT
      CMakeFiles/transformer_engine.dir/normalization/rmsnorm/rmsnorm_bwd_semi_cuda_kernel.cu.o
      -MF
      CMakeFiles/transformer_engine.dir/normalization/rmsnorm/rmsnorm_bwd_semi_cuda_kernel.cu.o.d
      -x cu -c
      /dev/shm/TransformerEngine/transformer_engine/common/normalization/rmsnorm/rmsnorm_bwd_semi_cuda_kernel.cu
      -o
      CMakeFiles/transformer_engine.dir/normalization/rmsnorm/rmsnorm_bwd_semi_cuda_kernel.cu.o
      In file included from
      /venv/main/lib/python3.12/site-packages/include/cudnn_frontend/node/../experimental/oss_engine_interface.h:8,
                       from
      /venv/main/lib/python3.12/site-packages/include/cudnn_frontend/node/../experimental/sm100_rms_norm_silu_engine.h:8,
                       from
      /venv/main/lib/python3.12/site-packages/include/cudnn_frontend/node/../plans.h:21,
                       from
      /venv/main/lib/python3.12/site-packages/include/cudnn_frontend/node/../cudnn_interface.h:22,
                       from
      /venv/main/lib/python3.12/site-packages/include/cudnn_frontend/node/../node_interface.h:25,
                       from
      /venv/main/lib/python3.12/site-packages/include/cudnn_frontend/node/batchnorm.h:9,
                       from
      /venv/main/lib/python3.12/site-packages/include/cudnn_frontend/graph_interface.h:16,
                       from
      /venv/main/lib/python3.12/site-packages/include/cudnn_frontend.h:112,
                       from
      /dev/shm/TransformerEngine/transformer_engine/common/normalization/rmsnorm/../common.h:11,
                       from
      /dev/shm/TransformerEngine/transformer_engine/common/normalization/rmsnorm/rmsnorm_bwd_semi_cuda_kernel.cu:7:
      /venv/main/lib/python3.12/site-packages/include/cudnn_frontend/node/../experimental/nvrtc_shim.h:8:10:
      fatal error: nvrtc.h: No such file or directory
          8 | #include <nvrtc.h>
            |          ^~~~~~~~~
      compilation terminated.
      [92/99] /usr/local/cuda-12.9/bin/nvcc -forward-unknown-to-host-compiler
      -DNVTE_BUILD_LEGACY_STATIC_FUSED_SOFTMAX=0
      -DNVTE_BUILD_LEGACY_STATIC_NORM=0
      -DNVTE_BUILD_NUM_PHILOX_ROUNDS=10 -DNVTE_WITH_NCCL_EP
      -DNV_CUDNN_FRONTEND_USE_DYNAMIC_LOADING -Dtransformer_engine_EXPORTS
      -I/dev/shm/TransformerEngine/transformer_engine/common/..
      -I/dev/shm/TransformerEngine/transformer_engine/common/include
      -I/venv/main/lib/python3.12/site-packages/include
      -I/dev/shm/TransformerEngine/transformer_engine/common/../../3rdparty/cutlass/include
      -I/dev/shm/TransformerEngine/transformer_engine/common/../../3rdparty/cutlass/tools/util/include
      -I/dev/shm/TransformerEngine/transformer_engine/common/../../3rdparty/nccl-extensions/build/include
      -I/dev/shm/TransformerEngine/build/temp.linux-x86_64-cpython-312/cmake-build-transformer_engine-3x47vimh/string_headers
      -isystem /usr/local/cuda-12.9/targets/x86_64-linux/include/cccl
      -isystem /venv/main/lib/python3.12/site-packages/nvidia/cudnn/include
      --expt-relaxed-constexpr -O3 -Xfatbin -compress-all
      --threads 1 -O3 -DNDEBUG -std=c++17 -Xcompiler=-fPIC
      --generate-code=arch=compute_100a,code=sm_100a
      --generate-code=arch=compute_103a,code=sm_103a -MD -MT
      CMakeFiles/transformer_engine.dir/hadamard_transform/graph_safe_group_row_cast_col_hadamard_transform_cast_fusion.cu.o
      -MF
      CMakeFiles/transformer_engine.dir/hadamard_transform/graph_safe_group_row_cast_col_hadamard_transform_cast_fusion.cu.o.d
      -x cu -c
      /dev/shm/TransformerEngine/transformer_engine/common/hadamard_transform/graph_safe_group_row_cast_col_hadamard_transform_cast_fusion.cu
      -o
      CMakeFiles/transformer_engine.dir/hadamard_transform/graph_safe_group_row_cast_col_hadamard_transform_cast_fusion.cu.o
      FAILED: [code=1]
      CMakeFiles/transformer_engine.dir/hadamard_transform/graph_safe_group_row_cast_col_hadamard_transform_cast_fusion.cu.o
      /usr/local/cuda-12.9/bin/nvcc -forward-unknown-to-host-compiler
      -DNVTE_BUILD_LEGACY_STATIC_FUSED_SOFTMAX=0
      -DNVTE_BUILD_LEGACY_STATIC_NORM=0
      -DNVTE_BUILD_NUM_PHILOX_ROUNDS=10 -DNVTE_WITH_NCCL_EP
      -DNV_CUDNN_FRONTEND_USE_DYNAMIC_LOADING -Dtransformer_engine_EXPORTS
      -I/dev/shm/TransformerEngine/transformer_engine/common/..
      -I/dev/shm/TransformerEngine/transformer_engine/common/include
      -I/venv/main/lib/python3.12/site-packages/include
      -I/dev/shm/TransformerEngine/transformer_engine/common/../../3rdparty/cutlass/include
      -I/dev/shm/TransformerEngine/transformer_engine/common/../../3rdparty/cutlass/tools/util/include
      -I/dev/shm/TransformerEngine/transformer_engine/common/../../3rdparty/nccl-extensions/build/include
      -I/dev/shm/TransformerEngine/build/temp.linux-x86_64-cpython-312/cmake-build-transformer_engine-3x47vimh/string_headers
      -isystem /usr/local/cuda-12.9/targets/x86_64-linux/include/cccl
      -isystem /venv/main/lib/python3.12/site-packages/nvidia/cudnn/include
      --expt-relaxed-constexpr -O3 -Xfatbin -compress-all
      --threads 1 -O3 -DNDEBUG -std=c++17 -Xcompiler=-fPIC
      --generate-code=arch=compute_100a,code=sm_100a
      --generate-code=arch=compute_103a,code=sm_103a -MD -MT
      CMakeFiles/transformer_engine.dir/hadamard_transform/graph_safe_group_row_cast_col_hadamard_transform_cast_fusion.cu.o
      -MF
      CMakeFiles/transformer_engine.dir/hadamard_transform/graph_safe_group_row_cast_col_hadamard_transform_cast_fusion.cu.o.d
      -x cu -c
      /dev/shm/TransformerEngine/transformer_engine/common/hadamard_transform/graph_safe_group_row_cast_col_hadamard_transform_cast_fusion.cu
      -o
      CMakeFiles/transformer_engine.dir/hadamard_transform/graph_safe_group_row_cast_col_hadamard_transform_cast_fusion.cu.o
      In file included from
      /dev/shm/TransformerEngine/transformer_engine/common/../common/common.h:44,
                       from
      /dev/shm/TransformerEngine/transformer_engine/common/hadamard_transform/graph_safe_group_row_cast_col_hadamard_transform_cast_fusion.cu:18:
      /dev/shm/TransformerEngine/transformer_engine/common/../common/./util/logging.h:13:10:
      fatal error: nvrtc.h: No such file or directory
         13 | #include <nvrtc.h>
            |          ^~~~~~~~~
      compilation terminated.
      [93/99] /usr/local/cuda-12.9/bin/nvcc -forward-unknown-to-host-compiler
      -DNVTE_BUILD_LEGACY_STATIC_FUSED_SOFTMAX=0
      -DNVTE_BUILD_LEGACY_STATIC_NORM=0
      -DNVTE_BUILD_NUM_PHILOX_ROUNDS=10 -DNVTE_WITH_NCCL_EP
      -DNV_CUDNN_FRONTEND_USE_DYNAMIC_LOADING -Dtransformer_engine_EXPORTS
      -I/dev/shm/TransformerEngine/transformer_engine/common/..
      -I/dev/shm/TransformerEngine/transformer_engine/common/include
      -I/venv/main/lib/python3.12/site-packages/include
      -I/dev/shm/TransformerEngine/transformer_engine/common/../../3rdparty/cutlass/include
      -I/dev/shm/TransformerEngine/transformer_engine/common/../../3rdparty/cutlass/tools/util/include
      -I/dev/shm/TransformerEngine/transformer_engine/common/../../3rdparty/nccl-extensions/build/include
      -I/dev/shm/TransformerEngine/build/temp.linux-x86_64-cpython-312/cmake-build-transformer_engine-3x47vimh/string_headers
      -isystem /usr/local/cuda-12.9/targets/x86_64-linux/include/cccl
      -isystem /venv/main/lib/python3.12/site-packages/nvidia/cudnn/include
      --expt-relaxed-constexpr -O3 -Xfatbin -compress-all
      --threads 1 -O3 -DNDEBUG -std=c++17 -Xcompiler=-fPIC
      --generate-code=arch=compute_100a,code=sm_100a
      --generate-code=arch=compute_103a,code=sm_103a
      --generate-code=arch=compute_90a,code=sm_90a -g0 -dopt=on -MD -MT
      CMakeFiles/transformer_engine.dir/gemm/cutlass_grouped_gemm.cu.o -MF
      CMakeFiles/transformer_engine.dir/gemm/cutlass_grouped_gemm.cu.o.d
      -x cu -c
      /dev/shm/TransformerEngine/transformer_engine/common/gemm/cutlass_grouped_gemm.cu
      -o CMakeFiles/transformer_engine.dir/gemm/cutlass_grouped_gemm.cu.o
      FAILED: [code=1]
      CMakeFiles/transformer_engine.dir/gemm/cutlass_grouped_gemm.cu.o
      /usr/local/cuda-12.9/bin/nvcc -forward-unknown-to-host-compiler
      -DNVTE_BUILD_LEGACY_STATIC_FUSED_SOFTMAX=0
      -DNVTE_BUILD_LEGACY_STATIC_NORM=0
      -DNVTE_BUILD_NUM_PHILOX_ROUNDS=10 -DNVTE_WITH_NCCL_EP
      -DNV_CUDNN_FRONTEND_USE_DYNAMIC_LOADING -Dtransformer_engine_EXPORTS
      -I/dev/shm/TransformerEngine/transformer_engine/common/..
      -I/dev/shm/TransformerEngine/transformer_engine/common/include
      -I/venv/main/lib/python3.12/site-packages/include
      -I/dev/shm/TransformerEngine/transformer_engine/common/../../3rdparty/cutlass/include
      -I/dev/shm/TransformerEngine/transformer_engine/common/../../3rdparty/cutlass/tools/util/include
      -I/dev/shm/TransformerEngine/transformer_engine/common/../../3rdparty/nccl-extensions/build/include
      -I/dev/shm/TransformerEngine/build/temp.linux-x86_64-cpython-312/cmake-build-transformer_engine-3x47vimh/string_headers
      -isystem /usr/local/cuda-12.9/targets/x86_64-linux/include/cccl
      -isystem /venv/main/lib/python3.12/site-packages/nvidia/cudnn/include
      --expt-relaxed-constexpr -O3 -Xfatbin -compress-all
      --threads 1 -O3 -DNDEBUG -std=c++17 -Xcompiler=-fPIC
      --generate-code=arch=compute_100a,code=sm_100a
      --generate-code=arch=compute_103a,code=sm_103a
      --generate-code=arch=compute_90a,code=sm_90a -g0 -dopt=on -MD -MT
      CMakeFiles/transformer_engine.dir/gemm/cutlass_grouped_gemm.cu.o -MF
      CMakeFiles/transformer_engine.dir/gemm/cutlass_grouped_gemm.cu.o.d
      -x cu -c
      /dev/shm/TransformerEngine/transformer_engine/common/gemm/cutlass_grouped_gemm.cu
      -o CMakeFiles/transformer_engine.dir/gemm/cutlass_grouped_gemm.cu.o
      In file included from
      /dev/shm/TransformerEngine/transformer_engine/common/gemm/../common.h:44,
                       from
      /dev/shm/TransformerEngine/transformer_engine/common/gemm/cutlass_grouped_gemm.cuh:25,
                       from
      /dev/shm/TransformerEngine/transformer_engine/common/gemm/cutlass_grouped_gemm.cu:9:
      /dev/shm/TransformerEngine/transformer_engine/common/gemm/.././util/logging.h:13:10:
      fatal error: nvrtc.h: No such file or directory
         13 | #include <nvrtc.h>
            |          ^~~~~~~~~
      compilation terminated.
      [94/99] /usr/local/cuda-12.9/bin/nvcc -forward-unknown-to-host-compiler
      -DNVTE_BUILD_LEGACY_STATIC_FUSED_SOFTMAX=0
      -DNVTE_BUILD_LEGACY_STATIC_NORM=0
      -DNVTE_BUILD_NUM_PHILOX_ROUNDS=10 -DNVTE_WITH_NCCL_EP
      -DNV_CUDNN_FRONTEND_USE_DYNAMIC_LOADING -Dtransformer_engine_EXPORTS
      -I/dev/shm/TransformerEngine/transformer_engine/common/..
      -I/dev/shm/TransformerEngine/transformer_engine/common/include
      -I/venv/main/lib/python3.12/site-packages/include
      -I/dev/shm/TransformerEngine/transformer_engine/common/../../3rdparty/cutlass/include
      -I/dev/shm/TransformerEngine/transformer_engine/common/../../3rdparty/cutlass/tools/util/include
      -I/dev/shm/TransformerEngine/transformer_engine/common/../../3rdparty/nccl-extensions/build/include
      -I/dev/shm/TransformerEngine/build/temp.linux-x86_64-cpython-312/cmake-build-transformer_engine-3x47vimh/string_headers
      -isystem /usr/local/cuda-12.9/targets/x86_64-linux/include/cccl
      -isystem /venv/main/lib/python3.12/site-packages/nvidia/cudnn/include
      --expt-relaxed-constexpr -O3 -Xfatbin -compress-all
      --threads 1 -O3 -DNDEBUG -std=c++17 -Xcompiler=-fPIC
      --generate-code=arch=compute_100a,code=sm_100a
      --generate-code=arch=compute_103a,code=sm_103a -g0 -dopt=on -MD -MT
      CMakeFiles/transformer_engine.dir/hadamard_transform/hadamard_transform_cast_fusion.cu.o
      -MF
      CMakeFiles/transformer_engine.dir/hadamard_transform/hadamard_transform_cast_fusion.cu.o.d
      -x cu -c
      /dev/shm/TransformerEngine/transformer_engine/common/hadamard_transform/hadamard_transform_cast_fusion.cu
      -o
      CMakeFiles/transformer_engine.dir/hadamard_transform/hadamard_transform_cast_fusion.cu.o
      FAILED: [code=1]
      CMakeFiles/transformer_engine.dir/hadamard_transform/hadamard_transform_cast_fusion.cu.o
      /usr/local/cuda-12.9/bin/nvcc -forward-unknown-to-host-compiler
      -DNVTE_BUILD_LEGACY_STATIC_FUSED_SOFTMAX=0
      -DNVTE_BUILD_LEGACY_STATIC_NORM=0
      -DNVTE_BUILD_NUM_PHILOX_ROUNDS=10 -DNVTE_WITH_NCCL_EP
      -DNV_CUDNN_FRONTEND_USE_DYNAMIC_LOADING -Dtransformer_engine_EXPORTS
      -I/dev/shm/TransformerEngine/transformer_engine/common/..
      -I/dev/shm/TransformerEngine/transformer_engine/common/include
      -I/venv/main/lib/python3.12/site-packages/include
      -I/dev/shm/TransformerEngine/transformer_engine/common/../../3rdparty/cutlass/include
      -I/dev/shm/TransformerEngine/transformer_engine/common/../../3rdparty/cutlass/tools/util/include
      -I/dev/shm/TransformerEngine/transformer_engine/common/../../3rdparty/nccl-extensions/build/include
      -I/dev/shm/TransformerEngine/build/temp.linux-x86_64-cpython-312/cmake-build-transformer_engine-3x47vimh/string_headers
      -isystem /usr/local/cuda-12.9/targets/x86_64-linux/include/cccl
      -isystem /venv/main/lib/python3.12/site-packages/nvidia/cudnn/include
      --expt-relaxed-constexpr -O3 -Xfatbin -compress-all
      --threads 1 -O3 -DNDEBUG -std=c++17 -Xcompiler=-fPIC
      --generate-code=arch=compute_100a,code=sm_100a
      --generate-code=arch=compute_103a,code=sm_103a -g0 -dopt=on -MD -MT
      CMakeFiles/transformer_engine.dir/hadamard_transform/hadamard_transform_cast_fusion.cu.o
      -MF
      CMakeFiles/transformer_engine.dir/hadamard_transform/hadamard_transform_cast_fusion.cu.o.d
      -x cu -c
      /dev/shm/TransformerEngine/transformer_engine/common/hadamard_transform/hadamard_transform_cast_fusion.cu
      -o
      CMakeFiles/transformer_engine.dir/hadamard_transform/hadamard_transform_cast_fusion.cu.o
      In file included from
      /dev/shm/TransformerEngine/transformer_engine/common/../common/common.h:44,
                       from
      /dev/shm/TransformerEngine/transformer_engine/common/hadamard_transform/hadamard_transform_cast_fusion.cu:18:
      /dev/shm/TransformerEngine/transformer_engine/common/../common/./util/logging.h:13:10:
      fatal error: nvrtc.h: No such file or directory
         13 | #include <nvrtc.h>
            |          ^~~~~~~~~
      compilation terminated.
      [95/99] /usr/local/cuda-12.9/bin/nvcc -forward-unknown-to-host-compiler
      -DNVTE_BUILD_LEGACY_STATIC_FUSED_SOFTMAX=0
      -DNVTE_BUILD_LEGACY_STATIC_NORM=0
      -DNVTE_BUILD_NUM_PHILOX_ROUNDS=10 -DNVTE_WITH_NCCL_EP
      -DNV_CUDNN_FRONTEND_USE_DYNAMIC_LOADING -Dtransformer_engine_EXPORTS
      -I/dev/shm/TransformerEngine/transformer_engine/common/..
      -I/dev/shm/TransformerEngine/transformer_engine/common/include
      -I/venv/main/lib/python3.12/site-packages/include
      -I/dev/shm/TransformerEngine/transformer_engine/common/../../3rdparty/cutlass/include
      -I/dev/shm/TransformerEngine/transformer_engine/common/../../3rdparty/cutlass/tools/util/include
      -I/dev/shm/TransformerEngine/transformer_engine/common/../../3rdparty/nccl-extensions/build/include
      -I/dev/shm/TransformerEngine/build/temp.linux-x86_64-cpython-312/cmake-build-transformer_engine-3x47vimh/string_headers
      -isystem /usr/local/cuda-12.9/targets/x86_64-linux/include/cccl
      -isystem /venv/main/lib/python3.12/site-packages/nvidia/cudnn/include
      --expt-relaxed-constexpr -O3 -Xfatbin -compress-all
      --threads 1 -O3 -DNDEBUG -std=c++17 -Xcompiler=-fPIC
      --generate-code=arch=compute_100,code=sm_100 -MD -MT
      CMakeFiles/transformer_engine.dir/permutation/permutation.cu.o -MF
      CMakeFiles/transformer_engine.dir/permutation/permutation.cu.o.d -x cu -c
      /dev/shm/TransformerEngine/transformer_engine/common/permutation/permutation.cu
      -o CMakeFiles/transformer_engine.dir/permutation/permutation.cu.o
      FAILED: [code=1]
      CMakeFiles/transformer_engine.dir/permutation/permutation.cu.o
      /usr/local/cuda-12.9/bin/nvcc -forward-unknown-to-host-compiler
      -DNVTE_BUILD_LEGACY_STATIC_FUSED_SOFTMAX=0
      -DNVTE_BUILD_LEGACY_STATIC_NORM=0
      -DNVTE_BUILD_NUM_PHILOX_ROUNDS=10 -DNVTE_WITH_NCCL_EP
      -DNV_CUDNN_FRONTEND_USE_DYNAMIC_LOADING -Dtransformer_engine_EXPORTS
      -I/dev/shm/TransformerEngine/transformer_engine/common/..
      -I/dev/shm/TransformerEngine/transformer_engine/common/include
      -I/venv/main/lib/python3.12/site-packages/include
      -I/dev/shm/TransformerEngine/transformer_engine/common/../../3rdparty/cutlass/include
      -I/dev/shm/TransformerEngine/transformer_engine/common/../../3rdparty/cutlass/tools/util/include
      -I/dev/shm/TransformerEngine/transformer_engine/common/../../3rdparty/nccl-extensions/build/include
      -I/dev/shm/TransformerEngine/build/temp.linux-x86_64-cpython-312/cmake-build-transformer_engine-3x47vimh/string_headers
      -isystem /usr/local/cuda-12.9/targets/x86_64-linux/include/cccl
      -isystem /venv/main/lib/python3.12/site-packages/nvidia/cudnn/include
      --expt-relaxed-constexpr -O3 -Xfatbin -compress-all
      --threads 1 -O3 -DNDEBUG -std=c++17 -Xcompiler=-fPIC
      --generate-code=arch=compute_100,code=sm_100 -MD -MT
      CMakeFiles/transformer_engine.dir/permutation/permutation.cu.o -MF
      CMakeFiles/transformer_engine.dir/permutation/permutation.cu.o.d -x cu -c
      /dev/shm/TransformerEngine/transformer_engine/common/permutation/permutation.cu
      -o CMakeFiles/transformer_engine.dir/permutation/permutation.cu.o
      In file included from
      /dev/shm/TransformerEngine/transformer_engine/common/permutation/../common.h:44,
                       from
      /dev/shm/TransformerEngine/transformer_engine/common/permutation/permutation.cu:11:
      /dev/shm/TransformerEngine/transformer_engine/common/permutation/.././util/logging.h:13:10:
      fatal error: nvrtc.h: No such file or directory
         13 | #include <nvrtc.h>
            |          ^~~~~~~~~
      compilation terminated.
      [96/99] /usr/local/cuda-12.9/bin/nvcc -forward-unknown-to-host-compiler
      -DNVTE_BUILD_LEGACY_STATIC_FUSED_SOFTMAX=0
      -DNVTE_BUILD_LEGACY_STATIC_NORM=0
      -DNVTE_BUILD_NUM_PHILOX_ROUNDS=10 -DNVTE_WITH_NCCL_EP
      -DNV_CUDNN_FRONTEND_USE_DYNAMIC_LOADING -Dtransformer_engine_EXPORTS
      -I/dev/shm/TransformerEngine/transformer_engine/common/..
      -I/dev/shm/TransformerEngine/transformer_engine/common/include
      -I/venv/main/lib/python3.12/site-packages/include
      -I/dev/shm/TransformerEngine/transformer_engine/common/../../3rdparty/cutlass/include
      -I/dev/shm/TransformerEngine/transformer_engine/common/../../3rdparty/cutlass/tools/util/include
      -I/dev/shm/TransformerEngine/transformer_engine/common/../../3rdparty/nccl-extensions/build/include
      -I/dev/shm/TransformerEngine/build/temp.linux-x86_64-cpython-312/cmake-build-transformer_engine-3x47vimh/string_headers
      -isystem /usr/local/cuda-12.9/targets/x86_64-linux/include/cccl
      -isystem /venv/main/lib/python3.12/site-packages/nvidia/cudnn/include
      --expt-relaxed-constexpr -O3 -Xfatbin -compress-all
      --threads 1 -O3 -DNDEBUG -std=c++17 -Xcompiler=-fPIC
      --generate-code=arch=compute_100a,code=sm_100a
      --generate-code=arch=compute_103a,code=sm_103a -MD -MT
      CMakeFiles/transformer_engine.dir/hadamard_transform/row_cast_col_hadamard_transform_cast_fusion.cu.o
      -MF
      CMakeFiles/transformer_engine.dir/hadamard_transform/row_cast_col_hadamard_transform_cast_fusion.cu.o.d
      -x cu -c
      /dev/shm/TransformerEngine/transformer_engine/common/hadamard_transform/row_cast_col_hadamard_transform_cast_fusion.cu
      -o
      CMakeFiles/transformer_engine.dir/hadamard_transform/row_cast_col_hadamard_transform_cast_fusion.cu.o
      FAILED: [code=1]
      CMakeFiles/transformer_engine.dir/hadamard_transform/row_cast_col_hadamard_transform_cast_fusion.cu.o
      /usr/local/cuda-12.9/bin/nvcc -forward-unknown-to-host-compiler
      -DNVTE_BUILD_LEGACY_STATIC_FUSED_SOFTMAX=0
      -DNVTE_BUILD_LEGACY_STATIC_NORM=0
      -DNVTE_BUILD_NUM_PHILOX_ROUNDS=10 -DNVTE_WITH_NCCL_EP
      -DNV_CUDNN_FRONTEND_USE_DYNAMIC_LOADING -Dtransformer_engine_EXPORTS
      -I/dev/shm/TransformerEngine/transformer_engine/common/..
      -I/dev/shm/TransformerEngine/transformer_engine/common/include
      -I/venv/main/lib/python3.12/site-packages/include
      -I/dev/shm/TransformerEngine/transformer_engine/common/../../3rdparty/cutlass/include
      -I/dev/shm/TransformerEngine/transformer_engine/common/../../3rdparty/cutlass/tools/util/include
      -I/dev/shm/TransformerEngine/transformer_engine/common/../../3rdparty/nccl-extensions/build/include
      -I/dev/shm/TransformerEngine/build/temp.linux-x86_64-cpython-312/cmake-build-transformer_engine-3x47vimh/string_headers
      -isystem /usr/local/cuda-12.9/targets/x86_64-linux/include/cccl
      -isystem /venv/main/lib/python3.12/site-packages/nvidia/cudnn/include
      --expt-relaxed-constexpr -O3 -Xfatbin -compress-all
      --threads 1 -O3 -DNDEBUG -std=c++17 -Xcompiler=-fPIC
      --generate-code=arch=compute_100a,code=sm_100a
      --generate-code=arch=compute_103a,code=sm_103a -MD -MT
      CMakeFiles/transformer_engine.dir/hadamard_transform/row_cast_col_hadamard_transform_cast_fusion.cu.o
      -MF
      CMakeFiles/transformer_engine.dir/hadamard_transform/row_cast_col_hadamard_transform_cast_fusion.cu.o.d
      -x cu -c
      /dev/shm/TransformerEngine/transformer_engine/common/hadamard_transform/row_cast_col_hadamard_transform_cast_fusion.cu
      -o
      CMakeFiles/transformer_engine.dir/hadamard_transform/row_cast_col_hadamard_transform_cast_fusion.cu.o
      In file included from
      /dev/shm/TransformerEngine/transformer_engine/common/../common/common.h:44,
                       from
      /dev/shm/TransformerEngine/transformer_engine/common/hadamard_transform/row_cast_col_hadamard_transform_cast_fusion.cu:18:
      /dev/shm/TransformerEngine/transformer_engine/common/../common/./util/logging.h:13:10:
      fatal error: nvrtc.h: No such file or directory
         13 | #include <nvrtc.h>
            |          ^~~~~~~~~
      compilation terminated.
      [97/99] /usr/local/cuda-12.9/bin/nvcc -forward-unknown-to-host-compiler
      -DNVTE_BUILD_LEGACY_STATIC_FUSED_SOFTMAX=0
      -DNVTE_BUILD_LEGACY_STATIC_NORM=0
      -DNVTE_BUILD_NUM_PHILOX_ROUNDS=10 -DNVTE_WITH_NCCL_EP
      -DNV_CUDNN_FRONTEND_USE_DYNAMIC_LOADING -Dtransformer_engine_EXPORTS
      -I/dev/shm/TransformerEngine/transformer_engine/common/..
      -I/dev/shm/TransformerEngine/transformer_engine/common/include
      -I/venv/main/lib/python3.12/site-packages/include
      -I/dev/shm/TransformerEngine/transformer_engine/common/../../3rdparty/cutlass/include
      -I/dev/shm/TransformerEngine/transformer_engine/common/../../3rdparty/cutlass/tools/util/include
      -I/dev/shm/TransformerEngine/transformer_engine/common/../../3rdparty/nccl-extensions/build/include
      -I/dev/shm/TransformerEngine/build/temp.linux-x86_64-cpython-312/cmake-build-transformer_engine-3x47vimh/string_headers
      -isystem /usr/local/cuda-12.9/targets/x86_64-linux/include/cccl
      -isystem /venv/main/lib/python3.12/site-packages/nvidia/cudnn/include
      --expt-relaxed-constexpr -O3 -Xfatbin -compress-all
      --threads 1 -O3 -DNDEBUG -std=c++17 -Xcompiler=-fPIC
      --generate-code=arch=compute_100a,code=sm_100a
      --generate-code=arch=compute_103a,code=sm_103a -g0 -dopt=on -MD -MT
      CMakeFiles/transformer_engine.dir/hadamard_transform/group_row_cast_col_hadamard_transform_cast_fusion.cu.o
      -MF
      CMakeFiles/transformer_engine.dir/hadamard_transform/group_row_cast_col_hadamard_transform_cast_fusion.cu.o.d
      -x cu -c
      /dev/shm/TransformerEngine/transformer_engine/common/hadamard_transform/group_row_cast_col_hadamard_transform_cast_fusion.cu
      -o
      CMakeFiles/transformer_engine.dir/hadamard_transform/group_row_cast_col_hadamard_transform_cast_fusion.cu.o
      FAILED: [code=1]
      CMakeFiles/transformer_engine.dir/hadamard_transform/group_row_cast_col_hadamard_transform_cast_fusion.cu.o
      /usr/local/cuda-12.9/bin/nvcc -forward-unknown-to-host-compiler
      -DNVTE_BUILD_LEGACY_STATIC_FUSED_SOFTMAX=0
      -DNVTE_BUILD_LEGACY_STATIC_NORM=0
      -DNVTE_BUILD_NUM_PHILOX_ROUNDS=10 -DNVTE_WITH_NCCL_EP
      -DNV_CUDNN_FRONTEND_USE_DYNAMIC_LOADING -Dtransformer_engine_EXPORTS
      -I/dev/shm/TransformerEngine/transformer_engine/common/..
      -I/dev/shm/TransformerEngine/transformer_engine/common/include
      -I/venv/main/lib/python3.12/site-packages/include
      -I/dev/shm/TransformerEngine/transformer_engine/common/../../3rdparty/cutlass/include
      -I/dev/shm/TransformerEngine/transformer_engine/common/../../3rdparty/cutlass/tools/util/include
      -I/dev/shm/TransformerEngine/transformer_engine/common/../../3rdparty/nccl-extensions/build/include
      -I/dev/shm/TransformerEngine/build/temp.linux-x86_64-cpython-312/cmake-build-transformer_engine-3x47vimh/string_headers
      -isystem /usr/local/cuda-12.9/targets/x86_64-linux/include/cccl
      -isystem /venv/main/lib/python3.12/site-packages/nvidia/cudnn/include
      --expt-relaxed-constexpr -O3 -Xfatbin -compress-all
      --threads 1 -O3 -DNDEBUG -std=c++17 -Xcompiler=-fPIC
      --generate-code=arch=compute_100a,code=sm_100a
      --generate-code=arch=compute_103a,code=sm_103a -g0 -dopt=on -MD -MT
      CMakeFiles/transformer_engine.dir/hadamard_transform/group_row_cast_col_hadamard_transform_cast_fusion.cu.o
      -MF
      CMakeFiles/transformer_engine.dir/hadamard_transform/group_row_cast_col_hadamard_transform_cast_fusion.cu.o.d
      -x cu -c
      /dev/shm/TransformerEngine/transformer_engine/common/hadamard_transform/group_row_cast_col_hadamard_transform_cast_fusion.cu
      -o
      CMakeFiles/transformer_engine.dir/hadamard_transform/group_row_cast_col_hadamard_transform_cast_fusion.cu.o
      In file included from
      /dev/shm/TransformerEngine/transformer_engine/common/../common/common.h:44,
                       from
      /dev/shm/TransformerEngine/transformer_engine/common/hadamard_transform/group_row_cast_col_hadamard_transform_cast_fusion.cu:18:
      /dev/shm/TransformerEngine/transformer_engine/common/../common/./util/logging.h:13:10:
      fatal error: nvrtc.h: No such file or directory
         13 | #include <nvrtc.h>
            |          ^~~~~~~~~
      compilation terminated.
      [98/99] /usr/local/cuda-12.9/bin/nvcc -forward-unknown-to-host-compiler
      -DNVTE_BUILD_LEGACY_STATIC_FUSED_SOFTMAX=0
      -DNVTE_BUILD_LEGACY_STATIC_NORM=0
      -DNVTE_BUILD_NUM_PHILOX_ROUNDS=10 -DNVTE_WITH_NCCL_EP
      -DNV_CUDNN_FRONTEND_USE_DYNAMIC_LOADING -Dtransformer_engine_EXPORTS
      -I/dev/shm/TransformerEngine/transformer_engine/common/..
      -I/dev/shm/TransformerEngine/transformer_engine/common/include
      -I/venv/main/lib/python3.12/site-packages/include
      -I/dev/shm/TransformerEngine/transformer_engine/common/../../3rdparty/cutlass/include
      -I/dev/shm/TransformerEngine/transformer_engine/common/../../3rdparty/cutlass/tools/util/include
      -I/dev/shm/TransformerEngine/transformer_engine/common/../../3rdparty/nccl-extensions/build/include
      -I/dev/shm/TransformerEngine/build/temp.linux-x86_64-cpython-312/cmake-build-transformer_engine-3x47vimh/string_headers
      -isystem /usr/local/cuda-12.9/targets/x86_64-linux/include/cccl
      -isystem /venv/main/lib/python3.12/site-packages/nvidia/cudnn/include
      --expt-relaxed-constexpr -O3 -Xfatbin -compress-all
      --threads 1 -O3 -DNDEBUG -std=c++17 -Xcompiler=-fPIC
      --generate-code=arch=compute_100a,code=sm_100a
      --generate-code=arch=compute_103a,code=sm_103a -g0 -dopt=on -MD -MT
      CMakeFiles/transformer_engine.dir/hadamard_transform/group_hadamard_transform_cast_fusion.cu.o
      -MF
      CMakeFiles/transformer_engine.dir/hadamard_transform/group_hadamard_transform_cast_fusion.cu.o.d
      -x cu -c
      /dev/shm/TransformerEngine/transformer_engine/common/hadamard_transform/group_hadamard_transform_cast_fusion.cu
      -o
      CMakeFiles/transformer_engine.dir/hadamard_transform/group_hadamard_transform_cast_fusion.cu.o
      FAILED: [code=1]
      CMakeFiles/transformer_engine.dir/hadamard_transform/group_hadamard_transform_cast_fusion.cu.o
      /usr/local/cuda-12.9/bin/nvcc -forward-unknown-to-host-compiler
      -DNVTE_BUILD_LEGACY_STATIC_FUSED_SOFTMAX=0
      -DNVTE_BUILD_LEGACY_STATIC_NORM=0
      -DNVTE_BUILD_NUM_PHILOX_ROUNDS=10 -DNVTE_WITH_NCCL_EP
      -DNV_CUDNN_FRONTEND_USE_DYNAMIC_LOADING -Dtransformer_engine_EXPORTS
      -I/dev/shm/TransformerEngine/transformer_engine/common/..
      -I/dev/shm/TransformerEngine/transformer_engine/common/include
      -I/venv/main/lib/python3.12/site-packages/include
      -I/dev/shm/TransformerEngine/transformer_engine/common/../../3rdparty/cutlass/include
      -I/dev/shm/TransformerEngine/transformer_engine/common/../../3rdparty/cutlass/tools/util/include
      -I/dev/shm/TransformerEngine/transformer_engine/common/../../3rdparty/nccl-extensions/build/include
      -I/dev/shm/TransformerEngine/build/temp.linux-x86_64-cpython-312/cmake-build-transformer_engine-3x47vimh/string_headers
      -isystem /usr/local/cuda-12.9/targets/x86_64-linux/include/cccl
      -isystem /venv/main/lib/python3.12/site-packages/nvidia/cudnn/include
      --expt-relaxed-constexpr -O3 -Xfatbin -compress-all
      --threads 1 -O3 -DNDEBUG -std=c++17 -Xcompiler=-fPIC
      --generate-code=arch=compute_100a,code=sm_100a
      --generate-code=arch=compute_103a,code=sm_103a -g0 -dopt=on -MD -MT
      CMakeFiles/transformer_engine.dir/hadamard_transform/group_hadamard_transform_cast_fusion.cu.o
      -MF
      CMakeFiles/transformer_engine.dir/hadamard_transform/group_hadamard_transform_cast_fusion.cu.o.d
      -x cu -c
      /dev/shm/TransformerEngine/transformer_engine/common/hadamard_transform/group_hadamard_transform_cast_fusion.cu
      -o
      CMakeFiles/transformer_engine.dir/hadamard_transform/group_hadamard_transform_cast_fusion.cu.o
      In file included from
      /dev/shm/TransformerEngine/transformer_engine/common/../common/common.h:44,
                       from
      /dev/shm/TransformerEngine/transformer_engine/common/hadamard_transform/group_hadamard_transform_cast_fusion.cu:18:
      /dev/shm/TransformerEngine/transformer_engine/common/../common/./util/logging.h:13:10:
      fatal error: nvrtc.h: No such file or directory
         13 | #include <nvrtc.h>
            |          ^~~~~~~~~
      compilation terminated.
      ninja: build stopped: subcommand failed.


      [stderr]
      /venv/main/lib/python3.12/site-packages/wheel/bdist_wheel.py:4:
      FutureWarning: The 'wheel' package is no longer the canonical location
      of the 'bdist_wheel' command, and will be removed in a future release.
      Please update to setuptools v70.1 or later which contains an integrated
      version of this command.
        warn(
      /venv/main/lib/python3.12/site-packages/setuptools/command/build_py.py:212:
      _Warning: Package 'transformer_engine.common.cmake' is absent from the
      `packages` configuration.
      !!

      
      ********************************************************************************
              ############################
              # Package would be ignored #
              ############################
              Python recognizes 'transformer_engine.common.cmake' as an
      importable package[^1],
              but it is absent from setuptools' `packages` configuration.

              This leads to an ambiguous overall configuration. If you want to
      distribute this
              package, please make sure that 'transformer_engine.common.cmake'
      is explicitly added
              to the `packages` configuration field.

              Alternatively, you can also rely on setuptools' discovery
      methods
              (for example by using
      `find_namespace_packages(...)`/`find_namespace:`
              instead of `find_packages(...)`/`find:`).

              You can read more about "package discovery" on setuptools
      documentation page:

              -
      https://setuptools.pypa.io/en/latest/userguide/package_discovery.html

              If you don't want 'transformer_engine.common.cmake' to be
      distributed and are
              already explicitly excluding 'transformer_engine.common.cmake'
      via
              `find_namespace_packages(...)/find_namespace` or
      `find_packages(...)/find`,
              you can try to use `exclude_package_data`, or
      `include-package-data=False` in
              combination with a more fine grained `package-data`
      configuration.

              You can read more about "package data files" on setuptools
      documentation page:

              - https://setuptools.pypa.io/en/latest/userguide/datafiles.html


              [^1]: For Python, any directory (with suitable naming) can be
      imported,
                    even if it does not contain any `.py` files.
                    On the other hand, currently there is no concept of
      package data
                    directory, all directories are treated like packages.
      
      ********************************************************************************

      !!
        check.warn(importable)
      /venv/main/lib/python3.12/site-packages/setuptools/command/build_py.py:212:
      _Warning: Package 'transformer_engine.common.include.transformer_engine'
      is absent from the `packages` configuration.
      !!

      
      ********************************************************************************
              ############################
              # Package would be ignored #
              ############################
              Python recognizes
      'transformer_engine.common.include.transformer_engine' as an importable
      package[^1],
              but it is absent from setuptools' `packages` configuration.

              This leads to an ambiguous overall configuration. If you want to
      distribute this
              package, please make sure that
      'transformer_engine.common.include.transformer_engine' is explicitly
      added
              to the `packages` configuration field.

              Alternatively, you can also rely on setuptools' discovery
      methods
              (for example by using
      `find_namespace_packages(...)`/`find_namespace:`
              instead of `find_packages(...)`/`find:`).

              You can read more about "package discovery" on setuptools
      documentation page:

              -
      https://setuptools.pypa.io/en/latest/userguide/package_discovery.html

              If you don't want
      'transformer_engine.common.include.transformer_engine' to be distributed
      and are
              already explicitly excluding
      'transformer_engine.common.include.transformer_engine' via
              `find_namespace_packages(...)/find_namespace` or
      `find_packages(...)/find`,
              you can try to use `exclude_package_data`, or
      `include-package-data=False` in
              combination with a more fine grained `package-data`
      configuration.

              You can read more about "package data files" on setuptools
      documentation page:

              - https://setuptools.pypa.io/en/latest/userguide/datafiles.html


              [^1]: For Python, any directory (with suitable naming) can be
      imported,
                    even if it does not contain any `.py` files.
                    On the other hand, currently there is no concept of
      package data
                    directory, all directories are treated like packages.
      
      ********************************************************************************

      !!
        check.warn(importable)
      /venv/main/lib/python3.12/site-packages/setuptools/command/build_py.py:212:
      _Warning: Package 'transformer_engine.pytorch.csrc' is absent from the
      `packages` configuration.
      !!

      
      ********************************************************************************
              ############################
              # Package would be ignored #
              ############################
              Python recognizes 'transformer_engine.pytorch.csrc' as an
      importable package[^1],
              but it is absent from setuptools' `packages` configuration.

              This leads to an ambiguous overall configuration. If you want to
      distribute this
              package, please make sure that 'transformer_engine.pytorch.csrc'
      is explicitly added
              to the `packages` configuration field.

              Alternatively, you can also rely on setuptools' discovery
      methods
              (for example by using
      `find_namespace_packages(...)`/`find_namespace:`
              instead of `find_packages(...)`/`find:`).

              You can read more about "package discovery" on setuptools
      documentation page:

              -
      https://setuptools.pypa.io/en/latest/userguide/package_discovery.html

              If you don't want 'transformer_engine.pytorch.csrc' to be
      distributed and are
              already explicitly excluding 'transformer_engine.pytorch.csrc'
      via
              `find_namespace_packages(...)/find_namespace` or
      `find_packages(...)/find`,
              you can try to use `exclude_package_data`, or
      `include-package-data=False` in
              combination with a more fine grained `package-data`
      configuration.

              You can read more about "package data files" on setuptools
      documentation page:

              - https://setuptools.pypa.io/en/latest/userguide/datafiles.html


              [^1]: For Python, any directory (with suitable naming) can be
      imported,
                    even if it does not contain any `.py` files.
                    On the other hand, currently there is no concept of
      package data
                    directory, all directories are treated like packages.
      
      ********************************************************************************

      !!
        check.warn(importable)
      /venv/main/lib/python3.12/site-packages/setuptools/command/build_py.py:212:
      _Warning: Package 'transformer_engine.pytorch.csrc.extensions' is absent
      from the `packages` configuration.
      !!

      
      ********************************************************************************
              ############################
              # Package would be ignored #
              ############################
              Python recognizes 'transformer_engine.pytorch.csrc.extensions'
      as an importable package[^1],
              but it is absent from setuptools' `packages` configuration.

              This leads to an ambiguous overall configuration. If you want to
      distribute this
              package, please make sure that
      'transformer_engine.pytorch.csrc.extensions' is explicitly added
              to the `packages` configuration field.

              Alternatively, you can also rely on setuptools' discovery
      methods
              (for example by using
      `find_namespace_packages(...)`/`find_namespace:`
              instead of `find_packages(...)`/`find:`).

              You can read more about "package discovery" on setuptools
      documentation page:

              -
      https://setuptools.pypa.io/en/latest/userguide/package_discovery.html

              If you don't want 'transformer_engine.pytorch.csrc.extensions'
      to be distributed and are
              already explicitly excluding
      'transformer_engine.pytorch.csrc.extensions' via
              `find_namespace_packages(...)/find_namespace` or
      `find_packages(...)/find`,
              you can try to use `exclude_package_data`, or
      `include-package-data=False` in
              combination with a more fine grained `package-data`
      configuration.

              You can read more about "package data files" on setuptools
      documentation page:

              - https://setuptools.pypa.io/en/latest/userguide/datafiles.html


              [^1]: For Python, any directory (with suitable naming) can be
      imported,
                    even if it does not contain any `.py` files.
                    On the other hand, currently there is no concept of
      package data
                    directory, all directories are treated like packages.
      
      ********************************************************************************

      !!
        check.warn(importable)
      /venv/main/lib/python3.12/site-packages/setuptools/command/build_py.py:212:
      _Warning: Package
      'transformer_engine.pytorch.csrc.extensions.multi_tensor' is absent from
      the `packages` configuration.
      !!

      
      ********************************************************************************
              ############################
              # Package would be ignored #
              ############################
              Python recognizes
      'transformer_engine.pytorch.csrc.extensions.multi_tensor' as an
      importable package[^1],
              but it is absent from setuptools' `packages` configuration.

              This leads to an ambiguous overall configuration. If you want to
      distribute this
              package, please make sure that
      'transformer_engine.pytorch.csrc.extensions.multi_tensor' is explicitly
      added
              to the `packages` configuration field.

              Alternatively, you can also rely on setuptools' discovery
      methods
              (for example by using
      `find_namespace_packages(...)`/`find_namespace:`
              instead of `find_packages(...)`/`find:`).

              You can read more about "package discovery" on setuptools
      documentation page:

              -
      https://setuptools.pypa.io/en/latest/userguide/package_discovery.html

              If you don't want
      'transformer_engine.pytorch.csrc.extensions.multi_tensor' to be
      distributed and are
              already explicitly excluding
      'transformer_engine.pytorch.csrc.extensions.multi_tensor' via
              `find_namespace_packages(...)/find_namespace` or
      `find_packages(...)/find`,
              you can try to use `exclude_package_data`, or
      `include-package-data=False` in
              combination with a more fine grained `package-data`
      configuration.

              You can read more about "package data files" on setuptools
      documentation page:

              - https://setuptools.pypa.io/en/latest/userguide/datafiles.html


              [^1]: For Python, any directory (with suitable naming) can be
      imported,
                    even if it does not contain any `.py` files.
                    On the other hand, currently there is no concept of
      package data
                    directory, all directories are treated like packages.
      
      ********************************************************************************

      !!
        check.warn(importable)
      CMake Warning:
        Manually-specified variables were not used by the project:

          pybind11_DIR


      Traceback (most recent call last):
        File "/dev/shm/TransformerEngine/build_tools/build_ext.py", line 97,
      in _build_cmake
          subprocess.run(command, cwd=build_dir, check=True)
        File "/venv/main/lib/python3.12/subprocess.py", line 571, in run
          raise CalledProcessError(retcode, process.args,
      subprocess.CalledProcessError: Command '['/usr/bin/cmake', '--build',
      '/dev/shm/TransformerEngine/build/temp.linux-x86_64-cpython-312/cmake-build-transformer_engine-3x47vimh',
      '--verbose', '--parallel', '192']' returned non-zero exit status 1.

      During handling of the above exception, another exception occurred:

      Traceback (most recent call last):
        File "<string>", line 11, in <module>
        File "/venv/main/lib/python3.12/site-packages/setuptools/build_meta.py",
      line 438, in build_wheel
          return _build(['bdist_wheel', '--dist-info-dir',
      str(metadata_directory)])
      
      ^^^^^^^^^^^^^^^^^^^^^^^^^^^^^^^^^^^^^^^^^^^^^^^^^^^^^^^^^^^^^^^^^^^
        File "/venv/main/lib/python3.12/site-packages/setuptools/build_meta.py",
      line 426, in _build
          return self._build_with_temp_dir(
                 ^^^^^^^^^^^^^^^^^^^^^^^^^^
        File "/venv/main/lib/python3.12/site-packages/setuptools/build_meta.py",
      line 407, in _build_with_temp_dir
          self.run_setup()
        File "/venv/main/lib/python3.12/site-packages/setuptools/build_meta.py",
      line 522, in run_setup
          super().run_setup(setup_script=setup_script)
        File "/venv/main/lib/python3.12/site-packages/setuptools/build_meta.py",
      line 320, in run_setup
          exec(code, locals())
        File "<string>", line 395, in <module>
        File "/venv/main/lib/python3.12/site-packages/setuptools/__init__.py",
      line 117, in setup
          return distutils.core.setup(**attrs)
                 ^^^^^^^^^^^^^^^^^^^^^^^^^^^^^
        File
      "/venv/main/lib/python3.12/site-packages/setuptools/_distutils/core.py",
      line 186, in setup
          return run_commands(dist)
                 ^^^^^^^^^^^^^^^^^^
        File
      "/venv/main/lib/python3.12/site-packages/setuptools/_distutils/core.py",
      line 202, in run_commands
          dist.run_commands()
        File
      "/venv/main/lib/python3.12/site-packages/setuptools/_distutils/dist.py",
      line 1002, in run_commands
          self.run_command(cmd)
        File "/venv/main/lib/python3.12/site-packages/setuptools/dist.py",
      line 1104, in run_command
          super().run_command(command)
        File
      "/venv/main/lib/python3.12/site-packages/setuptools/_distutils/dist.py",
      line 1021, in run_command
          cmd_obj.run()
        File "<string>", line 54, in run
        File
      "/venv/main/lib/python3.12/site-packages/setuptools/command/bdist_wheel.py",
      line 370, in run
          self.run_command("build")
        File
      "/venv/main/lib/python3.12/site-packages/setuptools/_distutils/cmd.py",
      line 357, in run_command
          self.distribution.run_command(command)
        File "/venv/main/lib/python3.12/site-packages/setuptools/dist.py",
      line 1104, in run_command
          super().run_command(command)
        File
      "/venv/main/lib/python3.12/site-packages/setuptools/_distutils/dist.py",
      line 1021, in run_command
          cmd_obj.run()
        File
      "/venv/main/lib/python3.12/site-packages/setuptools/_distutils/command/build.py",
      line 135, in run
          self.run_command(cmd_name)
        File
      "/venv/main/lib/python3.12/site-packages/setuptools/_distutils/cmd.py",
      line 357, in run_command
          self.distribution.run_command(command)
        File "/venv/main/lib/python3.12/site-packages/setuptools/dist.py",
      line 1104, in run_command
          super().run_command(command)
        File
      "/venv/main/lib/python3.12/site-packages/setuptools/_distutils/dist.py",
      line 1021, in run_command
          cmd_obj.run()
        File "/dev/shm/TransformerEngine/build_tools/build_ext.py", line 143,
      in run
          ext._build_cmake(
        File "/dev/shm/TransformerEngine/build_tools/build_ext.py", line 99,
      in _build_cmake
          raise RuntimeError(f"Error when running CMake: {e}")
      RuntimeError: Error when running CMake:
      Command '['/usr/bin/cmake', '--build',
      '/dev/shm/TransformerEngine/build/temp.linux-x86_64-cpython-312/cmake-build-transformer_engine-3x47vimh',
      '--verbose', '--parallel', '192']' returned non-zero exit status 1.


hint: Build failures usually indicate a problem with the package or the build environment
=== TE source build 2026-09-19T04:41:05Z ===
nvcc Build cuda_12.9.r12.9/compiler.36037853_0 CUDA_HOME=/usr/local/cuda-12.9 CUDACXX=/usr/local/cuda-12.9/bin/nvcc MAX_JOBS=192 nproc=192
NVTX_INC=/usr/local/cuda-12.9/include
CUDA12.8_INC=/usr/local/cuda-12.8/targets/x86_64-linux/include
Using Python 3.12.14 environment at: /venv/main
Checked 3 packages in 44ms
TE src 555d721 NVTE_CUDA_ARCHS=100
Using Python 3.12.14 environment at: /venv/main
Resolved 1 package in 2.75s
   Building transformer-engine @ file:///dev/shm/TransformerEngine
      Built transformer-engine @ file:///dev/shm/TransformerEngine
Prepared 1 package in 31m 05s
Uninstalled 1 package in 19ms
Installed 1 package in 179ms
 ~ transformer-engine==2.19.0+555d721 (from file:///dev/shm/TransformerEngine)
Traceback (most recent call last):
  File "<stdin>", line 6, in <module>
  File "/dev/shm/TransformerEngine/transformer_engine/__init__.py", line 16, in <module>
    import transformer_engine.common
  File "/dev/shm/TransformerEngine/transformer_engine/common/__init__.py", line 391, in <module>
    sanity_checks_for_pypi_installation()
  File "/dev/shm/TransformerEngine/transformer_engine/common/__init__.py", line 208, in sanity_checks_for_pypi_installation
    assert te_installed_via_pypi, "Could not find `transformer-engine` PyPI package."
           ^^^^^^^^^^^^^^^^^^^^^
AssertionError: Could not find `transformer-engine` PyPI package.
