=== B0 Ampere 3090 BF16 2026-09-20T01:10:21Z ===
NVIDIA GeForce RTX 3090, 8.6, 49152 MiB, 0 MiB
Filesystem      Size  Used Avail Use% Mounted on
overlay          30G  274M   30G   1% /
/dev/md0         50G  5.2G   45G  11% /root/autodl-tmp
torch 2.8.0+cu128 cuda 12.8 cap (8, 6)
Hub overlay copy ok sha256=7eebc9a4da78d79be71bbe52881f2a0eaffd899f58ada3a3325f410eca181955 (read-only; will not write this file)
resume (read-only Hub copy) /root/autodl-tmp/hub-b0-full
save (new overlay, not Hub) /root/autodl-tmp/b0-3090-bf16
B0 Ampere argv seq=4096 steps=8 no-nvfp4 zero-3
B0 argv: --config 12b --phase B0 --device cuda --dtype bf16 --seed 0 --save-dir /root/autodl-tmp/b0-3090-bf16 --keep-last 2 --no-save-full --save-trainable --no-save-optim --micro-batch 1 --accum 1 --grad-ckpt --no-offload-encoder --no-offload-blocks --no-optim-cpu --backend deepspeed --zero 3 --zero-offload --zero-offload-param --seq-len 4096 --steps 8 --save-every 2 --log-every 1 --log /root/autodl-tmp/b0-3090-bf16/metrics.jsonl --resume /root/autodl-tmp/hub-b0-full --upcycle-hf /root/autodl-tmp/hf/MiniCPM5-2B-Base --no-nvfp4 --dtype bf16
[transformers] `torch_dtype` is deprecated! Use `dtype` instead!
Loading weights:   0%|          | 0/381 [00:00<?, ?it/s]Loading weights: 100%|██████████| 381/381 [00:00<00:00, 5123.71it/s]
overlay resume /root/autodl-tmp/hub-b0-full/trainable.pt: 132 tensors ckpt_phase=B0 cli_phase=B0
[rank0]: Traceback (most recent call last):
[rank0]:   File "<frozen runpy>", line 198, in _run_module_as_main
[rank0]:   File "<frozen runpy>", line 88, in _run_code
[rank0]:   File "/root/autodl-tmp/CAT-YOKO/cat_yoko/b0.py", line 17, in <module>
[rank0]:     raise SystemExit(main_b0(sys.argv[1:]))
[rank0]:                      ^^^^^^^^^^^^^^^^^^^^^
[rank0]:   File "/root/autodl-tmp/CAT-YOKO/cat_yoko/phase_train.py", line 291, in main_b0
[rank0]:     return run_phase("B0", argv)
[rank0]:            ^^^^^^^^^^^^^^^^^^^^^
[rank0]:   File "/root/autodl-tmp/CAT-YOKO/cat_yoko/phase_train.py", line 287, in run_phase
[rank0]:     return train_main(built)
[rank0]:            ^^^^^^^^^^^^^^^^^
[rank0]:   File "/root/autodl-tmp/CAT-YOKO/cat_yoko/train.py", line 515, in main
[rank0]:     tr.run()
[rank0]:   File "/root/autodl-tmp/CAT-YOKO/cat_yoko/trainer.py", line 857, in run
[rank0]:     model, opt, n_train, adam_state = self._wrap_and_optim(model)
[rank0]:                                       ^^^^^^^^^^^^^^^^^^^^^^^^^^^
[rank0]:   File "/root/autodl-tmp/CAT-YOKO/cat_yoko/trainer.py", line 760, in _wrap_and_optim
[rank0]:     model, opt = wrap_deepspeed(raw, opt, cfg, dist_init_required=False)
[rank0]:                  ^^^^^^^^^^^^^^^^^^^^^^^^^^^^^^^^^^^^^^^^^^^^^^^^^^^^^^^
[rank0]:   File "/root/autodl-tmp/CAT-YOKO/cat_yoko/deepspeed_zero.py", line 216, in wrap_deepspeed
[rank0]:     engine, opt, _, _ = ds.initialize(
[rank0]:                         ^^^^^^^^^^^^^^
[rank0]:   File "/root/miniconda3/lib/python3.12/site-packages/deepspeed/__init__.py", line 244, in initialize
[rank0]:     engine = DeepSpeedEngine(args=args,
[rank0]:              ^^^^^^^^^^^^^^^^^^^^^^^^^^
[rank0]:   File "/root/miniconda3/lib/python3.12/site-packages/deepspeed/runtime/engine.py", line 587, in __init__
[rank0]:     self._do_args_sanity_check(args)
[rank0]:   File "/root/miniconda3/lib/python3.12/site-packages/deepspeed/runtime/engine.py", line 1927, in _do_args_sanity_check
[rank0]:     assert "LOCAL_RANK" in os.environ or "OMPI_COMM_WORLD_LOCAL_RANK" in os.environ, "DeepSpeed requires the LOCAL_RANK environment " \
[rank0]:            ^^^^^^^^^^^^^^^^^^^^^^^^^^^^^^^^^^^^^^^^^^^^^^^^^^^^^^^^^^^^^^^^^^^^^^^^
[rank0]: AssertionError: DeepSpeed requires the LOCAL_RANK environment variable, it is set by the deepspeed launcher, deepspeed.init_distributed, or the torch's launcher. If using a different launcher please ensure LOCAL_RANK is set prior to initializing deepspeed.
=== B0 Ampere 3090 BF16 2026-09-20T01:14:03Z ===
NVIDIA GeForce RTX 3090, 8.6, 49152 MiB, 0 MiB
Filesystem      Size  Used Avail Use% Mounted on
overlay          30G  274M   30G   1% /
/dev/md0         50G  5.2G   45G  11% /root/autodl-tmp
torch 2.8.0+cu128 cuda 12.8 cap (8, 6)
Hub overlay copy ok sha256=7eebc9a4da78d79be71bbe52881f2a0eaffd899f58ada3a3325f410eca181955 (read-only; will not write this file)
resume (read-only Hub copy) /root/autodl-tmp/hub-b0-full
save (new overlay, not Hub) /root/autodl-tmp/b0-3090-bf16
B0 Ampere argv seq=4096 steps=8 no-nvfp4 zero-3
B0 argv: --config 12b --phase B0 --device cuda --dtype bf16 --seed 0 --save-dir /root/autodl-tmp/b0-3090-bf16 --keep-last 2 --no-save-full --save-trainable --no-save-optim --micro-batch 1 --accum 1 --grad-ckpt --no-offload-encoder --no-offload-blocks --no-optim-cpu --backend deepspeed --zero 3 --zero-offload --zero-offload-param --seq-len 4096 --steps 8 --save-every 2 --log-every 1 --log /root/autodl-tmp/b0-3090-bf16/metrics.jsonl --resume /root/autodl-tmp/hub-b0-full --upcycle-hf /root/autodl-tmp/hf/MiniCPM5-2B-Base --no-nvfp4 --dtype bf16
[transformers] `torch_dtype` is deprecated! Use `dtype` instead!
Loading weights:   0%|          | 0/381 [00:00<?, ?it/s]Loading weights: 100%|██████████| 381/381 [00:00<00:00, 5607.32it/s]
overlay resume /root/autodl-tmp/hub-b0-full/trainable.pt: 132 tensors ckpt_phase=B0 cli_phase=B0
built CAT-YOKO-12B on cuda:0 dtype=bf16 params=0 alloc=0.09GiB grad_ckpt=True seq=4096 offload_enc=False offload_blocks=False optim_cpu=False adam=ds-cpu zero=3 ds=True zero_offload=True zero_offload_param=True trainable=219.21M reuse=False nvfp4=False nvfp4_n=0 nvfp4_family=other te_linear=False grouped_mm=False te=False te_nvfp4=False return_logits=False sparse=window loss=ce PYTORCH_CUDA_ALLOC_CONF=expandable_segments:True
=== B0 Ampere 3090 exit 0 2026-09-20T01:15:11Z ===
total 419M
-rw-r--r-- 1 root root 5.7K Sep 20 09:15 b0_3090.log
-rw-r--r-- 1 root root 419M Sep 20 09:15 trainable.pt
-r--r--r-- 1 root root 419M Sep 20 09:01 /root/autodl-tmp/hub-b0-full/trainable.pt
=== B0 Ampere 3090 BF16 2026-09-20T01:19:07Z ===
NVIDIA GeForce RTX 3090, 8.6, 49152 MiB, 0 MiB
Filesystem      Size  Used Avail Use% Mounted on
overlay          30G  274M   30G   1% /
/dev/md0         50G  5.2G   45G  11% /root/autodl-tmp
torch 2.8.0+cu128 cuda 12.8 cap (8, 6)
Hub overlay copy ok sha256=7eebc9a4da78d79be71bbe52881f2a0eaffd899f58ada3a3325f410eca181955 (read-only; will not write this file)
resume (read-only Hub copy) /root/autodl-tmp/hub-b0-full
save (new overlay, not Hub) /root/autodl-tmp/b0-3090-bf16
B0 Ampere argv seq=4096 more-steps=8 (absolute --steps would no-op at Hub 26940) no-nvfp4 zero-3
B0 argv: --config 12b --phase B0 --device cuda --dtype bf16 --seed 0 --save-dir /root/autodl-tmp/b0-3090-bf16 --keep-last 2 --no-save-full --save-trainable --no-save-optim --micro-batch 1 --accum 1 --grad-ckpt --no-offload-encoder --no-offload-blocks --no-optim-cpu --backend deepspeed --zero 3 --zero-offload --zero-offload-param --seq-len 4096 --more-steps 8 --tokens 8000000000.0 --save-every 2 --log-every 1 --log /root/autodl-tmp/b0-3090-bf16/metrics.jsonl --resume /root/autodl-tmp/hub-b0-full --upcycle-hf /root/autodl-tmp/hf/MiniCPM5-2B-Base --no-nvfp4 --dtype bf16
[transformers] `torch_dtype` is deprecated! Use `dtype` instead!
Loading weights:   0%|          | 0/381 [00:00<?, ?it/s]Loading weights: 100%|██████████| 381/381 [00:00<00:00, 5810.26it/s]
overlay resume /root/autodl-tmp/hub-b0-full/trainable.pt: 132 tensors ckpt_phase=B0 cli_phase=B0
built CAT-YOKO-12B on cuda:0 dtype=bf16 params=0 alloc=0.09GiB grad_ckpt=True seq=4096 offload_enc=False offload_blocks=False optim_cpu=False adam=ds-cpu zero=3 ds=True zero_offload=True zero_offload_param=True trainable=219.21M reuse=False nvfp4=False nvfp4_n=0 nvfp4_family=other te_linear=False grouped_mm=False te=False te_nvfp4=False return_logits=False sparse=window loss=ce PYTORCH_CUDA_ALLOC_CONF=expandable_segments:True
[2026-09-20 09:19:56,175] [WARNING] [torch_autocast.py:122:autocast_if_enabled] torch.autocast is enabled outside DeepSpeed but disabled within the DeepSpeed engine. If you are using DeepSpeed's built-in mixed precision, the engine will follow the settings in bf16/fp16 section. To use torch's native autocast instead, configure the `torch_autocast` section in the DeepSpeed config.
[rank0]: Traceback (most recent call last):
[rank0]:   File "<frozen runpy>", line 198, in _run_module_as_main
[rank0]:   File "<frozen runpy>", line 88, in _run_code
[rank0]:   File "/root/autodl-tmp/CAT-YOKO/cat_yoko/b0.py", line 17, in <module>
[rank0]:     raise SystemExit(main_b0(sys.argv[1:]))
[rank0]:                      ^^^^^^^^^^^^^^^^^^^^^
[rank0]:   File "/root/autodl-tmp/CAT-YOKO/cat_yoko/phase_train.py", line 299, in main_b0
[rank0]:     return run_phase("B0", argv)
[rank0]:            ^^^^^^^^^^^^^^^^^^^^^
[rank0]:   File "/root/autodl-tmp/CAT-YOKO/cat_yoko/phase_train.py", line 295, in run_phase
[rank0]:     return train_main(built)
[rank0]:            ^^^^^^^^^^^^^^^^^
[rank0]:   File "/root/autodl-tmp/CAT-YOKO/cat_yoko/train.py", line 522, in main
[rank0]:     tr.run()
[rank0]:   File "/root/autodl-tmp/CAT-YOKO/cat_yoko/trainer.py", line 975, in run
[rank0]:     out = self._forward_loss(model, batch)
[rank0]:           ^^^^^^^^^^^^^^^^^^^^^^^^^^^^^^^^
[rank0]:   File "/root/autodl-tmp/CAT-YOKO/cat_yoko/trainer.py", line 691, in _forward_loss
[rank0]:     return model(**batch)
[rank0]:            ^^^^^^^^^^^^^^
[rank0]:   File "/root/miniconda3/lib/python3.12/site-packages/torch/nn/modules/module.py", line 1773, in _wrapped_call_impl
[rank0]:     return self._call_impl(*args, **kwargs)
[rank0]:            ^^^^^^^^^^^^^^^^^^^^^^^^^^^^^^^^
[rank0]:   File "/root/miniconda3/lib/python3.12/site-packages/torch/nn/modules/module.py", line 1784, in _call_impl
[rank0]:     return forward_call(*args, **kwargs)
[rank0]:            ^^^^^^^^^^^^^^^^^^^^^^^^^^^^^
[rank0]:   File "/root/miniconda3/lib/python3.12/site-packages/deepspeed/utils/nvtx.py", line 33, in wrapped_fn
[rank0]:     ret_val = func(*args, **kwargs)
[rank0]:               ^^^^^^^^^^^^^^^^^^^^^
[rank0]:   File "/root/miniconda3/lib/python3.12/site-packages/deepspeed/runtime/engine.py", line 3047, in forward
[rank0]:     loss = self.module(*inputs, **kwargs)
[rank0]:            ^^^^^^^^^^^^^^^^^^^^^^^^^^^^^^
[rank0]:   File "/root/miniconda3/lib/python3.12/site-packages/torch/nn/modules/module.py", line 1773, in _wrapped_call_impl
[rank0]:     return self._call_impl(*args, **kwargs)
[rank0]:            ^^^^^^^^^^^^^^^^^^^^^^^^^^^^^^^^
[rank0]:   File "/root/miniconda3/lib/python3.12/site-packages/torch/nn/modules/module.py", line 1879, in _call_impl
[rank0]:     return inner()
[rank0]:            ^^^^^^^
[rank0]:   File "/root/miniconda3/lib/python3.12/site-packages/torch/nn/modules/module.py", line 1827, in inner
[rank0]:     result = forward_call(*args, **kwargs)
[rank0]:              ^^^^^^^^^^^^^^^^^^^^^^^^^^^^^
[rank0]:   File "/root/autodl-tmp/CAT-YOKO/cat_yoko/model.py", line 111, in forward
[rank0]:     x, a = self._run_block(blk, x, input_ids, doc_ids)
[rank0]:            ^^^^^^^^^^^^^^^^^^^^^^^^^^^^^^^^^^^^^^^^^^^
[rank0]:   File "/root/autodl-tmp/CAT-YOKO/cat_yoko/model.py", line 76, in _run_block
[rank0]:     if ckpt and any(t.requires_grad for t in tensors):
[rank0]:                 ^^^^^^^^^^^^^^^^^^^^^^^^^^^^^^^^^^^^^
[rank0]:   File "/root/autodl-tmp/CAT-YOKO/cat_yoko/model.py", line 76, in <genexpr>
[rank0]:     if ckpt and any(t.requires_grad for t in tensors):
[rank0]:                     ^^^^^^^^^^^^^^^
[rank0]: AttributeError: 'NoneType' object has no attribute 'requires_grad'
=== B0 Ampere 3090 BF16 2026-09-20T01:22:23Z ===
NVIDIA GeForce RTX 3090, 8.6, 49152 MiB, 0 MiB
Filesystem      Size  Used Avail Use% Mounted on
overlay          30G  274M   30G   1% /
/dev/md0         50G  5.2G   45G  11% /root/autodl-tmp
torch 2.8.0+cu128 cuda 12.8 cap (8, 6)
Hub overlay copy ok sha256=7eebc9a4da78d79be71bbe52881f2a0eaffd899f58ada3a3325f410eca181955 (read-only; will not write this file)
resume (read-only Hub copy) /root/autodl-tmp/hub-b0-full
save (new overlay, not Hub) /root/autodl-tmp/b0-3090-bf16
B0 Ampere argv seq=4096 more-steps=8 (absolute --steps would no-op at Hub 26940) no-nvfp4 zero-3
B0 argv: --config 12b --phase B0 --device cuda --dtype bf16 --seed 0 --save-dir /root/autodl-tmp/b0-3090-bf16 --keep-last 2 --no-save-full --save-trainable --no-save-optim --micro-batch 1 --accum 1 --grad-ckpt --no-offload-encoder --no-offload-blocks --no-optim-cpu --backend deepspeed --zero 3 --zero-offload --zero-offload-param --seq-len 4096 --more-steps 8 --tokens 8000000000.0 --save-every 2 --log-every 1 --log /root/autodl-tmp/b0-3090-bf16/metrics.jsonl --resume /root/autodl-tmp/hub-b0-full --upcycle-hf /root/autodl-tmp/hf/MiniCPM5-2B-Base --no-nvfp4 --dtype bf16
[transformers] `torch_dtype` is deprecated! Use `dtype` instead!
Loading weights:   0%|          | 0/381 [00:00<?, ?it/s]Loading weights: 100%|██████████| 381/381 [00:00<00:00, 6114.08it/s]
overlay resume /root/autodl-tmp/hub-b0-full/trainable.pt: 132 tensors ckpt_phase=B0 cli_phase=B0
built CAT-YOKO-12B on cuda:0 dtype=bf16 params=0 alloc=0.09GiB grad_ckpt=True seq=4096 offload_enc=False offload_blocks=False optim_cpu=False adam=ds-cpu zero=3 ds=True zero_offload=True zero_offload_param=True trainable=219.21M reuse=False nvfp4=False nvfp4_n=0 nvfp4_family=other te_linear=False grouped_mm=False te=False te_nvfp4=False return_logits=False sparse=window loss=ce PYTORCH_CUDA_ALLOC_CONF=expandable_segments:True
[2026-09-20 09:23:11,879] [WARNING] [torch_autocast.py:122:autocast_if_enabled] torch.autocast is enabled outside DeepSpeed but disabled within the DeepSpeed engine. If you are using DeepSpeed's built-in mixed precision, the engine will follow the settings in bf16/fp16 section. To use torch's native autocast instead, configure the `torch_autocast` section in the DeepSpeed config.
CAT-YOKO-12B B0 step 26941/26948 nll=11.9765 ppl=158981.9 aux=0.0000 gate=0.005 gn=0.00 moe_cv=0.73 trainable=219.21M lr=2.60e-05 fp8=False nvfp4=False tok=130045952 tok/s=484 mem=39286MiB
CAT-YOKO-12B B0 step 26942/26948 nll=12.0019 ppl=163066.2 aux=0.0000 gate=0.005 gn=0.20 moe_cv=0.66 trainable=219.21M lr=2.60e-05 fp8=False nvfp4=False tok=130050048 tok/s=719 mem=41292MiB
CAT-YOKO-12B B0 step 26943/26948 nll=11.9974 ppl=162330.6 aux=0.0000 gate=0.005 gn=0.20 moe_cv=0.69 trainable=219.21M lr=2.60e-05 fp8=False nvfp4=False tok=130054144 tok/s=695 mem=41292MiB
CAT-YOKO-12B B0 step 26944/26948 nll=11.9774 ppl=159118.2 aux=0.0000 gate=0.005 gn=0.30 moe_cv=0.65 trainable=219.21M lr=2.60e-05 fp8=False nvfp4=False tok=130058240 tok/s=729 mem=41292MiB
CAT-YOKO-12B B0 step 26945/26948 nll=11.9603 ppl=156426.0 aux=0.0000 gate=0.005 gn=0.24 moe_cv=0.65 trainable=219.21M lr=2.60e-05 fp8=False nvfp4=False tok=130062336 tok/s=728 mem=41292MiB
CAT-YOKO-12B B0 step 26946/26948 nll=12.0093 ppl=164276.5 aux=0.0000 gate=0.005 gn=0.26 moe_cv=0.71 trainable=219.21M lr=2.60e-05 fp8=False nvfp4=False tok=130066432 tok/s=731 mem=41292MiB
CAT-YOKO-12B B0 step 26947/26948 nll=12.0659 ppl=173843.6 aux=0.0000 gate=0.005 gn=0.33 moe_cv=0.65 trainable=219.21M lr=2.60e-05 fp8=False nvfp4=False tok=130070528 tok/s=730 mem=41292MiB
CAT-YOKO-12B B0 step 26948/26948 nll=11.9634 ppl=156908.4 aux=0.0000 gate=0.005 gn=0.78 moe_cv=0.68 trainable=219.21M lr=2.60e-05 fp8=False nvfp4=False tok=130074624 tok/s=730 mem=41292MiB
=== B0 Ampere 3090 exit 0 2026-09-20T01:24:35Z ===
total 1.3G
-rw-r--r-- 1 root root  16K Sep 20 09:24 b0_3090.log
-rw-r--r-- 1 root root 7.0K Sep 20 09:24 metrics.jsonl
-rw-r--r-- 2 root root 419M Sep 20 09:24 trainable.pt
-rw-r--r-- 1 root root 419M Sep 20 09:24 trainable_step_26946.pt
-rw-r--r-- 2 root root 419M Sep 20 09:24 trainable_step_26948.pt
-r--r--r-- 1 root root 419M Sep 20 09:01 /root/autodl-tmp/hub-b0-full/trainable.pt
=== B0 Ampere 3090 BF16 2026-09-20T01:45:27Z ===
NVIDIA GeForce RTX 3090, 8.6, 49152 MiB, 0 MiB
Filesystem      Size  Used Avail Use% Mounted on
overlay          30G  274M   30G   1% /
/dev/md0         50G  6.0G   45G  12% /root/autodl-tmp
torch 2.8.0+cu128 cuda 12.8 cap (8, 6)
Hub overlay copy ok sha256=7eebc9a4da78d79be71bbe52881f2a0eaffd899f58ada3a3325f410eca181955 (read-only; will not write this file)
resume (sibling overlay, not Hub) /root/autodl-tmp/b0-3090-bf16
save (new overlay, not Hub) /root/autodl-tmp/b0-3090-bf16
B0 Ampere argv seq=4096 more-steps=unlimited (8e9 envelope) save-every=50 no-nvfp4 zero-3
B0 argv: --config 12b --phase B0 --device cuda --dtype bf16 --seed 0 --save-dir /root/autodl-tmp/b0-3090-bf16 --keep-last 2 --no-save-full --save-trainable --no-save-optim --micro-batch 1 --accum 1 --grad-ckpt --no-offload-encoder --no-offload-blocks --no-optim-cpu --backend deepspeed --zero 3 --zero-offload --zero-offload-param --seq-len 4096 --tokens 8000000000.0 --save-every 50 --log-every 1 --log /root/autodl-tmp/b0-3090-bf16/metrics.jsonl --resume /root/autodl-tmp/b0-3090-bf16 --upcycle-hf /root/autodl-tmp/hf/MiniCPM5-2B-Base --no-nvfp4 --dtype bf16
[transformers] `torch_dtype` is deprecated! Use `dtype` instead!
Loading weights:   0%|          | 0/381 [00:00<?, ?it/s]Loading weights: 100%|██████████| 381/381 [00:00<00:00, 5359.94it/s]
overlay resume /root/autodl-tmp/b0-3090-bf16/trainable_step_26948.pt: 132 tensors ckpt_phase=B0 cli_phase=B0
built CAT-YOKO-12B on cuda:0 dtype=bf16 params=0 alloc=0.09GiB grad_ckpt=True seq=4096 offload_enc=False offload_blocks=False optim_cpu=False adam=ds-cpu zero=3 ds=True zero_offload=True zero_offload_param=True trainable=219.21M reuse=False nvfp4=False nvfp4_n=0 nvfp4_family=other te_linear=False grouped_mm=False te=False te_nvfp4=False return_logits=False sparse=window loss=ce PYTORCH_CUDA_ALLOC_CONF=expandable_segments:True
[2026-09-20 09:46:17,418] [WARNING] [torch_autocast.py:122:autocast_if_enabled] torch.autocast is enabled outside DeepSpeed but disabled within the DeepSpeed engine. If you are using DeepSpeed's built-in mixed precision, the engine will follow the settings in bf16/fp16 section. To use torch's native autocast instead, configure the `torch_autocast` section in the DeepSpeed config.
CAT-YOKO-12B B0 step 26949/- nll=11.9650 ppl=157164.4 aux=0.0000 gate=0.005 gn=0.00 moe_cv=0.68 trainable=219.21M lr=2.60e-05 fp8=False nvfp4=False tok=130078720 tok/s=493 mem=39291MiB
CAT-YOKO-12B B0 step 26950/- nll=11.9673 ppl=157522.6 aux=0.0000 gate=0.005 gn=0.12 moe_cv=0.70 trainable=219.21M lr=2.60e-05 fp8=False nvfp4=False tok=130082816 tok/s=723 mem=41297MiB
CAT-YOKO-12B B0 step 26951/- nll=12.0456 ppl=170350.3 aux=0.0000 gate=0.005 gn=0.25 moe_cv=0.71 trainable=219.21M lr=2.60e-05 fp8=False nvfp4=False tok=130086912 tok/s=704 mem=41297MiB
CAT-YOKO-12B B0 step 26952/- nll=12.0099 ppl=164373.4 aux=0.0000 gate=0.005 gn=0.31 moe_cv=0.71 trainable=219.21M lr=2.60e-05 fp8=False nvfp4=False tok=130091008 tok/s=709 mem=41297MiB
CAT-YOKO-12B B0 step 26953/- nll=12.2942 ppl=218423.6 aux=0.0000 gate=0.005 gn=0.11 moe_cv=0.64 trainable=219.21M lr=2.60e-05 fp8=False nvfp4=False tok=130095104 tok/s=731 mem=41297MiB
CAT-YOKO-12B B0 step 26954/- nll=11.9918 ppl=161423.4 aux=0.0000 gate=0.005 gn=2.31 moe_cv=0.70 trainable=219.21M lr=2.60e-05 fp8=False nvfp4=False tok=130099200 tok/s=728 mem=41297MiB
CAT-YOKO-12B B0 step 26955/- nll=11.9869 ppl=160640.1 aux=0.0000 gate=0.005 gn=0.18 moe_cv=0.68 trainable=219.21M lr=2.60e-05 fp8=False nvfp4=False tok=130103296 tok/s=730 mem=41297MiB
CAT-YOKO-12B B0 step 26956/- nll=11.9793 ppl=159424.1 aux=0.0000 gate=0.005 gn=0.13 moe_cv=0.68 trainable=219.21M lr=2.60e-05 fp8=False nvfp4=False tok=130107392 tok/s=729 mem=41297MiB
CAT-YOKO-12B B0 step 26957/- nll=11.9818 ppl=159823.6 aux=0.0000 gate=0.005 gn=0.16 moe_cv=0.75 trainable=219.21M lr=2.60e-05 fp8=False nvfp4=False tok=130111488 tok/s=718 mem=41297MiB
CAT-YOKO-12B B0 step 26958/- nll=12.0284 ppl=167441.3 aux=0.0000 gate=0.005 gn=0.17 moe_cv=0.65 trainable=219.21M lr=2.60e-05 fp8=False nvfp4=False tok=130115584 tok/s=723 mem=41297MiB
CAT-YOKO-12B B0 step 26959/- nll=11.9953 ppl=161990.9 aux=0.0000 gate=0.005 gn=0.42 moe_cv=0.67 trainable=219.21M lr=2.60e-05 fp8=False nvfp4=False tok=130119680 tok/s=723 mem=41297MiB
CAT-YOKO-12B B0 step 26960/- nll=12.0408 ppl=169538.4 aux=0.0000 gate=0.005 gn=0.47 moe_cv=0.71 trainable=219.21M lr=2.60e-05 fp8=False nvfp4=False tok=130123776 tok/s=720 mem=41297MiB
CAT-YOKO-12B B0 step 26961/- nll=11.9504 ppl=154877.3 aux=0.0000 gate=0.005 gn=0.18 moe_cv=0.72 trainable=219.21M lr=2.60e-05 fp8=False nvfp4=False tok=130127872 tok/s=725 mem=41297MiB
CAT-YOKO-12B B0 step 26962/- nll=11.9647 ppl=157110.2 aux=0.0000 gate=0.005 gn=0.06 moe_cv=0.73 trainable=219.21M lr=2.60e-05 fp8=False nvfp4=False tok=130131968 tok/s=729 mem=41297MiB
CAT-YOKO-12B B0 step 26963/- nll=11.9543 ppl=155477.1 aux=0.0000 gate=0.005 gn=0.14 moe_cv=0.69 trainable=219.21M lr=2.60e-05 fp8=False nvfp4=False tok=130136064 tok/s=696 mem=41297MiB
CAT-YOKO-12B B0 step 26964/- nll=12.0255 ppl=166950.4 aux=0.0000 gate=0.005 gn=0.10 moe_cv=0.65 trainable=219.21M lr=2.60e-05 fp8=False nvfp4=False tok=130140160 tok/s=725 mem=41297MiB
CAT-YOKO-12B B0 step 26965/- nll=11.9553 ppl=155639.2 aux=0.0000 gate=0.005 gn=0.60 moe_cv=0.72 trainable=219.21M lr=2.60e-05 fp8=False nvfp4=False tok=130144256 tok/s=684 mem=41297MiB
CAT-YOKO-12B B0 step 26966/- nll=11.9643 ppl=157052.0 aux=0.0000 gate=0.005 gn=0.08 moe_cv=0.78 trainable=219.21M lr=2.60e-05 fp8=False nvfp4=False tok=130148352 tok/s=719 mem=41297MiB
CAT-YOKO-12B B0 step 26967/- nll=11.9773 ppl=159105.0 aux=0.0000 gate=0.005 gn=0.11 moe_cv=0.71 trainable=219.21M lr=2.60e-05 fp8=False nvfp4=False tok=130152448 tok/s=724 mem=41297MiB
CAT-YOKO-12B B0 step 26968/- nll=11.9844 ppl=160234.1 aux=0.0000 gate=0.005 gn=0.14 moe_cv=0.68 trainable=219.21M lr=2.60e-05 fp8=False nvfp4=False tok=130156544 tok/s=729 mem=41297MiB
CAT-YOKO-12B B0 step 26969/- nll=11.9963 ppl=162154.1 aux=0.0000 gate=0.005 gn=0.25 moe_cv=0.71 trainable=219.21M lr=2.60e-05 fp8=False nvfp4=False tok=130160640 tok/s=729 mem=41297MiB
CAT-YOKO-12B B0 step 26970/- nll=11.9587 ppl=156165.0 aux=0.0000 gate=0.005 gn=0.23 moe_cv=0.72 trainable=219.21M lr=2.60e-05 fp8=False nvfp4=False tok=130164736 tok/s=702 mem=41297MiB
CAT-YOKO-12B B0 step 26971/- nll=12.0206 ppl=166136.1 aux=0.0000 gate=0.005 gn=0.13 moe_cv=0.71 trainable=219.21M lr=2.60e-05 fp8=False nvfp4=False tok=130168832 tok/s=722 mem=41297MiB
CAT-YOKO-12B B0 step 26972/- nll=11.9567 ppl=155850.8 aux=0.0000 gate=0.005 gn=0.34 moe_cv=0.73 trainable=219.21M lr=2.60e-05 fp8=False nvfp4=False tok=130172928 tok/s=725 mem=41297MiB
CAT-YOKO-12B B0 step 26973/- nll=11.9909 ppl=161273.3 aux=0.0000 gate=0.005 gn=0.07 moe_cv=0.66 trainable=219.21M lr=2.60e-05 fp8=False nvfp4=False tok=130177024 tok/s=726 mem=41297MiB
CAT-YOKO-12B B0 step 26974/- nll=11.9375 ppl=152891.2 aux=0.0000 gate=0.005 gn=0.15 moe_cv=0.68 trainable=219.21M lr=2.60e-05 fp8=False nvfp4=False tok=130181120 tok/s=718 mem=41297MiB
CAT-YOKO-12B B0 step 26975/- nll=11.9765 ppl=158966.8 aux=0.0000 gate=0.005 gn=0.14 moe_cv=0.73 trainable=219.21M lr=2.60e-05 fp8=False nvfp4=False tok=130185216 tok/s=723 mem=41297MiB
CAT-YOKO-12B B0 step 26976/- nll=11.9604 ppl=156433.0 aux=0.0000 gate=0.005 gn=0.32 moe_cv=0.72 trainable=219.21M lr=2.60e-05 fp8=False nvfp4=False tok=130189312 tok/s=724 mem=41297MiB
CAT-YOKO-12B B0 step 26977/- nll=12.9559 ppl=423320.0 aux=0.0000 gate=0.005 gn=0.18 moe_cv=0.73 trainable=219.21M lr=2.60e-05 fp8=False nvfp4=False tok=130193408 tok/s=722 mem=41297MiB
CAT-YOKO-12B B0 step 26978/- nll=11.9306 ppl=151837.6 aux=0.0000 gate=0.005 gn=7.17 moe_cv=0.67 trainable=219.21M lr=2.60e-05 fp8=False nvfp4=False tok=130197504 tok/s=723 mem=41297MiB
CAT-YOKO-12B B0 step 26979/- nll=11.9406 ppl=153361.3 aux=0.0000 gate=0.005 gn=0.18 moe_cv=0.71 trainable=219.21M lr=2.60e-05 fp8=False nvfp4=False tok=130201600 tok/s=724 mem=41297MiB
CAT-YOKO-12B B0 step 26980/- nll=11.9417 ppl=153543.5 aux=0.0000 gate=0.005 gn=0.09 moe_cv=0.71 trainable=219.21M lr=2.60e-05 fp8=False nvfp4=False tok=130205696 tok/s=725 mem=41297MiB
CAT-YOKO-12B B0 step 26981/- nll=11.9739 ppl=158558.1 aux=0.0000 gate=0.005 gn=0.22 moe_cv=0.75 trainable=219.21M lr=2.60e-05 fp8=False nvfp4=False tok=130209792 tok/s=727 mem=41297MiB
CAT-YOKO-12B B0 step 26982/- nll=11.9575 ppl=155980.8 aux=0.0000 gate=0.005 gn=0.11 moe_cv=0.74 trainable=219.21M lr=2.60e-05 fp8=False nvfp4=False tok=130213888 tok/s=728 mem=41297MiB
CAT-YOKO-12B B0 step 26983/- nll=11.9609 ppl=156509.2 aux=0.0000 gate=0.005 gn=0.21 moe_cv=0.72 trainable=219.21M lr=2.60e-05 fp8=False nvfp4=False tok=130217984 tok/s=722 mem=41297MiB
CAT-YOKO-12B B0 step 26984/- nll=12.1485 ppl=188807.3 aux=0.0000 gate=0.005 gn=0.09 moe_cv=0.67 trainable=219.21M lr=2.60e-05 fp8=False nvfp4=False tok=130222080 tok/s=725 mem=41297MiB
CAT-YOKO-12B B0 step 26985/- nll=11.9480 ppl=154509.1 aux=0.0000 gate=0.005 gn=1.23 moe_cv=0.75 trainable=219.21M lr=2.60e-05 fp8=False nvfp4=False tok=130226176 tok/s=722 mem=41297MiB
CAT-YOKO-12B B0 step 26986/- nll=11.9443 ppl=153940.9 aux=0.0000 gate=0.005 gn=0.24 moe_cv=0.72 trainable=219.21M lr=2.60e-05 fp8=False nvfp4=False tok=130230272 tok/s=726 mem=41297MiB
CAT-YOKO-12B B0 step 26987/- nll=11.9290 ppl=151599.3 aux=0.0000 gate=0.005 gn=0.12 moe_cv=0.78 trainable=219.21M lr=2.60e-05 fp8=False nvfp4=False tok=130234368 tok/s=728 mem=41297MiB
CAT-YOKO-12B B0 step 26988/- nll=11.9337 ppl=152310.5 aux=0.0000 gate=0.005 gn=0.08 moe_cv=0.68 trainable=219.21M lr=2.60e-05 fp8=False nvfp4=False tok=130238464 tok/s=725 mem=41297MiB
CAT-YOKO-12B B0 step 26989/- nll=11.9782 ppl=159240.8 aux=0.0000 gate=0.005 gn=0.13 moe_cv=0.74 trainable=219.21M lr=2.60e-05 fp8=False nvfp4=False tok=130242560 tok/s=717 mem=41297MiB
CAT-YOKO-12B B0 step 26990/- nll=11.9341 ppl=152371.9 aux=0.0000 gate=0.005 gn=0.13 moe_cv=0.79 trainable=219.21M lr=2.60e-05 fp8=False nvfp4=False tok=130246656 tok/s=723 mem=41297MiB
CAT-YOKO-12B B0 step 26991/- nll=11.9720 ppl=158258.7 aux=0.0000 gate=0.005 gn=0.18 moe_cv=0.71 trainable=219.21M lr=2.60e-05 fp8=False nvfp4=False tok=130250752 tok/s=724 mem=41297MiB
CAT-YOKO-12B B0 step 26992/- nll=11.9770 ppl=159054.1 aux=0.0000 gate=0.005 gn=0.15 moe_cv=0.71 trainable=219.21M lr=2.61e-05 fp8=False nvfp4=False tok=130254848 tok/s=722 mem=41297MiB
CAT-YOKO-12B B0 step 26993/- nll=11.9533 ppl=155331.3 aux=0.0000 gate=0.005 gn=0.17 moe_cv=0.66 trainable=219.21M lr=2.61e-05 fp8=False nvfp4=False tok=130258944 tok/s=679 mem=41297MiB
CAT-YOKO-12B B0 step 26994/- nll=12.0189 ppl=165857.2 aux=0.0000 gate=0.005 gn=0.41 moe_cv=0.73 trainable=219.21M lr=2.61e-05 fp8=False nvfp4=False tok=130263040 tok/s=724 mem=41297MiB
CAT-YOKO-12B B0 step 26995/- nll=11.9565 ppl=155834.5 aux=0.0000 gate=0.005 gn=0.42 moe_cv=0.65 trainable=219.21M lr=2.61e-05 fp8=False nvfp4=False tok=130267136 tok/s=720 mem=41297MiB
CAT-YOKO-12B B0 step 26996/- nll=11.9540 ppl=155442.5 aux=0.0000 gate=0.005 gn=0.18 moe_cv=0.76 trainable=219.21M lr=2.61e-05 fp8=False nvfp4=False tok=130271232 tok/s=727 mem=41297MiB
CAT-YOKO-12B B0 step 26997/- nll=11.9488 ppl=154625.0 aux=0.0000 gate=0.005 gn=0.72 moe_cv=0.73 trainable=219.21M lr=2.61e-05 fp8=False nvfp4=False tok=130275328 tok/s=727 mem=41297MiB
CAT-YOKO-12B B0 step 26998/- nll=11.9492 ppl=154688.4 aux=0.0000 gate=0.005 gn=0.15 moe_cv=0.69 trainable=219.21M lr=2.61e-05 fp8=False nvfp4=False tok=130279424 tok/s=728 mem=41297MiB
CAT-YOKO-12B B0 step 26999/- nll=11.9817 ppl=159799.5 aux=0.0000 gate=0.005 gn=0.14 moe_cv=0.70 trainable=219.21M lr=2.61e-05 fp8=False nvfp4=False tok=130283520 tok/s=727 mem=41297MiB
CAT-YOKO-12B B0 step 27000/- nll=12.2354 ppl=205949.9 aux=0.0000 gate=0.005 gn=0.21 moe_cv=0.70 trainable=219.21M lr=2.61e-05 fp8=False nvfp4=False tok=130287616 tok/s=727 mem=41297MiB
CAT-YOKO-12B B0 step 27001/- nll=11.9322 ppl=152086.8 aux=0.0000 gate=0.005 gn=1.16 moe_cv=0.72 trainable=219.21M lr=2.61e-05 fp8=False nvfp4=False tok=130291712 tok/s=723 mem=41297MiB
CAT-YOKO-12B B0 step 27002/- nll=11.9430 ppl=153731.4 aux=0.0000 gate=0.005 gn=0.08 moe_cv=0.78 trainable=219.21M lr=2.61e-05 fp8=False nvfp4=False tok=130295808 tok/s=726 mem=41297MiB
CAT-YOKO-12B B0 step 27003/- nll=11.9411 ppl=153443.5 aux=0.0000 gate=0.005 gn=0.08 moe_cv=0.69 trainable=219.21M lr=2.61e-05 fp8=False nvfp4=False tok=130299904 tok/s=726 mem=41297MiB
CAT-YOKO-12B B0 step 27004/- nll=11.9460 ppl=154206.7 aux=0.0000 gate=0.005 gn=0.08 moe_cv=0.68 trainable=219.21M lr=2.61e-05 fp8=False nvfp4=False tok=130304000 tok/s=728 mem=41297MiB
CAT-YOKO-12B B0 step 27005/- nll=11.9442 ppl=153929.3 aux=0.0000 gate=0.005 gn=0.35 moe_cv=0.72 trainable=219.21M lr=2.61e-05 fp8=False nvfp4=False tok=130308096 tok/s=728 mem=41297MiB
CAT-YOKO-12B B0 step 27006/- nll=11.9289 ppl=151588.7 aux=0.0000 gate=0.005 gn=0.18 moe_cv=0.69 trainable=219.21M lr=2.61e-05 fp8=False nvfp4=False tok=130312192 tok/s=722 mem=41297MiB
CAT-YOKO-12B B0 step 27007/- nll=11.9946 ppl=161881.5 aux=0.0000 gate=0.005 gn=0.22 moe_cv=0.71 trainable=219.21M lr=2.61e-05 fp8=False nvfp4=False tok=130316288 tok/s=727 mem=41297MiB
CAT-YOKO-12B B0 step 27008/- nll=11.9403 ppl=153323.1 aux=0.0000 gate=0.005 gn=0.25 moe_cv=0.71 trainable=219.21M lr=2.61e-05 fp8=False nvfp4=False tok=130320384 tok/s=726 mem=41297MiB
CAT-YOKO-12B B0 step 27009/- nll=11.9510 ppl=154967.7 aux=0.0000 gate=0.005 gn=0.11 moe_cv=0.73 trainable=219.21M lr=2.61e-05 fp8=False nvfp4=False tok=130324480 tok/s=726 mem=41297MiB
CAT-YOKO-12B B0 step 27010/- nll=11.9440 ppl=153890.7 aux=0.0000 gate=0.005 gn=0.13 moe_cv=0.72 trainable=219.21M lr=2.61e-05 fp8=False nvfp4=False tok=130328576 tok/s=726 mem=41297MiB
CAT-YOKO-12B B0 step 27011/- nll=11.9441 ppl=153906.9 aux=0.0000 gate=0.005 gn=0.17 moe_cv=0.77 trainable=219.21M lr=2.61e-05 fp8=False nvfp4=False tok=130332672 tok/s=730 mem=41297MiB
CAT-YOKO-12B B0 step 27012/- nll=11.9576 ppl=156003.7 aux=0.0000 gate=0.005 gn=0.32 moe_cv=0.72 trainable=219.21M lr=2.61e-05 fp8=False nvfp4=False tok=130336768 tok/s=719 mem=41297MiB
CAT-YOKO-12B B0 step 27013/- nll=11.9508 ppl=154938.6 aux=0.0000 gate=0.005 gn=0.31 moe_cv=0.76 trainable=219.21M lr=2.61e-05 fp8=False nvfp4=False tok=130340864 tok/s=726 mem=41297MiB
CAT-YOKO-12B B0 step 27014/- nll=11.9494 ppl=154716.8 aux=0.0000 gate=0.005 gn=0.14 moe_cv=0.76 trainable=219.21M lr=2.61e-05 fp8=False nvfp4=False tok=130344960 tok/s=726 mem=41297MiB
CAT-YOKO-12B B0 step 27015/- nll=12.3107 ppl=222060.6 aux=0.0000 gate=0.005 gn=0.16 moe_cv=0.69 trainable=219.21M lr=2.61e-05 fp8=False nvfp4=False tok=130349056 tok/s=726 mem=41297MiB
CAT-YOKO-12B B0 step 27016/- nll=11.9189 ppl=150070.8 aux=0.0000 gate=0.005 gn=3.25 moe_cv=0.71 trainable=219.21M lr=2.61e-05 fp8=False nvfp4=False tok=130353152 tok/s=722 mem=41297MiB
CAT-YOKO-12B B0 step 27017/- nll=11.9966 ppl=162201.2 aux=0.0000 gate=0.005 gn=0.08 moe_cv=0.71 trainable=219.21M lr=2.61e-05 fp8=False nvfp4=False tok=130357248 tok/s=724 mem=41297MiB
CAT-YOKO-12B B0 step 27018/- nll=11.9591 ppl=156234.2 aux=0.0000 gate=0.005 gn=0.26 moe_cv=0.76 trainable=219.21M lr=2.61e-05 fp8=False nvfp4=False tok=130361344 tok/s=720 mem=41297MiB
CAT-YOKO-12B B0 step 27019/- nll=11.9466 ppl=154292.1 aux=0.0000 gate=0.005 gn=0.09 moe_cv=0.75 trainable=219.21M lr=2.61e-05 fp8=False nvfp4=False tok=130365440 tok/s=722 mem=41297MiB
CAT-YOKO-12B B0 step 27020/- nll=12.0173 ppl=165595.6 aux=0.0000 gate=0.005 gn=0.13 moe_cv=0.70 trainable=219.21M lr=2.61e-05 fp8=False nvfp4=False tok=130369536 tok/s=723 mem=41297MiB
CAT-YOKO-12B B0 step 27021/- nll=11.9231 ppl=150713.1 aux=0.0000 gate=0.005 gn=0.33 moe_cv=0.68 trainable=219.21M lr=2.61e-05 fp8=False nvfp4=False tok=130373632 tok/s=725 mem=41297MiB
CAT-YOKO-12B B0 step 27022/- nll=11.9447 ppl=153999.4 aux=0.0000 gate=0.005 gn=0.07 moe_cv=0.74 trainable=219.21M lr=2.61e-05 fp8=False nvfp4=False tok=130377728 tok/s=683 mem=41297MiB
CAT-YOKO-12B B0 step 27023/- nll=11.9519 ppl=155110.9 aux=0.0000 gate=0.005 gn=0.13 moe_cv=0.70 trainable=219.21M lr=2.61e-05 fp8=False nvfp4=False tok=130381824 tok/s=722 mem=41297MiB
CAT-YOKO-12B B0 step 27024/- nll=11.9275 ppl=151379.2 aux=0.0000 gate=0.005 gn=0.22 moe_cv=0.70 trainable=219.21M lr=2.61e-05 fp8=False nvfp4=False tok=130385920 tok/s=714 mem=41297MiB
CAT-YOKO-12B B0 step 27025/- nll=11.9092 ppl=148630.8 aux=0.0000 gate=0.005 gn=0.09 moe_cv=0.78 trainable=219.21M lr=2.61e-05 fp8=False nvfp4=False tok=130390016 tok/s=727 mem=41297MiB
CAT-YOKO-12B B0 step 27026/- nll=11.9363 ppl=152712.1 aux=0.0000 gate=0.005 gn=0.06 moe_cv=0.66 trainable=219.21M lr=2.61e-05 fp8=False nvfp4=False tok=130394112 tok/s=726 mem=41297MiB
CAT-YOKO-12B B0 step 27027/- nll=11.9082 ppl=148476.2 aux=0.0000 gate=0.005 gn=0.08 moe_cv=0.75 trainable=219.21M lr=2.61e-05 fp8=False nvfp4=False tok=130398208 tok/s=728 mem=41297MiB
CAT-YOKO-12B B0 step 27028/- nll=11.9638 ppl=156961.0 aux=0.0000 gate=0.005 gn=0.10 moe_cv=0.75 trainable=219.21M lr=2.61e-05 fp8=False nvfp4=False tok=130402304 tok/s=726 mem=41297MiB
CAT-YOKO-12B B0 step 27029/- nll=11.9185 ppl=150016.4 aux=0.0000 gate=0.005 gn=0.15 moe_cv=0.72 trainable=219.21M lr=2.61e-05 fp8=False nvfp4=False tok=130406400 tok/s=728 mem=41297MiB
CAT-YOKO-12B B0 step 27030/- nll=11.9978 ppl=162391.4 aux=0.0000 gate=0.005 gn=0.19 moe_cv=0.79 trainable=219.21M lr=2.61e-05 fp8=False nvfp4=False tok=130410496 tok/s=724 mem=41297MiB
CAT-YOKO-12B B0 step 27031/- nll=11.9370 ppl=152818.7 aux=0.0000 gate=0.005 gn=0.24 moe_cv=0.75 trainable=219.21M lr=2.61e-05 fp8=False nvfp4=False tok=130414592 tok/s=729 mem=41297MiB
CAT-YOKO-12B B0 step 27032/- nll=11.9318 ppl=152029.2 aux=0.0000 gate=0.005 gn=0.16 moe_cv=0.76 trainable=219.21M lr=2.61e-05 fp8=False nvfp4=False tok=130418688 tok/s=727 mem=41297MiB
CAT-YOKO-12B B0 step 27033/- nll=12.0452 ppl=170274.6 aux=0.0000 gate=0.005 gn=0.08 moe_cv=0.69 trainable=219.21M lr=2.61e-05 fp8=False nvfp4=False tok=130422784 tok/s=728 mem=41297MiB
CAT-YOKO-12B B0 step 27034/- nll=11.9435 ppl=153812.9 aux=0.0000 gate=0.005 gn=0.50 moe_cv=0.69 trainable=219.21M lr=2.61e-05 fp8=False nvfp4=False tok=130426880 tok/s=728 mem=41297MiB
CAT-YOKO-12B B0 step 27035/- nll=11.9363 ppl=152715.9 aux=0.0000 gate=0.005 gn=0.07 moe_cv=0.77 trainable=219.21M lr=2.61e-05 fp8=False nvfp4=False tok=130430976 tok/s=727 mem=41297MiB
CAT-YOKO-12B B0 step 27036/- nll=11.9213 ppl=150431.0 aux=0.0000 gate=0.005 gn=0.12 moe_cv=0.70 trainable=219.21M lr=2.61e-05 fp8=False nvfp4=False tok=130435072 tok/s=722 mem=41297MiB
CAT-YOKO-12B B0 step 27037/- nll=11.9485 ppl=154591.5 aux=0.0000 gate=0.005 gn=0.12 moe_cv=0.73 trainable=219.21M lr=2.61e-05 fp8=False nvfp4=False tok=130439168 tok/s=727 mem=41297MiB
CAT-YOKO-12B B0 step 27038/- nll=11.9267 ppl=151245.2 aux=0.0000 gate=0.005 gn=0.20 moe_cv=0.73 trainable=219.21M lr=2.61e-05 fp8=False nvfp4=False tok=130443264 tok/s=723 mem=41297MiB
CAT-YOKO-12B B0 step 27039/- nll=11.9241 ppl=150858.4 aux=0.0000 gate=0.005 gn=0.21 moe_cv=0.69 trainable=219.21M lr=2.61e-05 fp8=False nvfp4=False tok=130447360 tok/s=728 mem=41297MiB
CAT-YOKO-12B B0 step 27040/- nll=11.9109 ppl=148887.0 aux=0.0000 gate=0.005 gn=0.27 moe_cv=0.74 trainable=219.21M lr=2.61e-05 fp8=False nvfp4=False tok=130451456 tok/s=729 mem=41297MiB
CAT-YOKO-12B B0 step 27041/- nll=11.9276 ppl=151383.4 aux=0.0000 gate=0.005 gn=0.08 moe_cv=0.70 trainable=219.21M lr=2.61e-05 fp8=False nvfp4=False tok=130455552 tok/s=723 mem=41297MiB
CAT-YOKO-12B B0 step 27042/- nll=11.9432 ppl=153761.9 aux=0.0000 gate=0.005 gn=0.06 moe_cv=0.77 trainable=219.21M lr=2.61e-05 fp8=False nvfp4=False tok=130459648 tok/s=727 mem=41297MiB
CAT-YOKO-12B B0 step 27043/- nll=11.9225 ppl=150617.1 aux=0.0000 gate=0.005 gn=0.27 moe_cv=0.74 trainable=219.21M lr=2.61e-05 fp8=False nvfp4=False tok=130463744 tok/s=730 mem=41297MiB
CAT-YOKO-12B B0 step 27044/- nll=12.0016 ppl=163023.3 aux=0.0000 gate=0.005 gn=0.06 moe_cv=0.70 trainable=219.21M lr=2.61e-05 fp8=False nvfp4=False tok=130467840 tok/s=727 mem=41297MiB
CAT-YOKO-12B B0 step 27045/- nll=11.8967 ppl=146778.3 aux=0.0000 gate=0.005 gn=0.29 moe_cv=0.79 trainable=219.21M lr=2.61e-05 fp8=False nvfp4=False tok=130471936 tok/s=728 mem=41297MiB
CAT-YOKO-12B B0 step 27046/- nll=11.9255 ppl=151066.6 aux=0.0000 gate=0.005 gn=0.07 moe_cv=0.75 trainable=219.21M lr=2.61e-05 fp8=False nvfp4=False tok=130476032 tok/s=728 mem=41297MiB
CAT-YOKO-12B B0 step 27047/- nll=11.9465 ppl=154280.2 aux=0.0000 gate=0.005 gn=0.10 moe_cv=0.76 trainable=219.21M lr=2.61e-05 fp8=False nvfp4=False tok=130480128 tok/s=726 mem=41297MiB
CAT-YOKO-12B B0 step 27048/- nll=11.9175 ppl=149866.5 aux=0.0000 gate=0.005 gn=0.22 moe_cv=0.73 trainable=219.21M lr=2.61e-05 fp8=False nvfp4=False tok=130484224 tok/s=726 mem=41297MiB
CAT-YOKO-12B B0 step 27049/- nll=11.9090 ppl=148591.8 aux=0.0000 gate=0.005 gn=0.10 moe_cv=0.73 trainable=219.21M lr=2.61e-05 fp8=False nvfp4=False tok=130488320 tok/s=726 mem=41297MiB
CAT-YOKO-12B B0 step 27050/- nll=11.9317 ppl=152014.3 aux=0.0000 gate=0.005 gn=0.06 moe_cv=0.63 trainable=219.21M lr=2.61e-05 fp8=False nvfp4=False tok=130492416 tok/s=726 mem=41297MiB
CAT-YOKO-12B B0 step 27051/- nll=11.9085 ppl=148517.7 aux=0.0000 gate=0.005 gn=0.07 moe_cv=0.69 trainable=219.21M lr=2.61e-05 fp8=False nvfp4=False tok=130496512 tok/s=729 mem=41297MiB
CAT-YOKO-12B B0 step 27052/- nll=11.9164 ppl=149698.5 aux=0.0000 gate=0.005 gn=0.12 moe_cv=0.74 trainable=219.21M lr=2.61e-05 fp8=False nvfp4=False tok=130500608 tok/s=725 mem=41297MiB
CAT-YOKO-12B B0 step 27053/- nll=11.9249 ppl=150976.0 aux=0.0000 gate=0.005 gn=0.30 moe_cv=0.77 trainable=219.21M lr=2.61e-05 fp8=False nvfp4=False tok=130504704 tok/s=728 mem=41297MiB
CAT-YOKO-12B B0 step 27054/- nll=11.9079 ppl=148428.2 aux=0.0000 gate=0.005 gn=0.10 moe_cv=0.73 trainable=219.21M lr=2.61e-05 fp8=False nvfp4=False tok=130508800 tok/s=728 mem=41297MiB
CAT-YOKO-12B B0 step 27055/- nll=11.9076 ppl=148385.0 aux=0.0000 gate=0.005 gn=0.08 moe_cv=0.73 trainable=219.21M lr=2.61e-05 fp8=False nvfp4=False tok=130512896 tok/s=724 mem=41297MiB
CAT-YOKO-12B B0 step 27056/- nll=11.9182 ppl=149967.9 aux=0.0000 gate=0.005 gn=0.07 moe_cv=0.75 trainable=219.21M lr=2.61e-05 fp8=False nvfp4=False tok=130516992 tok/s=730 mem=41297MiB
CAT-YOKO-12B B0 step 27057/- nll=11.9793 ppl=159416.8 aux=0.0000 gate=0.005 gn=0.08 moe_cv=0.77 trainable=219.21M lr=2.61e-05 fp8=False nvfp4=False tok=130521088 tok/s=730 mem=41297MiB
CAT-YOKO-12B B0 step 27058/- nll=11.9162 ppl=149673.4 aux=0.0000 gate=0.005 gn=0.39 moe_cv=0.80 trainable=219.21M lr=2.61e-05 fp8=False nvfp4=False tok=130525184 tok/s=727 mem=41297MiB
CAT-YOKO-12B B0 step 27059/- nll=11.8992 ppl=147155.1 aux=0.0000 gate=0.005 gn=0.07 moe_cv=0.73 trainable=219.21M lr=2.61e-05 fp8=False nvfp4=False tok=130529280 tok/s=727 mem=41297MiB
CAT-YOKO-12B B0 step 27060/- nll=11.9122 ppl=149075.2 aux=0.0000 gate=0.005 gn=0.08 moe_cv=0.77 trainable=219.21M lr=2.61e-05 fp8=False nvfp4=False tok=130533376 tok/s=729 mem=41297MiB
CAT-YOKO-12B B0 step 27061/- nll=11.9206 ppl=150328.1 aux=0.0000 gate=0.005 gn=0.09 moe_cv=0.74 trainable=219.21M lr=2.61e-05 fp8=False nvfp4=False tok=130537472 tok/s=727 mem=41297MiB
CAT-YOKO-12B B0 step 27062/- nll=11.9186 ppl=150037.5 aux=0.0000 gate=0.005 gn=0.09 moe_cv=0.73 trainable=219.21M lr=2.61e-05 fp8=False nvfp4=False tok=130541568 tok/s=727 mem=41297MiB
CAT-YOKO-12B B0 step 27063/- nll=11.9246 ppl=150936.2 aux=0.0000 gate=0.005 gn=0.13 moe_cv=0.69 trainable=219.21M lr=2.61e-05 fp8=False nvfp4=False tok=130545664 tok/s=727 mem=41297MiB
CAT-YOKO-12B B0 step 27064/- nll=11.9132 ppl=149222.3 aux=0.0000 gate=0.005 gn=0.10 moe_cv=0.74 trainable=219.21M lr=2.61e-05 fp8=False nvfp4=False tok=130549760 tok/s=728 mem=41297MiB
CAT-YOKO-12B B0 step 27065/- nll=11.9110 ppl=148890.3 aux=0.0000 gate=0.005 gn=0.09 moe_cv=0.66 trainable=219.21M lr=2.61e-05 fp8=False nvfp4=False tok=130553856 tok/s=719 mem=41297MiB
CAT-YOKO-12B B0 step 27066/- nll=11.9349 ppl=152497.8 aux=0.0000 gate=0.005 gn=0.08 moe_cv=0.73 trainable=219.21M lr=2.61e-05 fp8=False nvfp4=False tok=130557952 tok/s=725 mem=41297MiB
CAT-YOKO-12B B0 step 27067/- nll=11.9008 ppl=147387.6 aux=0.0000 gate=0.005 gn=0.17 moe_cv=0.79 trainable=219.21M lr=2.61e-05 fp8=False nvfp4=False tok=130562048 tok/s=722 mem=41297MiB
CAT-YOKO-12B B0 step 27068/- nll=11.9046 ppl=147948.8 aux=0.0000 gate=0.005 gn=0.07 moe_cv=0.71 trainable=219.21M lr=2.61e-05 fp8=False nvfp4=False tok=130566144 tok/s=723 mem=41297MiB
CAT-YOKO-12B B0 step 27069/- nll=11.9132 ppl=149228.7 aux=0.0000 gate=0.005 gn=0.08 moe_cv=0.72 trainable=219.21M lr=2.61e-05 fp8=False nvfp4=False tok=130570240 tok/s=727 mem=41297MiB
CAT-YOKO-12B B0 step 27070/- nll=11.9089 ppl=148577.0 aux=0.0000 gate=0.005 gn=0.10 moe_cv=0.78 trainable=219.21M lr=2.61e-05 fp8=False nvfp4=False tok=130574336 tok/s=727 mem=41297MiB
CAT-YOKO-12B B0 step 27071/- nll=11.9061 ppl=148171.8 aux=0.0000 gate=0.005 gn=0.07 moe_cv=0.67 trainable=219.21M lr=2.61e-05 fp8=False nvfp4=False tok=130578432 tok/s=726 mem=41297MiB
CAT-YOKO-12B B0 step 27072/- nll=11.9192 ppl=150114.1 aux=0.0000 gate=0.005 gn=0.07 moe_cv=0.72 trainable=219.21M lr=2.61e-05 fp8=False nvfp4=False tok=130582528 tok/s=729 mem=41297MiB
CAT-YOKO-12B B0 step 27073/- nll=11.9419 ppl=153562.0 aux=0.0000 gate=0.005 gn=0.08 moe_cv=0.67 trainable=219.21M lr=2.61e-05 fp8=False nvfp4=False tok=130586624 tok/s=724 mem=41297MiB
CAT-YOKO-12B B0 step 27074/- nll=11.9376 ppl=152904.2 aux=0.0000 gate=0.005 gn=0.15 moe_cv=0.74 trainable=219.21M lr=2.61e-05 fp8=False nvfp4=False tok=130590720 tok/s=726 mem=41297MiB
CAT-YOKO-12B B0 step 27075/- nll=11.9435 ppl=153806.8 aux=0.0000 gate=0.005 gn=0.24 moe_cv=0.69 trainable=219.21M lr=2.61e-05 fp8=False nvfp4=False tok=130594816 tok/s=730 mem=41297MiB
CAT-YOKO-12B B0 step 27076/- nll=12.0069 ppl=163874.3 aux=0.0000 gate=0.005 gn=0.28 moe_cv=0.74 trainable=219.21M lr=2.61e-05 fp8=False nvfp4=False tok=130598912 tok/s=728 mem=41297MiB
CAT-YOKO-12B B0 step 27077/- nll=12.0448 ppl=170218.7 aux=0.0000 gate=0.005 gn=0.41 moe_cv=0.78 trainable=219.21M lr=2.61e-05 fp8=False nvfp4=False tok=130603008 tok/s=723 mem=41297MiB
CAT-YOKO-12B B0 step 27078/- nll=11.9335 ppl=152276.3 aux=0.0000 gate=0.005 gn=0.87 moe_cv=0.66 trainable=219.21M lr=2.61e-05 fp8=False nvfp4=False tok=130607104 tok/s=672 mem=41297MiB
CAT-YOKO-12B B0 step 27079/- nll=11.9981 ppl=162451.7 aux=0.0000 gate=0.005 gn=0.09 moe_cv=0.73 trainable=219.21M lr=2.61e-05 fp8=False nvfp4=False tok=130611200 tok/s=725 mem=41297MiB
CAT-YOKO-12B B0 step 27080/- nll=11.9213 ppl=150440.3 aux=0.0000 gate=0.005 gn=0.50 moe_cv=0.73 trainable=219.21M lr=2.61e-05 fp8=False nvfp4=False tok=130615296 tok/s=726 mem=41297MiB
CAT-YOKO-12B B0 step 27081/- nll=11.9053 ppl=148053.7 aux=0.0000 gate=0.005 gn=0.23 moe_cv=0.80 trainable=219.21M lr=2.61e-05 fp8=False nvfp4=False tok=130619392 tok/s=724 mem=41297MiB
CAT-YOKO-12B B0 step 27082/- nll=11.9034 ppl=147770.1 aux=0.0000 gate=0.005 gn=0.08 moe_cv=0.72 trainable=219.21M lr=2.61e-05 fp8=False nvfp4=False tok=130623488 tok/s=724 mem=41297MiB
CAT-YOKO-12B B0 step 27083/- nll=11.9458 ppl=154166.4 aux=0.0000 gate=0.005 gn=0.11 moe_cv=0.79 trainable=219.21M lr=2.61e-05 fp8=False nvfp4=False tok=130627584 tok/s=721 mem=41297MiB
CAT-YOKO-12B B0 step 27084/- nll=11.8839 ppl=144907.8 aux=0.0000 gate=0.005 gn=0.24 moe_cv=0.69 trainable=219.21M lr=2.61e-05 fp8=False nvfp4=False tok=130631680 tok/s=727 mem=41297MiB
CAT-YOKO-12B B0 step 27085/- nll=11.8911 ppl=145964.6 aux=0.0000 gate=0.005 gn=0.08 moe_cv=0.75 trainable=219.21M lr=2.61e-05 fp8=False nvfp4=False tok=130635776 tok/s=722 mem=41297MiB
CAT-YOKO-12B B0 step 27086/- nll=11.9352 ppl=152543.9 aux=0.0000 gate=0.005 gn=0.10 moe_cv=0.75 trainable=219.21M lr=2.61e-05 fp8=False nvfp4=False tok=130639872 tok/s=726 mem=41297MiB
CAT-YOKO-12B B0 step 27087/- nll=11.9138 ppl=149313.6 aux=0.0000 gate=0.005 gn=0.22 moe_cv=0.66 trainable=219.21M lr=2.61e-05 fp8=False nvfp4=False tok=130643968 tok/s=725 mem=41297MiB
CAT-YOKO-12B B0 step 27088/- nll=11.9060 ppl=148152.6 aux=0.0000 gate=0.005 gn=0.19 moe_cv=0.71 trainable=219.21M lr=2.61e-05 fp8=False nvfp4=False tok=130648064 tok/s=718 mem=41297MiB
CAT-YOKO-12B B0 step 27089/- nll=11.9189 ppl=150081.8 aux=0.0000 gate=0.005 gn=0.06 moe_cv=0.73 trainable=219.21M lr=2.61e-05 fp8=False nvfp4=False tok=130652160 tok/s=712 mem=41297MiB
CAT-YOKO-12B B0 step 27090/- nll=11.9101 ppl=148755.3 aux=0.0000 gate=0.005 gn=0.11 moe_cv=0.72 trainable=219.21M lr=2.61e-05 fp8=False nvfp4=False tok=130656256 tok/s=728 mem=41297MiB
CAT-YOKO-12B B0 step 27091/- nll=11.9195 ppl=150162.9 aux=0.0000 gate=0.005 gn=0.14 moe_cv=0.77 trainable=219.21M lr=2.61e-05 fp8=False nvfp4=False tok=130660352 tok/s=727 mem=41297MiB
CAT-YOKO-12B B0 step 27092/- nll=11.9004 ppl=147321.8 aux=0.0000 gate=0.005 gn=0.11 moe_cv=0.73 trainable=219.21M lr=2.61e-05 fp8=False nvfp4=False tok=130664448 tok/s=726 mem=41297MiB
CAT-YOKO-12B B0 step 27093/- nll=11.9050 ppl=148005.8 aux=0.0000 gate=0.005 gn=0.06 moe_cv=0.74 trainable=219.21M lr=2.61e-05 fp8=False nvfp4=False tok=130668544 tok/s=722 mem=41297MiB
CAT-YOKO-12B B0 step 27094/- nll=11.8983 ppl=147012.9 aux=0.0000 gate=0.005 gn=0.11 moe_cv=0.73 trainable=219.21M lr=2.61e-05 fp8=False nvfp4=False tok=130672640 tok/s=726 mem=41297MiB
CAT-YOKO-12B B0 step 27095/- nll=11.8984 ppl=147028.6 aux=0.0000 gate=0.005 gn=0.07 moe_cv=0.74 trainable=219.21M lr=2.61e-05 fp8=False nvfp4=False tok=130676736 tok/s=726 mem=41297MiB
CAT-YOKO-12B B0 step 27096/- nll=11.9067 ppl=148255.5 aux=0.0000 gate=0.005 gn=0.08 moe_cv=0.73 trainable=219.21M lr=2.61e-05 fp8=False nvfp4=False tok=130680832 tok/s=730 mem=41297MiB
CAT-YOKO-12B B0 step 27097/- nll=11.9049 ppl=147995.8 aux=0.0000 gate=0.005 gn=0.06 moe_cv=0.74 trainable=219.21M lr=2.61e-05 fp8=False nvfp4=False tok=130684928 tok/s=728 mem=41297MiB
CAT-YOKO-12B B0 step 27098/- nll=11.8937 ppl=146345.9 aux=0.0000 gate=0.005 gn=0.19 moe_cv=0.73 trainable=219.21M lr=2.61e-05 fp8=False nvfp4=False tok=130689024 tok/s=731 mem=41297MiB
CAT-YOKO-12B B0 step 27099/- nll=11.9475 ppl=154423.5 aux=0.0000 gate=0.005 gn=0.07 moe_cv=0.71 trainable=219.21M lr=2.61e-05 fp8=False nvfp4=False tok=130693120 tok/s=722 mem=41297MiB
CAT-YOKO-12B B0 step 27100/- nll=11.9087 ppl=148553.7 aux=0.0000 gate=0.005 gn=0.16 moe_cv=0.70 trainable=219.21M lr=2.61e-05 fp8=False nvfp4=False tok=130697216 tok/s=722 mem=41297MiB
CAT-YOKO-12B B0 step 27101/- nll=11.9089 ppl=148585.8 aux=0.0000 gate=0.005 gn=0.25 moe_cv=0.74 trainable=219.21M lr=2.61e-05 fp8=False nvfp4=False tok=130701312 tok/s=709 mem=41297MiB
CAT-YOKO-12B B0 step 27102/- nll=11.8912 ppl=145981.0 aux=0.0000 gate=0.005 gn=0.07 moe_cv=0.74 trainable=219.21M lr=2.61e-05 fp8=False nvfp4=False tok=130705408 tok/s=728 mem=41297MiB
CAT-YOKO-12B B0 step 27103/- nll=11.9017 ppl=147520.5 aux=0.0000 gate=0.005 gn=0.07 moe_cv=0.71 trainable=219.21M lr=2.61e-05 fp8=False nvfp4=False tok=130709504 tok/s=721 mem=41297MiB
CAT-YOKO-12B B0 step 27104/- nll=11.9152 ppl=149516.1 aux=0.0000 gate=0.005 gn=0.11 moe_cv=0.69 trainable=219.21M lr=2.61e-05 fp8=False nvfp4=False tok=130713600 tok/s=725 mem=41297MiB
CAT-YOKO-12B B0 step 27105/- nll=11.9027 ppl=147658.8 aux=0.0000 gate=0.005 gn=0.19 moe_cv=0.69 trainable=219.21M lr=2.61e-05 fp8=False nvfp4=False tok=130717696 tok/s=722 mem=41297MiB
CAT-YOKO-12B B0 step 27106/- nll=11.9168 ppl=149765.9 aux=0.0000 gate=0.005 gn=0.15 moe_cv=0.80 trainable=219.21M lr=2.61e-05 fp8=False nvfp4=False tok=130721792 tok/s=729 mem=41297MiB
CAT-YOKO-12B B0 step 27107/- nll=11.9054 ppl=148063.9 aux=0.0000 gate=0.005 gn=0.14 moe_cv=0.77 trainable=219.21M lr=2.61e-05 fp8=False nvfp4=False tok=130725888 tok/s=726 mem=41297MiB
CAT-YOKO-12B B0 step 27108/- nll=11.8987 ppl=147075.7 aux=0.0000 gate=0.005 gn=0.09 moe_cv=0.76 trainable=219.21M lr=2.61e-05 fp8=False nvfp4=False tok=130729984 tok/s=670 mem=41297MiB
CAT-YOKO-12B B0 step 27109/- nll=11.9158 ppl=149608.6 aux=0.0000 gate=0.005 gn=0.16 moe_cv=0.73 trainable=219.21M lr=2.61e-05 fp8=False nvfp4=False tok=130734080 tok/s=728 mem=41297MiB
CAT-YOKO-12B B0 step 27110/- nll=11.9165 ppl=149721.5 aux=0.0000 gate=0.005 gn=0.17 moe_cv=0.70 trainable=219.21M lr=2.61e-05 fp8=False nvfp4=False tok=130738176 tok/s=729 mem=41297MiB
CAT-YOKO-12B B0 step 27111/- nll=11.8923 ppl=146137.5 aux=0.0000 gate=0.005 gn=0.10 moe_cv=0.74 trainable=219.21M lr=2.61e-05 fp8=False nvfp4=False tok=130742272 tok/s=722 mem=41297MiB
CAT-YOKO-12B B0 step 27112/- nll=11.8793 ppl=144252.0 aux=0.0000 gate=0.005 gn=0.09 moe_cv=0.75 trainable=219.21M lr=2.61e-05 fp8=False nvfp4=False tok=130746368 tok/s=729 mem=41297MiB
CAT-YOKO-12B B0 step 27113/- nll=11.9034 ppl=147767.6 aux=0.0000 gate=0.005 gn=0.09 moe_cv=0.70 trainable=219.21M lr=2.61e-05 fp8=False nvfp4=False tok=130750464 tok/s=721 mem=41297MiB
CAT-YOKO-12B B0 step 27114/- nll=11.8968 ppl=146794.5 aux=0.0000 gate=0.005 gn=0.08 moe_cv=0.79 trainable=219.21M lr=2.62e-05 fp8=False nvfp4=False tok=130754560 tok/s=729 mem=41297MiB
CAT-YOKO-12B B0 step 27115/- nll=11.9114 ppl=148953.0 aux=0.0000 gate=0.005 gn=0.09 moe_cv=0.74 trainable=219.21M lr=2.62e-05 fp8=False nvfp4=False tok=130758656 tok/s=728 mem=41297MiB
CAT-YOKO-12B B0 step 27116/- nll=11.9167 ppl=149742.2 aux=0.0000 gate=0.005 gn=0.21 moe_cv=0.71 trainable=219.21M lr=2.62e-05 fp8=False nvfp4=False tok=130762752 tok/s=724 mem=41297MiB
CAT-YOKO-12B B0 step 27117/- nll=11.9084 ppl=148515.1 aux=0.0000 gate=0.005 gn=0.08 moe_cv=0.70 trainable=219.21M lr=2.62e-05 fp8=False nvfp4=False tok=130766848 tok/s=728 mem=41297MiB
CAT-YOKO-12B B0 step 27118/- nll=11.8882 ppl=145545.5 aux=0.0000 gate=0.005 gn=0.12 moe_cv=0.71 trainable=219.21M lr=2.62e-05 fp8=False nvfp4=False tok=130770944 tok/s=728 mem=41297MiB
CAT-YOKO-12B B0 step 27119/- nll=11.9156 ppl=149583.5 aux=0.0000 gate=0.005 gn=0.08 moe_cv=0.74 trainable=219.21M lr=2.62e-05 fp8=False nvfp4=False tok=130775040 tok/s=728 mem=41297MiB
CAT-YOKO-12B B0 step 27120/- nll=11.9285 ppl=151528.3 aux=0.0000 gate=0.005 gn=0.24 moe_cv=0.63 trainable=219.21M lr=2.62e-05 fp8=False nvfp4=False tok=130779136 tok/s=726 mem=41297MiB
CAT-YOKO-12B B0 step 27121/- nll=11.8982 ppl=146998.4 aux=0.0000 gate=0.005 gn=0.09 moe_cv=0.77 trainable=219.21M lr=2.62e-05 fp8=False nvfp4=False tok=130783232 tok/s=725 mem=41297MiB
CAT-YOKO-12B B0 step 27122/- nll=11.9005 ppl=147340.1 aux=0.0000 gate=0.005 gn=0.06 moe_cv=0.75 trainable=219.21M lr=2.62e-05 fp8=False nvfp4=False tok=130787328 tok/s=725 mem=41297MiB
CAT-YOKO-12B B0 step 27123/- nll=11.9030 ppl=147702.0 aux=0.0000 gate=0.005 gn=0.06 moe_cv=0.66 trainable=219.21M lr=2.62e-05 fp8=False nvfp4=False tok=130791424 tok/s=727 mem=41297MiB
CAT-YOKO-12B B0 step 27124/- nll=11.8971 ppl=146841.6 aux=0.0000 gate=0.005 gn=0.09 moe_cv=0.77 trainable=219.21M lr=2.62e-05 fp8=False nvfp4=False tok=130795520 tok/s=727 mem=41297MiB
CAT-YOKO-12B B0 step 27125/- nll=11.9137 ppl=149299.9 aux=0.0000 gate=0.005 gn=0.10 moe_cv=0.69 trainable=219.21M lr=2.62e-05 fp8=False nvfp4=False tok=130799616 tok/s=729 mem=41297MiB
CAT-YOKO-12B B0 step 27126/- nll=11.8885 ppl=145581.2 aux=0.0000 gate=0.005 gn=0.11 moe_cv=0.75 trainable=219.21M lr=2.62e-05 fp8=False nvfp4=False tok=130803712 tok/s=726 mem=41297MiB
CAT-YOKO-12B B0 step 27127/- nll=11.9023 ppl=147603.0 aux=0.0000 gate=0.005 gn=0.06 moe_cv=0.72 trainable=219.21M lr=2.62e-05 fp8=False nvfp4=False tok=130807808 tok/s=730 mem=41297MiB
CAT-YOKO-12B B0 step 27128/- nll=11.8908 ppl=145922.2 aux=0.0000 gate=0.005 gn=0.07 moe_cv=0.78 trainable=219.21M lr=2.62e-05 fp8=False nvfp4=False tok=130811904 tok/s=730 mem=41297MiB
CAT-YOKO-12B B0 step 27129/- nll=11.8945 ppl=146458.7 aux=0.0000 gate=0.005 gn=0.08 moe_cv=0.74 trainable=219.21M lr=2.62e-05 fp8=False nvfp4=False tok=130816000 tok/s=729 mem=41297MiB
CAT-YOKO-12B B0 step 27130/- nll=11.8954 ppl=146596.9 aux=0.0000 gate=0.005 gn=0.11 moe_cv=0.76 trainable=219.21M lr=2.62e-05 fp8=False nvfp4=False tok=130820096 tok/s=730 mem=41297MiB
CAT-YOKO-12B B0 step 27131/- nll=11.8822 ppl=144667.7 aux=0.0000 gate=0.005 gn=0.07 moe_cv=0.81 trainable=219.21M lr=2.62e-05 fp8=False nvfp4=False tok=130824192 tok/s=731 mem=41297MiB
CAT-YOKO-12B B0 step 27132/- nll=11.9234 ppl=150746.2 aux=0.0000 gate=0.005 gn=0.09 moe_cv=0.70 trainable=219.21M lr=2.62e-05 fp8=False nvfp4=False tok=130828288 tok/s=725 mem=41297MiB
CAT-YOKO-12B B0 step 27133/- nll=11.8917 ppl=146054.3 aux=0.0000 gate=0.005 gn=0.23 moe_cv=0.77 trainable=219.21M lr=2.62e-05 fp8=False nvfp4=False tok=130832384 tok/s=731 mem=41297MiB
CAT-YOKO-12B B0 step 27134/- nll=11.8922 ppl=146125.3 aux=0.0000 gate=0.005 gn=0.11 moe_cv=0.76 trainable=219.21M lr=2.62e-05 fp8=False nvfp4=False tok=130836480 tok/s=726 mem=41297MiB
CAT-YOKO-12B B0 step 27135/- nll=11.8959 ppl=146668.8 aux=0.0000 gate=0.005 gn=0.23 moe_cv=0.77 trainable=219.21M lr=2.62e-05 fp8=False nvfp4=False tok=130840576 tok/s=730 mem=41297MiB
CAT-YOKO-12B B0 step 27136/- nll=11.9241 ppl=150856.5 aux=0.0000 gate=0.005 gn=0.12 moe_cv=0.73 trainable=219.21M lr=2.62e-05 fp8=False nvfp4=False tok=130844672 tok/s=672 mem=41297MiB
CAT-YOKO-12B B0 step 27137/- nll=11.8995 ppl=147195.8 aux=0.0000 gate=0.005 gn=0.11 moe_cv=0.72 trainable=219.21M lr=2.62e-05 fp8=False nvfp4=False tok=130848768 tok/s=727 mem=41297MiB
CAT-YOKO-12B B0 step 27138/- nll=11.9079 ppl=148437.4 aux=0.0000 gate=0.005 gn=0.14 moe_cv=0.72 trainable=219.21M lr=2.62e-05 fp8=False nvfp4=False tok=130852864 tok/s=723 mem=41297MiB
CAT-YOKO-12B B0 step 27139/- nll=11.9004 ppl=147327.6 aux=0.0000 gate=0.005 gn=0.15 moe_cv=0.71 trainable=219.21M lr=2.62e-05 fp8=False nvfp4=False tok=130856960 tok/s=727 mem=41297MiB
CAT-YOKO-12B B0 step 27140/- nll=11.8910 ppl=145946.9 aux=0.0000 gate=0.005 gn=0.15 moe_cv=0.81 trainable=219.21M lr=2.62e-05 fp8=False nvfp4=False tok=130861056 tok/s=725 mem=41297MiB
CAT-YOKO-12B B0 step 27141/- nll=11.8952 ppl=146565.6 aux=0.0000 gate=0.005 gn=0.14 moe_cv=0.70 trainable=219.21M lr=2.62e-05 fp8=False nvfp4=False tok=130865152 tok/s=727 mem=41297MiB
CAT-YOKO-12B B0 step 27142/- nll=11.8834 ppl=144842.5 aux=0.0000 gate=0.005 gn=0.08 moe_cv=0.72 trainable=219.21M lr=2.62e-05 fp8=False nvfp4=False tok=130869248 tok/s=729 mem=41297MiB
CAT-YOKO-12B B0 step 27143/- nll=11.8857 ppl=145169.3 aux=0.0000 gate=0.005 gn=0.08 moe_cv=0.75 trainable=219.21M lr=2.62e-05 fp8=False nvfp4=False tok=130873344 tok/s=728 mem=41297MiB
CAT-YOKO-12B B0 step 27144/- nll=11.9032 ppl=147732.9 aux=0.0000 gate=0.005 gn=0.07 moe_cv=0.80 trainable=219.21M lr=2.62e-05 fp8=False nvfp4=False tok=130877440 tok/s=726 mem=41297MiB
CAT-YOKO-12B B0 step 27145/- nll=11.9135 ppl=149266.5 aux=0.0000 gate=0.005 gn=0.30 moe_cv=0.79 trainable=219.21M lr=2.62e-05 fp8=False nvfp4=False tok=130881536 tok/s=729 mem=41297MiB
CAT-YOKO-12B B0 step 27146/- nll=11.9188 ppl=150062.7 aux=0.0000 gate=0.005 gn=0.12 moe_cv=0.71 trainable=219.21M lr=2.62e-05 fp8=False nvfp4=False tok=130885632 tok/s=725 mem=41297MiB
CAT-YOKO-12B B0 step 27147/- nll=11.8926 ppl=146178.2 aux=0.0000 gate=0.005 gn=0.14 moe_cv=0.71 trainable=219.21M lr=2.62e-05 fp8=False nvfp4=False tok=130889728 tok/s=727 mem=41297MiB
CAT-YOKO-12B B0 step 27148/- nll=11.9066 ppl=148242.5 aux=0.0000 gate=0.005 gn=0.09 moe_cv=0.71 trainable=219.21M lr=2.62e-05 fp8=False nvfp4=False tok=130893824 tok/s=728 mem=41297MiB
CAT-YOKO-12B B0 step 27149/- nll=11.8964 ppl=146731.3 aux=0.0000 gate=0.005 gn=0.11 moe_cv=0.79 trainable=219.21M lr=2.62e-05 fp8=False nvfp4=False tok=130897920 tok/s=722 mem=41297MiB
CAT-YOKO-12B B0 step 27150/- nll=11.9099 ppl=148736.3 aux=0.0000 gate=0.005 gn=0.06 moe_cv=0.66 trainable=219.21M lr=2.62e-05 fp8=False nvfp4=False tok=130902016 tok/s=716 mem=41297MiB
CAT-YOKO-12B B0 step 27151/- nll=11.8938 ppl=146359.4 aux=0.0000 gate=0.005 gn=0.24 moe_cv=0.68 trainable=219.21M lr=2.62e-05 fp8=False nvfp4=False tok=130906112 tok/s=720 mem=41297MiB
CAT-YOKO-12B B0 step 27152/- nll=11.8878 ppl=145479.0 aux=0.0000 gate=0.005 gn=0.13 moe_cv=0.70 trainable=219.21M lr=2.62e-05 fp8=False nvfp4=False tok=130910208 tok/s=726 mem=41297MiB
CAT-YOKO-12B B0 step 27153/- nll=11.9017 ppl=147518.3 aux=0.0000 gate=0.005 gn=0.08 moe_cv=0.81 trainable=219.21M lr=2.62e-05 fp8=False nvfp4=False tok=130914304 tok/s=726 mem=41297MiB
CAT-YOKO-12B B0 step 27154/- nll=11.8793 ppl=144246.3 aux=0.0000 gate=0.005 gn=0.10 moe_cv=0.77 trainable=219.21M lr=2.62e-05 fp8=False nvfp4=False tok=130918400 tok/s=730 mem=41297MiB
CAT-YOKO-12B B0 step 27155/- nll=11.9072 ppl=148335.9 aux=0.0000 gate=0.005 gn=0.06 moe_cv=0.76 trainable=219.21M lr=2.62e-05 fp8=False nvfp4=False tok=130922496 tok/s=725 mem=41297MiB
CAT-YOKO-12B B0 step 27156/- nll=11.8770 ppl=143923.8 aux=0.0000 gate=0.005 gn=0.09 moe_cv=0.73 trainable=219.21M lr=2.62e-05 fp8=False nvfp4=False tok=130926592 tok/s=726 mem=41297MiB
CAT-YOKO-12B B0 step 27157/- nll=11.8840 ppl=144922.9 aux=0.0000 gate=0.005 gn=0.07 moe_cv=0.74 trainable=219.21M lr=2.62e-05 fp8=False nvfp4=False tok=130930688 tok/s=727 mem=41297MiB
CAT-YOKO-12B B0 step 27158/- nll=11.8944 ppl=146450.2 aux=0.0000 gate=0.005 gn=0.10 moe_cv=0.78 trainable=219.21M lr=2.62e-05 fp8=False nvfp4=False tok=130934784 tok/s=728 mem=41297MiB
CAT-YOKO-12B B0 step 27159/- nll=11.8905 ppl=145874.9 aux=0.0000 gate=0.005 gn=0.12 moe_cv=0.76 trainable=219.21M lr=2.62e-05 fp8=False nvfp4=False tok=130938880 tok/s=728 mem=41297MiB
CAT-YOKO-12B B0 step 27160/- nll=11.8862 ppl=145245.2 aux=0.0000 gate=0.005 gn=0.11 moe_cv=0.70 trainable=219.21M lr=2.62e-05 fp8=False nvfp4=False tok=130942976 tok/s=725 mem=41297MiB
CAT-YOKO-12B B0 step 27161/- nll=11.8910 ppl=145947.3 aux=0.0000 gate=0.005 gn=0.08 moe_cv=0.73 trainable=219.21M lr=2.62e-05 fp8=False nvfp4=False tok=130947072 tok/s=725 mem=41297MiB
CAT-YOKO-12B B0 step 27162/- nll=11.8798 ppl=144327.6 aux=0.0000 gate=0.005 gn=0.08 moe_cv=0.74 trainable=219.21M lr=2.62e-05 fp8=False nvfp4=False tok=130951168 tok/s=729 mem=41297MiB
CAT-YOKO-12B B0 step 27163/- nll=11.9056 ppl=148089.9 aux=0.0000 gate=0.005 gn=0.06 moe_cv=0.81 trainable=219.21M lr=2.62e-05 fp8=False nvfp4=False tok=130955264 tok/s=726 mem=41297MiB
CAT-YOKO-12B B0 step 27164/- nll=11.8890 ppl=145658.6 aux=0.0000 gate=0.005 gn=0.37 moe_cv=0.74 trainable=219.21M lr=2.62e-05 fp8=False nvfp4=False tok=130959360 tok/s=670 mem=41297MiB
CAT-YOKO-12B B0 step 27165/- nll=11.8986 ppl=147062.8 aux=0.0000 gate=0.005 gn=0.13 moe_cv=0.76 trainable=219.21M lr=2.62e-05 fp8=False nvfp4=False tok=130963456 tok/s=730 mem=41297MiB
CAT-YOKO-12B B0 step 27166/- nll=11.9522 ppl=155151.3 aux=0.0000 gate=0.005 gn=0.20 moe_cv=0.69 trainable=219.21M lr=2.62e-05 fp8=False nvfp4=False tok=130967552 tok/s=727 mem=41297MiB
CAT-YOKO-12B B0 step 27167/- nll=11.8914 ppl=145999.7 aux=0.0000 gate=0.005 gn=0.10 moe_cv=0.72 trainable=219.21M lr=2.62e-05 fp8=False nvfp4=False tok=130971648 tok/s=727 mem=41297MiB
CAT-YOKO-12B B0 step 27168/- nll=11.8739 ppl=143470.9 aux=0.0000 gate=0.005 gn=0.07 moe_cv=0.74 trainable=219.21M lr=2.62e-05 fp8=False nvfp4=False tok=130975744 tok/s=730 mem=41297MiB
CAT-YOKO-12B B0 step 27169/- nll=11.8947 ppl=146481.9 aux=0.0000 gate=0.005 gn=0.09 moe_cv=0.71 trainable=219.21M lr=2.62e-05 fp8=False nvfp4=False tok=130979840 tok/s=727 mem=41297MiB
CAT-YOKO-12B B0 step 27170/- nll=11.8861 ppl=145230.4 aux=0.0000 gate=0.005 gn=0.10 moe_cv=0.79 trainable=219.21M lr=2.62e-05 fp8=False nvfp4=False tok=130983936 tok/s=730 mem=41297MiB
CAT-YOKO-12B B0 step 27171/- nll=11.8817 ppl=144590.8 aux=0.0000 gate=0.005 gn=0.14 moe_cv=0.71 trainable=219.21M lr=2.62e-05 fp8=False nvfp4=False tok=130988032 tok/s=729 mem=41297MiB
CAT-YOKO-12B B0 step 27172/- nll=11.8945 ppl=146454.0 aux=0.0000 gate=0.005 gn=0.10 moe_cv=0.73 trainable=219.21M lr=2.62e-05 fp8=False nvfp4=False tok=130992128 tok/s=723 mem=41297MiB
CAT-YOKO-12B B0 step 27173/- nll=11.8959 ppl=146669.1 aux=0.0000 gate=0.005 gn=0.10 moe_cv=0.81 trainable=219.21M lr=2.62e-05 fp8=False nvfp4=False tok=130996224 tok/s=727 mem=41297MiB
CAT-YOKO-12B B0 step 27174/- nll=11.8976 ppl=146907.3 aux=0.0000 gate=0.005 gn=0.10 moe_cv=0.71 trainable=219.21M lr=2.62e-05 fp8=False nvfp4=False tok=131000320 tok/s=726 mem=41297MiB
CAT-YOKO-12B B0 step 27175/- nll=11.9473 ppl=154399.2 aux=0.0000 gate=0.005 gn=0.21 moe_cv=0.78 trainable=219.21M lr=2.62e-05 fp8=False nvfp4=False tok=131004416 tok/s=720 mem=41297MiB
CAT-YOKO-12B B0 step 27176/- nll=11.9231 ppl=150707.6 aux=0.0000 gate=0.005 gn=0.25 moe_cv=0.76 trainable=219.21M lr=2.62e-05 fp8=False nvfp4=False tok=131008512 tok/s=727 mem=41297MiB
CAT-YOKO-12B B0 step 27177/- nll=11.8754 ppl=143684.0 aux=0.0000 gate=0.005 gn=0.17 moe_cv=0.74 trainable=219.21M lr=2.62e-05 fp8=False nvfp4=False tok=131012608 tok/s=727 mem=41297MiB
CAT-YOKO-12B B0 step 27178/- nll=11.8832 ppl=144819.5 aux=0.0000 gate=0.005 gn=0.07 moe_cv=0.78 trainable=219.21M lr=2.62e-05 fp8=False nvfp4=False tok=131016704 tok/s=722 mem=41297MiB
CAT-YOKO-12B B0 step 27179/- nll=11.8793 ppl=144247.4 aux=0.0000 gate=0.005 gn=0.10 moe_cv=0.70 trainable=219.21M lr=2.62e-05 fp8=False nvfp4=False tok=131020800 tok/s=726 mem=41297MiB
CAT-YOKO-12B B0 step 27180/- nll=11.8856 ppl=145159.6 aux=0.0000 gate=0.005 gn=0.13 moe_cv=0.83 trainable=219.21M lr=2.62e-05 fp8=False nvfp4=False tok=131024896 tok/s=728 mem=41297MiB
CAT-YOKO-12B B0 step 27181/- nll=11.8911 ppl=145965.7 aux=0.0000 gate=0.005 gn=0.18 moe_cv=0.74 trainable=219.21M lr=2.62e-05 fp8=False nvfp4=False tok=131028992 tok/s=723 mem=41297MiB
CAT-YOKO-12B B0 step 27182/- nll=11.8863 ppl=145259.8 aux=0.0000 gate=0.005 gn=0.36 moe_cv=0.70 trainable=219.21M lr=2.62e-05 fp8=False nvfp4=False tok=131033088 tok/s=727 mem=41297MiB
CAT-YOKO-12B B0 step 27183/- nll=11.8851 ppl=145081.4 aux=0.0000 gate=0.005 gn=0.14 moe_cv=0.69 trainable=219.21M lr=2.62e-05 fp8=False nvfp4=False tok=131037184 tok/s=730 mem=41297MiB
CAT-YOKO-12B B0 step 27184/- nll=11.8938 ppl=146359.4 aux=0.0000 gate=0.005 gn=0.12 moe_cv=0.66 trainable=219.21M lr=2.62e-05 fp8=False nvfp4=False tok=131041280 tok/s=727 mem=41297MiB
CAT-YOKO-12B B0 step 27185/- nll=11.8929 ppl=146231.0 aux=0.0000 gate=0.005 gn=0.10 moe_cv=0.74 trainable=219.21M lr=2.62e-05 fp8=False nvfp4=False tok=131045376 tok/s=727 mem=41297MiB
CAT-YOKO-12B B0 step 27186/- nll=11.9011 ppl=147430.1 aux=0.0000 gate=0.005 gn=0.08 moe_cv=0.69 trainable=219.21M lr=2.62e-05 fp8=False nvfp4=False tok=131049472 tok/s=727 mem=41297MiB
CAT-YOKO-12B B0 step 27187/- nll=11.8851 ppl=145083.5 aux=0.0000 gate=0.005 gn=0.09 moe_cv=0.71 trainable=219.21M lr=2.62e-05 fp8=False nvfp4=False tok=131053568 tok/s=728 mem=41297MiB
CAT-YOKO-12B B0 step 27188/- nll=11.8805 ppl=144415.9 aux=0.0000 gate=0.005 gn=0.08 moe_cv=0.71 trainable=219.21M lr=2.62e-05 fp8=False nvfp4=False tok=131057664 tok/s=727 mem=41297MiB
CAT-YOKO-12B B0 step 27189/- nll=11.8820 ppl=144637.0 aux=0.0000 gate=0.005 gn=0.19 moe_cv=0.75 trainable=219.21M lr=2.62e-05 fp8=False nvfp4=False tok=131061760 tok/s=729 mem=41297MiB
CAT-YOKO-12B B0 step 27190/- nll=11.8673 ppl=142535.0 aux=0.0000 gate=0.005 gn=0.09 moe_cv=0.75 trainable=219.21M lr=2.62e-05 fp8=False nvfp4=False tok=131065856 tok/s=724 mem=41297MiB
CAT-YOKO-12B B0 step 27191/- nll=11.9131 ppl=149211.8 aux=0.0000 gate=0.005 gn=0.07 moe_cv=0.75 trainable=219.21M lr=2.62e-05 fp8=False nvfp4=False tok=131069952 tok/s=726 mem=41297MiB
CAT-YOKO-12B B0 step 27192/- nll=11.8985 ppl=147046.4 aux=0.0000 gate=0.005 gn=0.18 moe_cv=0.73 trainable=219.21M lr=2.62e-05 fp8=False nvfp4=False tok=131074048 tok/s=726 mem=41297MiB
CAT-YOKO-12B B0 step 27193/- nll=11.8967 ppl=146779.8 aux=0.0000 gate=0.005 gn=0.08 moe_cv=0.69 trainable=219.21M lr=2.62e-05 fp8=False nvfp4=False tok=131078144 tok/s=668 mem=41297MiB
CAT-YOKO-12B B0 step 27194/- nll=11.8947 ppl=146488.2 aux=0.0000 gate=0.005 gn=0.12 moe_cv=0.69 trainable=219.21M lr=2.62e-05 fp8=False nvfp4=False tok=131082240 tok/s=726 mem=41297MiB
CAT-YOKO-12B B0 step 27195/- nll=11.9079 ppl=148431.0 aux=0.0000 gate=0.005 gn=0.13 moe_cv=0.78 trainable=219.21M lr=2.62e-05 fp8=False nvfp4=False tok=131086336 tok/s=727 mem=41297MiB
CAT-YOKO-12B B0 step 27196/- nll=11.8800 ppl=144354.9 aux=0.0000 gate=0.005 gn=0.18 moe_cv=0.73 trainable=219.21M lr=2.62e-05 fp8=False nvfp4=False tok=131090432 tok/s=724 mem=41297MiB
CAT-YOKO-12B B0 step 27197/- nll=11.8804 ppl=144409.0 aux=0.0000 gate=0.005 gn=0.08 moe_cv=0.80 trainable=219.21M lr=2.62e-05 fp8=False nvfp4=False tok=131094528 tok/s=725 mem=41297MiB
CAT-YOKO-12B B0 step 27198/- nll=11.8830 ppl=144789.1 aux=0.0000 gate=0.005 gn=0.08 moe_cv=0.71 trainable=219.21M lr=2.62e-05 fp8=False nvfp4=False tok=131098624 tok/s=718 mem=41297MiB
CAT-YOKO-12B B0 step 27199/- nll=11.8732 ppl=143378.9 aux=0.0000 gate=0.005 gn=0.09 moe_cv=0.76 trainable=219.21M lr=2.62e-05 fp8=False nvfp4=False tok=131102720 tok/s=726 mem=41297MiB
CAT-YOKO-12B B0 step 27200/- nll=11.8835 ppl=144851.3 aux=0.0000 gate=0.005 gn=0.07 moe_cv=0.70 trainable=219.21M lr=2.62e-05 fp8=False nvfp4=False tok=131106816 tok/s=726 mem=41297MiB
CAT-YOKO-12B B0 step 27201/- nll=11.8756 ppl=143720.1 aux=0.0000 gate=0.005 gn=0.10 moe_cv=0.75 trainable=219.21M lr=2.62e-05 fp8=False nvfp4=False tok=131110912 tok/s=727 mem=41297MiB
CAT-YOKO-12B B0 step 27202/- nll=11.9527 ppl=155242.8 aux=0.0000 gate=0.005 gn=0.13 moe_cv=0.78 trainable=219.21M lr=2.62e-05 fp8=False nvfp4=False tok=131115008 tok/s=729 mem=41297MiB
CAT-YOKO-12B B0 step 27203/- nll=11.8654 ppl=142258.3 aux=0.0000 gate=0.005 gn=0.34 moe_cv=0.79 trainable=219.21M lr=2.62e-05 fp8=False nvfp4=False tok=131119104 tok/s=730 mem=41297MiB
CAT-YOKO-12B B0 step 27204/- nll=11.8657 ppl=142304.5 aux=0.0000 gate=0.005 gn=0.08 moe_cv=0.77 trainable=219.21M lr=2.62e-05 fp8=False nvfp4=False tok=131123200 tok/s=726 mem=41297MiB
CAT-YOKO-12B B0 step 27205/- nll=11.8910 ppl=145941.7 aux=0.0000 gate=0.005 gn=0.07 moe_cv=0.78 trainable=219.21M lr=2.62e-05 fp8=False nvfp4=False tok=131127296 tok/s=728 mem=41297MiB
CAT-YOKO-12B B0 step 27206/- nll=11.8766 ppl=143862.5 aux=0.0000 gate=0.005 gn=0.13 moe_cv=0.72 trainable=219.21M lr=2.62e-05 fp8=False nvfp4=False tok=131131392 tok/s=729 mem=41297MiB
CAT-YOKO-12B B0 step 27207/- nll=11.8860 ppl=145213.8 aux=0.0000 gate=0.005 gn=0.07 moe_cv=0.70 trainable=219.21M lr=2.62e-05 fp8=False nvfp4=False tok=131135488 tok/s=725 mem=41297MiB
CAT-YOKO-12B B0 step 27208/- nll=11.8876 ppl=145455.0 aux=0.0000 gate=0.005 gn=0.09 moe_cv=0.76 trainable=219.21M lr=2.62e-05 fp8=False nvfp4=False tok=131139584 tok/s=723 mem=41297MiB
CAT-YOKO-12B B0 step 27209/- nll=11.8760 ppl=143767.7 aux=0.0000 gate=0.005 gn=0.07 moe_cv=0.70 trainable=219.21M lr=2.62e-05 fp8=False nvfp4=False tok=131143680 tok/s=729 mem=41297MiB
CAT-YOKO-12B B0 step 27210/- nll=11.8922 ppl=146123.4 aux=0.0000 gate=0.005 gn=0.08 moe_cv=0.72 trainable=219.21M lr=2.62e-05 fp8=False nvfp4=False tok=131147776 tok/s=726 mem=41297MiB
CAT-YOKO-12B B0 step 27211/- nll=11.8848 ppl=145045.2 aux=0.0000 gate=0.005 gn=0.10 moe_cv=0.75 trainable=219.21M lr=2.62e-05 fp8=False nvfp4=False tok=131151872 tok/s=730 mem=41297MiB
CAT-YOKO-12B B0 step 27212/- nll=11.8880 ppl=145515.8 aux=0.0000 gate=0.005 gn=0.10 moe_cv=0.71 trainable=219.21M lr=2.62e-05 fp8=False nvfp4=False tok=131155968 tok/s=728 mem=41297MiB
CAT-YOKO-12B B0 step 27213/- nll=11.8927 ppl=146196.3 aux=0.0000 gate=0.005 gn=0.12 moe_cv=0.77 trainable=219.21M lr=2.62e-05 fp8=False nvfp4=False tok=131160064 tok/s=727 mem=41297MiB
CAT-YOKO-12B B0 step 27214/- nll=11.8848 ppl=145038.8 aux=0.0000 gate=0.005 gn=0.20 moe_cv=0.71 trainable=219.21M lr=2.62e-05 fp8=False nvfp4=False tok=131164160 tok/s=726 mem=41297MiB
CAT-YOKO-12B B0 step 27215/- nll=11.8788 ppl=144176.5 aux=0.0000 gate=0.005 gn=0.10 moe_cv=0.71 trainable=219.21M lr=2.62e-05 fp8=False nvfp4=False tok=131168256 tok/s=729 mem=41297MiB
CAT-YOKO-12B B0 step 27216/- nll=11.8776 ppl=144002.1 aux=0.0000 gate=0.005 gn=0.08 moe_cv=0.70 trainable=219.21M lr=2.62e-05 fp8=False nvfp4=False tok=131172352 tok/s=725 mem=41297MiB
CAT-YOKO-12B B0 step 27217/- nll=11.8776 ppl=143999.6 aux=0.0000 gate=0.005 gn=0.11 moe_cv=0.77 trainable=219.21M lr=2.62e-05 fp8=False nvfp4=False tok=131176448 tok/s=726 mem=41297MiB
CAT-YOKO-12B B0 step 27218/- nll=11.8772 ppl=143945.1 aux=0.0000 gate=0.005 gn=0.06 moe_cv=0.72 trainable=219.21M lr=2.62e-05 fp8=False nvfp4=False tok=131180544 tok/s=726 mem=41297MiB
CAT-YOKO-12B B0 step 27219/- nll=11.8769 ppl=143910.1 aux=0.0000 gate=0.005 gn=0.09 moe_cv=0.80 trainable=219.21M lr=2.62e-05 fp8=False nvfp4=False tok=131184640 tok/s=725 mem=41297MiB
CAT-YOKO-12B B0 step 27220/- nll=11.8865 ppl=145290.8 aux=0.0000 gate=0.005 gn=0.09 moe_cv=0.77 trainable=219.21M lr=2.62e-05 fp8=False nvfp4=False tok=131188736 tok/s=724 mem=41297MiB
CAT-YOKO-12B B0 step 27221/- nll=11.9203 ppl=150281.7 aux=0.0000 gate=0.005 gn=0.09 moe_cv=0.64 trainable=219.21M lr=2.62e-05 fp8=False nvfp4=False tok=131192832 tok/s=670 mem=41297MiB
CAT-YOKO-12B B0 step 27222/- nll=11.8760 ppl=143772.2 aux=0.0000 gate=0.005 gn=0.13 moe_cv=0.76 trainable=219.21M lr=2.62e-05 fp8=False nvfp4=False tok=131196928 tok/s=724 mem=41297MiB
CAT-YOKO-12B B0 step 27223/- nll=11.8715 ppl=143129.7 aux=0.0000 gate=0.005 gn=0.14 moe_cv=0.78 trainable=219.21M lr=2.62e-05 fp8=False nvfp4=False tok=131201024 tok/s=726 mem=41297MiB
CAT-YOKO-12B B0 step 27224/- nll=11.8709 ppl=143037.7 aux=0.0000 gate=0.005 gn=0.09 moe_cv=0.76 trainable=219.21M lr=2.62e-05 fp8=False nvfp4=False tok=131205120 tok/s=730 mem=41297MiB
CAT-YOKO-12B B0 step 27225/- nll=11.8751 ppl=143648.1 aux=0.0000 gate=0.005 gn=0.08 moe_cv=0.74 trainable=219.21M lr=2.62e-05 fp8=False nvfp4=False tok=131209216 tok/s=728 mem=41297MiB
CAT-YOKO-12B B0 step 27226/- nll=11.9491 ppl=154678.7 aux=0.0000 gate=0.005 gn=0.06 moe_cv=0.66 trainable=219.21M lr=2.62e-05 fp8=False nvfp4=False tok=131213312 tok/s=719 mem=41297MiB
CAT-YOKO-12B B0 step 27227/- nll=11.8660 ppl=142337.7 aux=0.0000 gate=0.005 gn=0.28 moe_cv=0.72 trainable=219.21M lr=2.62e-05 fp8=False nvfp4=False tok=131217408 tok/s=729 mem=41297MiB
CAT-YOKO-12B B0 step 27228/- nll=11.8727 ppl=143307.5 aux=0.0000 gate=0.005 gn=0.08 moe_cv=0.69 trainable=219.21M lr=2.62e-05 fp8=False nvfp4=False tok=131221504 tok/s=724 mem=41297MiB
CAT-YOKO-12B B0 step 27229/- nll=11.8814 ppl=144555.4 aux=0.0000 gate=0.005 gn=0.15 moe_cv=0.70 trainable=219.21M lr=2.62e-05 fp8=False nvfp4=False tok=131225600 tok/s=730 mem=41297MiB
CAT-YOKO-12B B0 step 27230/- nll=11.8712 ppl=143082.8 aux=0.0000 gate=0.005 gn=0.12 moe_cv=0.75 trainable=219.21M lr=2.62e-05 fp8=False nvfp4=False tok=131229696 tok/s=725 mem=41297MiB
CAT-YOKO-12B B0 step 27231/- nll=11.8753 ppl=143672.0 aux=0.0000 gate=0.005 gn=0.06 moe_cv=0.76 trainable=219.21M lr=2.62e-05 fp8=False nvfp4=False tok=131233792 tok/s=724 mem=41297MiB
CAT-YOKO-12B B0 step 27232/- nll=11.8698 ppl=142889.6 aux=0.0000 gate=0.005 gn=0.13 moe_cv=0.74 trainable=219.21M lr=2.62e-05 fp8=False nvfp4=False tok=131237888 tok/s=726 mem=41297MiB
CAT-YOKO-12B B0 step 27233/- nll=11.8719 ppl=143192.0 aux=0.0000 gate=0.005 gn=0.07 moe_cv=0.76 trainable=219.21M lr=2.62e-05 fp8=False nvfp4=False tok=131241984 tok/s=726 mem=41297MiB
CAT-YOKO-12B B0 step 27234/- nll=11.8769 ppl=143908.5 aux=0.0000 gate=0.005 gn=0.09 moe_cv=0.78 trainable=219.21M lr=2.62e-05 fp8=False nvfp4=False tok=131246080 tok/s=719 mem=41297MiB
CAT-YOKO-12B B0 step 27235/- nll=11.8852 ppl=145109.4 aux=0.0000 gate=0.005 gn=0.13 moe_cv=0.72 trainable=219.21M lr=2.62e-05 fp8=False nvfp4=False tok=131250176 tok/s=726 mem=41297MiB
CAT-YOKO-12B B0 step 27236/- nll=11.8883 ppl=145550.5 aux=0.0000 gate=0.005 gn=0.12 moe_cv=0.72 trainable=219.21M lr=2.63e-05 fp8=False nvfp4=False tok=131254272 tok/s=726 mem=41297MiB
CAT-YOKO-12B B0 step 27237/- nll=11.9000 ppl=147267.0 aux=0.0000 gate=0.005 gn=0.12 moe_cv=0.72 trainable=219.21M lr=2.63e-05 fp8=False nvfp4=False tok=131258368 tok/s=725 mem=41297MiB
CAT-YOKO-12B B0 step 27238/- nll=11.8809 ppl=144477.5 aux=0.0000 gate=0.005 gn=0.19 moe_cv=0.76 trainable=219.21M lr=2.63e-05 fp8=False nvfp4=False tok=131262464 tok/s=725 mem=41297MiB
CAT-YOKO-12B B0 step 27239/- nll=11.8887 ppl=145609.4 aux=0.0000 gate=0.005 gn=0.29 moe_cv=0.69 trainable=219.21M lr=2.63e-05 fp8=False nvfp4=False tok=131266560 tok/s=716 mem=41297MiB
CAT-YOKO-12B B0 step 27240/- nll=11.8724 ppl=143260.1 aux=0.0000 gate=0.005 gn=0.14 moe_cv=0.71 trainable=219.21M lr=2.63e-05 fp8=False nvfp4=False tok=131270656 tok/s=728 mem=41297MiB
CAT-YOKO-12B B0 step 27241/- nll=11.8735 ppl=143415.1 aux=0.0000 gate=0.005 gn=0.15 moe_cv=0.74 trainable=219.21M lr=2.63e-05 fp8=False nvfp4=False tok=131274752 tok/s=730 mem=41297MiB
CAT-YOKO-12B B0 step 27242/- nll=11.8804 ppl=144413.7 aux=0.0000 gate=0.005 gn=0.08 moe_cv=0.74 trainable=219.21M lr=2.63e-05 fp8=False nvfp4=False tok=131278848 tok/s=729 mem=41297MiB
CAT-YOKO-12B B0 step 27243/- nll=11.8801 ppl=144372.1 aux=0.0000 gate=0.005 gn=0.22 moe_cv=0.73 trainable=219.21M lr=2.63e-05 fp8=False nvfp4=False tok=131282944 tok/s=725 mem=41297MiB
CAT-YOKO-12B B0 step 27244/- nll=11.8803 ppl=144389.7 aux=0.0000 gate=0.005 gn=0.07 moe_cv=0.77 trainable=219.21M lr=2.63e-05 fp8=False nvfp4=False tok=131287040 tok/s=729 mem=41297MiB
CAT-YOKO-12B B0 step 27245/- nll=11.8628 ppl=141894.6 aux=0.0000 gate=0.005 gn=0.14 moe_cv=0.77 trainable=219.21M lr=2.63e-05 fp8=False nvfp4=False tok=131291136 tok/s=727 mem=41297MiB
CAT-YOKO-12B B0 step 27246/- nll=11.8712 ppl=143085.8 aux=0.0000 gate=0.005 gn=0.13 moe_cv=0.78 trainable=219.21M lr=2.63e-05 fp8=False nvfp4=False tok=131295232 tok/s=729 mem=41297MiB
CAT-YOKO-12B B0 step 27247/- nll=11.8830 ppl=144782.5 aux=0.0000 gate=0.005 gn=0.24 moe_cv=0.71 trainable=219.21M lr=2.63e-05 fp8=False nvfp4=False tok=131299328 tok/s=730 mem=41297MiB
CAT-YOKO-12B B0 step 27248/- nll=11.8761 ppl=143785.2 aux=0.0000 gate=0.005 gn=0.10 moe_cv=0.78 trainable=219.21M lr=2.63e-05 fp8=False nvfp4=False tok=131303424 tok/s=727 mem=41297MiB
CAT-YOKO-12B B0 step 27249/- nll=11.8872 ppl=145396.6 aux=0.0000 gate=0.005 gn=0.11 moe_cv=0.76 trainable=219.21M lr=2.63e-05 fp8=False nvfp4=False tok=131307520 tok/s=724 mem=41297MiB
CAT-YOKO-12B B0 step 27250/- nll=11.8731 ppl=143363.4 aux=0.0000 gate=0.005 gn=0.14 moe_cv=0.77 trainable=219.21M lr=2.63e-05 fp8=False nvfp4=False tok=131311616 tok/s=670 mem=41297MiB
CAT-YOKO-12B B0 step 27251/- nll=11.8858 ppl=145185.5 aux=0.0000 gate=0.005 gn=0.06 moe_cv=0.82 trainable=219.21M lr=2.63e-05 fp8=False nvfp4=False tok=131315712 tok/s=727 mem=41297MiB
CAT-YOKO-12B B0 step 27252/- nll=11.8860 ppl=145212.7 aux=0.0000 gate=0.005 gn=0.14 moe_cv=0.77 trainable=219.21M lr=2.63e-05 fp8=False nvfp4=False tok=131319808 tok/s=722 mem=41297MiB
CAT-YOKO-12B B0 step 27253/- nll=11.8729 ppl=143331.7 aux=0.0000 gate=0.005 gn=0.09 moe_cv=0.68 trainable=219.21M lr=2.63e-05 fp8=False nvfp4=False tok=131323904 tok/s=729 mem=41297MiB
CAT-YOKO-12B B0 step 27254/- nll=11.8837 ppl=144878.4 aux=0.0000 gate=0.005 gn=0.15 moe_cv=0.73 trainable=219.21M lr=2.63e-05 fp8=False nvfp4=False tok=131328000 tok/s=726 mem=41297MiB
CAT-YOKO-12B B0 step 27255/- nll=11.8865 ppl=145286.5 aux=0.0000 gate=0.005 gn=0.14 moe_cv=0.66 trainable=219.21M lr=2.63e-05 fp8=False nvfp4=False tok=131332096 tok/s=729 mem=41297MiB
CAT-YOKO-12B B0 step 27256/- nll=11.8665 ppl=142415.0 aux=0.0000 gate=0.005 gn=0.26 moe_cv=0.77 trainable=219.21M lr=2.63e-05 fp8=False nvfp4=False tok=131336192 tok/s=727 mem=41297MiB
CAT-YOKO-12B B0 step 27257/- nll=11.8766 ppl=143866.9 aux=0.0000 gate=0.005 gn=0.12 moe_cv=0.75 trainable=219.21M lr=2.63e-05 fp8=False nvfp4=False tok=131340288 tok/s=730 mem=41297MiB
CAT-YOKO-12B B0 step 27258/- nll=11.8819 ppl=144625.3 aux=0.0000 gate=0.005 gn=0.07 moe_cv=0.80 trainable=219.21M lr=2.63e-05 fp8=False nvfp4=False tok=131344384 tok/s=731 mem=41297MiB
CAT-YOKO-12B B0 step 27259/- nll=11.8699 ppl=142904.9 aux=0.0000 gate=0.005 gn=0.14 moe_cv=0.81 trainable=219.21M lr=2.63e-05 fp8=False nvfp4=False tok=131348480 tok/s=729 mem=41297MiB
CAT-YOKO-12B B0 step 27260/- nll=11.8693 ppl=142811.2 aux=0.0000 gate=0.005 gn=0.07 moe_cv=0.76 trainable=219.21M lr=2.63e-05 fp8=False nvfp4=False tok=131352576 tok/s=726 mem=41297MiB
CAT-YOKO-12B B0 step 27261/- nll=11.9000 ppl=147261.8 aux=0.0000 gate=0.005 gn=0.15 moe_cv=0.70 trainable=219.21M lr=2.63e-05 fp8=False nvfp4=False tok=131356672 tok/s=731 mem=41297MiB
CAT-YOKO-12B B0 step 27262/- nll=11.8783 ppl=144108.3 aux=0.0000 gate=0.005 gn=0.17 moe_cv=0.68 trainable=219.21M lr=2.63e-05 fp8=False nvfp4=False tok=131360768 tok/s=730 mem=41297MiB
CAT-YOKO-12B B0 step 27263/- nll=11.8727 ppl=143297.2 aux=0.0000 gate=0.005 gn=0.14 moe_cv=0.75 trainable=219.21M lr=2.63e-05 fp8=False nvfp4=False tok=131364864 tok/s=728 mem=41297MiB
CAT-YOKO-12B B0 step 27264/- nll=11.8759 ppl=143761.6 aux=0.0000 gate=0.005 gn=0.09 moe_cv=0.73 trainable=219.21M lr=2.63e-05 fp8=False nvfp4=False tok=131368960 tok/s=729 mem=41297MiB
CAT-YOKO-12B B0 step 27265/- nll=11.8640 ppl=142058.2 aux=0.0000 gate=0.005 gn=0.08 moe_cv=0.77 trainable=219.21M lr=2.63e-05 fp8=False nvfp4=False tok=131373056 tok/s=727 mem=41297MiB
CAT-YOKO-12B B0 step 27266/- nll=11.8646 ppl=142147.4 aux=0.0000 gate=0.005 gn=0.07 moe_cv=0.71 trainable=219.21M lr=2.63e-05 fp8=False nvfp4=False tok=131377152 tok/s=723 mem=41297MiB
CAT-YOKO-12B B0 step 27267/- nll=11.8867 ppl=145326.3 aux=0.0000 gate=0.005 gn=0.06 moe_cv=0.75 trainable=219.21M lr=2.63e-05 fp8=False nvfp4=False tok=131381248 tok/s=724 mem=41297MiB
CAT-YOKO-12B B0 step 27268/- nll=11.8719 ppl=143187.4 aux=0.0000 gate=0.005 gn=0.15 moe_cv=0.75 trainable=219.21M lr=2.63e-05 fp8=False nvfp4=False tok=131385344 tok/s=721 mem=41297MiB
CAT-YOKO-12B B0 step 27269/- nll=11.8550 ppl=140788.2 aux=0.0000 gate=0.005 gn=0.10 moe_cv=0.72 trainable=219.21M lr=2.63e-05 fp8=False nvfp4=False tok=131389440 tok/s=723 mem=41297MiB
CAT-YOKO-12B B0 step 27270/- nll=11.8739 ppl=143474.5 aux=0.0000 gate=0.005 gn=0.07 moe_cv=0.77 trainable=219.21M lr=2.63e-05 fp8=False nvfp4=False tok=131393536 tok/s=724 mem=41297MiB
CAT-YOKO-12B B0 step 27271/- nll=11.8603 ppl=141536.1 aux=0.0000 gate=0.005 gn=0.22 moe_cv=0.77 trainable=219.21M lr=2.63e-05 fp8=False nvfp4=False tok=131397632 tok/s=724 mem=41297MiB
CAT-YOKO-12B B0 step 27272/- nll=11.8800 ppl=144355.3 aux=0.0000 gate=0.005 gn=0.06 moe_cv=0.68 trainable=219.21M lr=2.63e-05 fp8=False nvfp4=False tok=131401728 tok/s=703 mem=41297MiB
CAT-YOKO-12B B0 step 27273/- nll=11.8673 ppl=142535.4 aux=0.0000 gate=0.005 gn=0.24 moe_cv=0.74 trainable=219.21M lr=2.63e-05 fp8=False nvfp4=False tok=131405824 tok/s=726 mem=41297MiB
CAT-YOKO-12B B0 step 27274/- nll=11.8536 ppl=140586.9 aux=0.0000 gate=0.005 gn=0.25 moe_cv=0.73 trainable=219.21M lr=2.63e-05 fp8=False nvfp4=False tok=131409920 tok/s=717 mem=41297MiB
CAT-YOKO-12B B0 step 27275/- nll=11.8626 ppl=141858.8 aux=0.0000 gate=0.005 gn=0.06 moe_cv=0.76 trainable=219.21M lr=2.63e-05 fp8=False nvfp4=False tok=131414016 tok/s=727 mem=41297MiB
CAT-YOKO-12B B0 step 27276/- nll=11.8925 ppl=146165.8 aux=0.0000 gate=0.005 gn=0.11 moe_cv=0.70 trainable=219.21M lr=2.63e-05 fp8=False nvfp4=False tok=131418112 tok/s=727 mem=41297MiB
CAT-YOKO-12B B0 step 27277/- nll=11.8742 ppl=143520.5 aux=0.0000 gate=0.005 gn=0.24 moe_cv=0.76 trainable=219.21M lr=2.63e-05 fp8=False nvfp4=False tok=131422208 tok/s=722 mem=41297MiB
CAT-YOKO-12B B0 step 27278/- nll=11.8724 ppl=143261.0 aux=0.0000 gate=0.005 gn=0.07 moe_cv=0.71 trainable=219.21M lr=2.63e-05 fp8=False nvfp4=False tok=131426304 tok/s=672 mem=41297MiB
CAT-YOKO-12B B0 step 27279/- nll=11.9047 ppl=147960.8 aux=0.0000 gate=0.005 gn=0.15 moe_cv=0.71 trainable=219.21M lr=2.63e-05 fp8=False nvfp4=False tok=131430400 tok/s=722 mem=41297MiB
CAT-YOKO-12B B0 step 27280/- nll=11.8683 ppl=142667.4 aux=0.0000 gate=0.005 gn=0.22 moe_cv=0.75 trainable=219.21M lr=2.63e-05 fp8=False nvfp4=False tok=131434496 tok/s=727 mem=41297MiB
CAT-YOKO-12B B0 step 27281/- nll=11.8432 ppl=139129.6 aux=0.0000 gate=0.005 gn=0.13 moe_cv=0.76 trainable=219.21M lr=2.63e-05 fp8=False nvfp4=False tok=131438592 tok/s=728 mem=41297MiB
CAT-YOKO-12B B0 step 27282/- nll=11.8593 ppl=141398.0 aux=0.0000 gate=0.005 gn=0.17 moe_cv=0.75 trainable=219.21M lr=2.63e-05 fp8=False nvfp4=False tok=131442688 tok/s=721 mem=41297MiB
CAT-YOKO-12B B0 step 27283/- nll=11.8733 ppl=143389.7 aux=0.0000 gate=0.005 gn=0.06 moe_cv=0.78 trainable=219.21M lr=2.63e-05 fp8=False nvfp4=False tok=131446784 tok/s=713 mem=41297MiB
CAT-YOKO-12B B0 step 27284/- nll=11.8718 ppl=143165.9 aux=0.0000 gate=0.005 gn=0.09 moe_cv=0.72 trainable=219.21M lr=2.63e-05 fp8=False nvfp4=False tok=131450880 tok/s=728 mem=41297MiB
CAT-YOKO-12B B0 step 27285/- nll=11.8717 ppl=143162.2 aux=0.0000 gate=0.005 gn=0.07 moe_cv=0.75 trainable=219.21M lr=2.63e-05 fp8=False nvfp4=False tok=131454976 tok/s=726 mem=41297MiB
CAT-YOKO-12B B0 step 27286/- nll=11.8652 ppl=142229.8 aux=0.0000 gate=0.005 gn=0.07 moe_cv=0.70 trainable=219.21M lr=2.63e-05 fp8=False nvfp4=False tok=131459072 tok/s=726 mem=41297MiB
CAT-YOKO-12B B0 step 27287/- nll=11.8713 ppl=143106.9 aux=0.0000 gate=0.005 gn=0.07 moe_cv=0.75 trainable=219.21M lr=2.63e-05 fp8=False nvfp4=False tok=131463168 tok/s=729 mem=41297MiB
CAT-YOKO-12B B0 step 27288/- nll=11.8835 ppl=144861.4 aux=0.0000 gate=0.005 gn=0.13 moe_cv=0.69 trainable=219.21M lr=2.63e-05 fp8=False nvfp4=False tok=131467264 tok/s=726 mem=41297MiB
CAT-YOKO-12B B0 step 27289/- nll=11.8794 ppl=144266.9 aux=0.0000 gate=0.005 gn=0.16 moe_cv=0.77 trainable=219.21M lr=2.63e-05 fp8=False nvfp4=False tok=131471360 tok/s=721 mem=41297MiB
CAT-YOKO-12B B0 step 27290/- nll=11.8601 ppl=141512.4 aux=0.0000 gate=0.005 gn=0.09 moe_cv=0.71 trainable=219.21M lr=2.63e-05 fp8=False nvfp4=False tok=131475456 tok/s=727 mem=41297MiB
CAT-YOKO-12B B0 step 27291/- nll=11.8706 ppl=142997.1 aux=0.0000 gate=0.005 gn=0.17 moe_cv=0.77 trainable=219.21M lr=2.63e-05 fp8=False nvfp4=False tok=131479552 tok/s=724 mem=41297MiB
CAT-YOKO-12B B0 step 27292/- nll=11.8540 ppl=140641.9 aux=0.0000 gate=0.005 gn=0.10 moe_cv=0.73 trainable=219.21M lr=2.63e-05 fp8=False nvfp4=False tok=131483648 tok/s=726 mem=41297MiB
CAT-YOKO-12B B0 step 27293/- nll=11.8632 ppl=141940.3 aux=0.0000 gate=0.005 gn=0.09 moe_cv=0.76 trainable=219.21M lr=2.63e-05 fp8=False nvfp4=False tok=131487744 tok/s=731 mem=41297MiB
CAT-YOKO-12B B0 step 27294/- nll=11.9073 ppl=148339.8 aux=0.0000 gate=0.005 gn=0.09 moe_cv=0.67 trainable=219.21M lr=2.63e-05 fp8=False nvfp4=False tok=131491840 tok/s=729 mem=41297MiB
CAT-YOKO-12B B0 step 27295/- nll=11.8576 ppl=141149.4 aux=0.0000 gate=0.005 gn=0.21 moe_cv=0.72 trainable=219.21M lr=2.63e-05 fp8=False nvfp4=False tok=131495936 tok/s=710 mem=41297MiB
CAT-YOKO-12B B0 step 27296/- nll=11.8651 ppl=142208.7 aux=0.0000 gate=0.005 gn=0.10 moe_cv=0.72 trainable=219.21M lr=2.63e-05 fp8=False nvfp4=False tok=131500032 tok/s=730 mem=41297MiB
CAT-YOKO-12B B0 step 27297/- nll=11.9872 ppl=160684.0 aux=0.0000 gate=0.005 gn=0.12 moe_cv=0.70 trainable=219.21M lr=2.63e-05 fp8=False nvfp4=False tok=131504128 tok/s=730 mem=41297MiB
CAT-YOKO-12B B0 step 27298/- nll=11.8696 ppl=142856.0 aux=0.0000 gate=0.005 gn=0.61 moe_cv=0.73 trainable=219.21M lr=2.63e-05 fp8=False nvfp4=False tok=131508224 tok/s=730 mem=41297MiB
CAT-YOKO-12B B0 step 27299/- nll=11.8545 ppl=140709.5 aux=0.0000 gate=0.005 gn=0.12 moe_cv=0.75 trainable=219.21M lr=2.63e-05 fp8=False nvfp4=False tok=131512320 tok/s=731 mem=41297MiB
CAT-YOKO-12B B0 step 27300/- nll=11.8666 ppl=142435.8 aux=0.0000 gate=0.005 gn=0.07 moe_cv=0.79 trainable=219.21M lr=2.63e-05 fp8=False nvfp4=False tok=131516416 tok/s=722 mem=41297MiB
CAT-YOKO-12B B0 step 27301/- nll=11.8680 ppl=142632.1 aux=0.0000 gate=0.005 gn=0.08 moe_cv=0.77 trainable=219.21M lr=2.63e-05 fp8=False nvfp4=False tok=131520512 tok/s=720 mem=41297MiB
CAT-YOKO-12B B0 step 27302/- nll=11.8542 ppl=140672.1 aux=0.0000 gate=0.005 gn=0.08 moe_cv=0.77 trainable=219.21M lr=2.63e-05 fp8=False nvfp4=False tok=131524608 tok/s=728 mem=41297MiB
CAT-YOKO-12B B0 step 27303/- nll=11.8732 ppl=143379.3 aux=0.0000 gate=0.005 gn=0.09 moe_cv=0.80 trainable=219.21M lr=2.63e-05 fp8=False nvfp4=False tok=131528704 tok/s=728 mem=41297MiB
CAT-YOKO-12B B0 step 27304/- nll=11.8730 ppl=143336.9 aux=0.0000 gate=0.005 gn=0.27 moe_cv=0.73 trainable=219.21M lr=2.63e-05 fp8=False nvfp4=False tok=131532800 tok/s=729 mem=41297MiB
CAT-YOKO-12B B0 step 27305/- nll=11.8777 ppl=144016.4 aux=0.0000 gate=0.005 gn=0.07 moe_cv=0.77 trainable=219.21M lr=2.63e-05 fp8=False nvfp4=False tok=131536896 tok/s=723 mem=41297MiB
CAT-YOKO-12B B0 step 27306/- nll=11.8885 ppl=145579.4 aux=0.0000 gate=0.005 gn=0.13 moe_cv=0.67 trainable=219.21M lr=2.63e-05 fp8=False nvfp4=False tok=131540992 tok/s=725 mem=41297MiB
CAT-YOKO-12B B0 step 27307/- nll=11.8658 ppl=142321.4 aux=0.0000 gate=0.005 gn=0.13 moe_cv=0.73 trainable=219.21M lr=2.63e-05 fp8=False nvfp4=False tok=131545088 tok/s=723 mem=41297MiB
CAT-YOKO-12B B0 step 27308/- nll=11.8852 ppl=145107.0 aux=0.0000 gate=0.005 gn=0.09 moe_cv=0.80 trainable=219.21M lr=2.63e-05 fp8=False nvfp4=False tok=131549184 tok/s=669 mem=41297MiB
CAT-YOKO-12B B0 step 27309/- nll=11.8601 ppl=141500.7 aux=0.0000 gate=0.005 gn=0.13 moe_cv=0.73 trainable=219.21M lr=2.63e-05 fp8=False nvfp4=False tok=131553280 tok/s=725 mem=41297MiB
CAT-YOKO-12B B0 step 27310/- nll=11.8654 ppl=142265.1 aux=0.0000 gate=0.005 gn=0.08 moe_cv=0.74 trainable=219.21M lr=2.63e-05 fp8=False nvfp4=False tok=131557376 tok/s=725 mem=41297MiB
CAT-YOKO-12B B0 step 27311/- nll=11.8602 ppl=141524.2 aux=0.0000 gate=0.005 gn=0.22 moe_cv=0.77 trainable=219.21M lr=2.63e-05 fp8=False nvfp4=False tok=131561472 tok/s=723 mem=41297MiB
CAT-YOKO-12B B0 step 27312/- nll=11.8764 ppl=143833.0 aux=0.0000 gate=0.005 gn=0.12 moe_cv=0.74 trainable=219.21M lr=2.63e-05 fp8=False nvfp4=False tok=131565568 tok/s=729 mem=41297MiB
CAT-YOKO-12B B0 step 27313/- nll=11.8533 ppl=140552.3 aux=0.0000 gate=0.005 gn=0.09 moe_cv=0.71 trainable=219.21M lr=2.63e-05 fp8=False nvfp4=False tok=131569664 tok/s=728 mem=41297MiB
CAT-YOKO-12B B0 step 27314/- nll=11.9066 ppl=148241.0 aux=0.0000 gate=0.005 gn=0.06 moe_cv=0.66 trainable=219.21M lr=2.63e-05 fp8=False nvfp4=False tok=131573760 tok/s=730 mem=41297MiB
CAT-YOKO-12B B0 step 27315/- nll=11.8690 ppl=142773.0 aux=0.0000 gate=0.005 gn=0.22 moe_cv=0.74 trainable=219.21M lr=2.63e-05 fp8=False nvfp4=False tok=131577856 tok/s=731 mem=41297MiB
CAT-YOKO-12B B0 step 27316/- nll=11.8766 ppl=143867.3 aux=0.0000 gate=0.005 gn=0.08 moe_cv=0.71 trainable=219.21M lr=2.63e-05 fp8=False nvfp4=False tok=131581952 tok/s=728 mem=41297MiB
CAT-YOKO-12B B0 step 27317/- nll=11.8628 ppl=141888.2 aux=0.0000 gate=0.005 gn=0.07 moe_cv=0.71 trainable=219.21M lr=2.63e-05 fp8=False nvfp4=False tok=131586048 tok/s=725 mem=41297MiB
CAT-YOKO-12B B0 step 27318/- nll=11.8605 ppl=141566.0 aux=0.0000 gate=0.005 gn=0.11 moe_cv=0.81 trainable=219.21M lr=2.63e-05 fp8=False nvfp4=False tok=131590144 tok/s=730 mem=41297MiB
CAT-YOKO-12B B0 step 27319/- nll=11.8641 ppl=142078.1 aux=0.0000 gate=0.005 gn=0.08 moe_cv=0.75 trainable=219.21M lr=2.63e-05 fp8=False nvfp4=False tok=131594240 tok/s=728 mem=41297MiB
CAT-YOKO-12B B0 step 27320/- nll=11.8775 ppl=143985.8 aux=0.0000 gate=0.005 gn=0.11 moe_cv=0.72 trainable=219.21M lr=2.63e-05 fp8=False nvfp4=False tok=131598336 tok/s=730 mem=41297MiB
CAT-YOKO-12B B0 step 27321/- nll=11.8637 ppl=142011.3 aux=0.0000 gate=0.005 gn=0.09 moe_cv=0.72 trainable=219.21M lr=2.63e-05 fp8=False nvfp4=False tok=131602432 tok/s=730 mem=41297MiB
CAT-YOKO-12B B0 step 27322/- nll=11.8702 ppl=142939.8 aux=0.0000 gate=0.005 gn=0.07 moe_cv=0.74 trainable=219.21M lr=2.63e-05 fp8=False nvfp4=False tok=131606528 tok/s=730 mem=41297MiB
CAT-YOKO-12B B0 step 27323/- nll=11.8719 ppl=143182.6 aux=0.0000 gate=0.005 gn=0.16 moe_cv=0.75 trainable=219.21M lr=2.63e-05 fp8=False nvfp4=False tok=131610624 tok/s=725 mem=41297MiB
CAT-YOKO-12B B0 step 27324/- nll=11.8568 ppl=141038.5 aux=0.0000 gate=0.005 gn=0.10 moe_cv=0.72 trainable=219.21M lr=2.63e-05 fp8=False nvfp4=False tok=131614720 tok/s=727 mem=41297MiB
CAT-YOKO-12B B0 step 27325/- nll=11.8574 ppl=141119.0 aux=0.0000 gate=0.005 gn=0.08 moe_cv=0.75 trainable=219.21M lr=2.63e-05 fp8=False nvfp4=False tok=131618816 tok/s=721 mem=41297MiB
CAT-YOKO-12B B0 step 27326/- nll=11.8614 ppl=141691.7 aux=0.0000 gate=0.005 gn=0.07 moe_cv=0.79 trainable=219.21M lr=2.63e-05 fp8=False nvfp4=False tok=131622912 tok/s=727 mem=41297MiB
CAT-YOKO-12B B0 step 27327/- nll=11.8692 ppl=142794.9 aux=0.0000 gate=0.005 gn=0.17 moe_cv=0.68 trainable=219.21M lr=2.63e-05 fp8=False nvfp4=False tok=131627008 tok/s=728 mem=41297MiB
CAT-YOKO-12B B0 step 27328/- nll=11.8725 ppl=143270.0 aux=0.0000 gate=0.005 gn=0.41 moe_cv=0.78 trainable=219.21M lr=2.63e-05 fp8=False nvfp4=False tok=131631104 tok/s=728 mem=41297MiB
CAT-YOKO-12B B0 step 27329/- nll=11.8798 ppl=144318.7 aux=0.0000 gate=0.005 gn=0.12 moe_cv=0.81 trainable=219.21M lr=2.63e-05 fp8=False nvfp4=False tok=131635200 tok/s=724 mem=41297MiB
CAT-YOKO-12B B0 step 27330/- nll=11.8661 ppl=142361.2 aux=0.0000 gate=0.005 gn=0.27 moe_cv=0.74 trainable=219.21M lr=2.63e-05 fp8=False nvfp4=False tok=131639296 tok/s=727 mem=41297MiB
CAT-YOKO-12B B0 step 27331/- nll=11.8685 ppl=142705.5 aux=0.0000 gate=0.005 gn=0.21 moe_cv=0.69 trainable=219.21M lr=2.63e-05 fp8=False nvfp4=False tok=131643392 tok/s=720 mem=41297MiB
CAT-YOKO-12B B0 step 27332/- nll=11.8648 ppl=142174.5 aux=0.0000 gate=0.005 gn=0.11 moe_cv=0.71 trainable=219.21M lr=2.63e-05 fp8=False nvfp4=False tok=131647488 tok/s=722 mem=41297MiB
CAT-YOKO-12B B0 step 27333/- nll=11.8688 ppl=142742.9 aux=0.0000 gate=0.005 gn=0.14 moe_cv=0.78 trainable=219.21M lr=2.63e-05 fp8=False nvfp4=False tok=131651584 tok/s=728 mem=41297MiB
CAT-YOKO-12B B0 step 27334/- nll=11.8630 ppl=141913.8 aux=0.0000 gate=0.005 gn=0.07 moe_cv=0.80 trainable=219.21M lr=2.63e-05 fp8=False nvfp4=False tok=131655680 tok/s=721 mem=41297MiB
CAT-YOKO-12B B0 step 27335/- nll=11.8967 ppl=146775.8 aux=0.0000 gate=0.005 gn=0.12 moe_cv=0.76 trainable=219.21M lr=2.63e-05 fp8=False nvfp4=False tok=131659776 tok/s=720 mem=41297MiB
CAT-YOKO-12B B0 step 27336/- nll=11.8699 ppl=142902.9 aux=0.0000 gate=0.005 gn=0.18 moe_cv=0.75 trainable=219.21M lr=2.63e-05 fp8=False nvfp4=False tok=131663872 tok/s=673 mem=41297MiB
CAT-YOKO-12B B0 step 27337/- nll=11.8662 ppl=142374.3 aux=0.0000 gate=0.005 gn=0.12 moe_cv=0.70 trainable=219.21M lr=2.63e-05 fp8=False nvfp4=False tok=131667968 tok/s=726 mem=41297MiB
CAT-YOKO-12B B0 step 27338/- nll=11.8455 ppl=139453.2 aux=0.0000 gate=0.005 gn=0.08 moe_cv=0.72 trainable=219.21M lr=2.63e-05 fp8=False nvfp4=False tok=131672064 tok/s=729 mem=41297MiB
CAT-YOKO-12B B0 step 27339/- nll=11.8536 ppl=140591.3 aux=0.0000 gate=0.005 gn=0.13 moe_cv=0.74 trainable=219.21M lr=2.63e-05 fp8=False nvfp4=False tok=131676160 tok/s=730 mem=41297MiB
CAT-YOKO-12B B0 step 27340/- nll=11.9160 ppl=149638.5 aux=0.0000 gate=0.005 gn=0.09 moe_cv=0.79 trainable=219.21M lr=2.63e-05 fp8=False nvfp4=False tok=131680256 tok/s=728 mem=41297MiB
CAT-YOKO-12B B0 step 27341/- nll=11.8789 ppl=144192.5 aux=0.0000 gate=0.005 gn=0.35 moe_cv=0.73 trainable=219.21M lr=2.63e-05 fp8=False nvfp4=False tok=131684352 tok/s=725 mem=41297MiB
CAT-YOKO-12B B0 step 27342/- nll=11.8666 ppl=142428.5 aux=0.0000 gate=0.005 gn=0.09 moe_cv=0.66 trainable=219.21M lr=2.63e-05 fp8=False nvfp4=False tok=131688448 tok/s=730 mem=41297MiB
CAT-YOKO-12B B0 step 27343/- nll=11.9105 ppl=148825.1 aux=0.0000 gate=0.005 gn=0.09 moe_cv=0.74 trainable=219.21M lr=2.63e-05 fp8=False nvfp4=False tok=131692544 tok/s=727 mem=41297MiB
CAT-YOKO-12B B0 step 27344/- nll=11.8769 ppl=143905.3 aux=0.0000 gate=0.005 gn=0.22 moe_cv=0.77 trainable=219.21M lr=2.63e-05 fp8=False nvfp4=False tok=131696640 tok/s=728 mem=41297MiB
CAT-YOKO-12B B0 step 27345/- nll=11.8653 ppl=142249.1 aux=0.0000 gate=0.005 gn=0.15 moe_cv=0.76 trainable=219.21M lr=2.63e-05 fp8=False nvfp4=False tok=131700736 tok/s=729 mem=41297MiB
CAT-YOKO-12B B0 step 27346/- nll=11.8594 ppl=141402.5 aux=0.0000 gate=0.005 gn=0.13 moe_cv=0.77 trainable=219.21M lr=2.63e-05 fp8=False nvfp4=False tok=131704832 tok/s=727 mem=41297MiB
CAT-YOKO-12B B0 step 27347/- nll=11.8543 ppl=140681.2 aux=0.0000 gate=0.005 gn=0.11 moe_cv=0.77 trainable=219.21M lr=2.63e-05 fp8=False nvfp4=False tok=131708928 tok/s=717 mem=41297MiB
CAT-YOKO-12B B0 step 27348/- nll=11.8711 ppl=143075.4 aux=0.0000 gate=0.005 gn=0.07 moe_cv=0.68 trainable=219.21M lr=2.63e-05 fp8=False nvfp4=False tok=131713024 tok/s=719 mem=41297MiB
CAT-YOKO-12B B0 step 27349/- nll=11.8530 ppl=140502.3 aux=0.0000 gate=0.005 gn=0.10 moe_cv=0.75 trainable=219.21M lr=2.63e-05 fp8=False nvfp4=False tok=131717120 tok/s=721 mem=41297MiB
CAT-YOKO-12B B0 step 27350/- nll=11.8612 ppl=141656.1 aux=0.0000 gate=0.005 gn=0.07 moe_cv=0.75 trainable=219.21M lr=2.63e-05 fp8=False nvfp4=False tok=131721216 tok/s=702 mem=41297MiB
CAT-YOKO-12B B0 step 27351/- nll=11.8763 ppl=143810.5 aux=0.0000 gate=0.005 gn=0.11 moe_cv=0.77 trainable=219.21M lr=2.63e-05 fp8=False nvfp4=False tok=131725312 tok/s=728 mem=41297MiB
CAT-YOKO-12B B0 step 27352/- nll=11.8689 ppl=142756.4 aux=0.0000 gate=0.005 gn=0.17 moe_cv=0.69 trainable=219.21M lr=2.63e-05 fp8=False nvfp4=False tok=131729408 tok/s=722 mem=41297MiB
CAT-YOKO-12B B0 step 27353/- nll=11.8528 ppl=140483.7 aux=0.0000 gate=0.005 gn=0.12 moe_cv=0.80 trainable=219.21M lr=2.63e-05 fp8=False nvfp4=False tok=131733504 tok/s=722 mem=41297MiB
CAT-YOKO-12B B0 step 27354/- nll=11.8735 ppl=143418.5 aux=0.0000 gate=0.005 gn=0.07 moe_cv=0.77 trainable=219.21M lr=2.63e-05 fp8=False nvfp4=False tok=131737600 tok/s=726 mem=41297MiB
CAT-YOKO-12B B0 step 27355/- nll=11.8642 ppl=142086.4 aux=0.0000 gate=0.005 gn=0.06 moe_cv=0.75 trainable=219.21M lr=2.63e-05 fp8=False nvfp4=False tok=131741696 tok/s=716 mem=41297MiB
CAT-YOKO-12B B0 step 27356/- nll=11.8833 ppl=144825.1 aux=0.0000 gate=0.005 gn=0.08 moe_cv=0.72 trainable=219.21M lr=2.63e-05 fp8=False nvfp4=False tok=131745792 tok/s=724 mem=41297MiB
CAT-YOKO-12B B0 step 27357/- nll=11.8697 ppl=142868.4 aux=0.0000 gate=0.005 gn=0.16 moe_cv=0.77 trainable=219.21M lr=2.63e-05 fp8=False nvfp4=False tok=131749888 tok/s=715 mem=41297MiB
CAT-YOKO-12B B0 step 27358/- nll=11.8659 ppl=142329.2 aux=0.0000 gate=0.005 gn=0.19 moe_cv=0.75 trainable=219.21M lr=2.63e-05 fp8=False nvfp4=False tok=131753984 tok/s=722 mem=41297MiB
CAT-YOKO-12B B0 step 27359/- nll=11.8861 ppl=145238.4 aux=0.0000 gate=0.005 gn=0.11 moe_cv=0.67 trainable=219.21M lr=2.64e-05 fp8=False nvfp4=False tok=131758080 tok/s=700 mem=41297MiB
CAT-YOKO-12B B0 step 27360/- nll=11.8671 ppl=142494.9 aux=0.0000 gate=0.005 gn=0.08 moe_cv=0.75 trainable=219.21M lr=2.64e-05 fp8=False nvfp4=False tok=131762176 tok/s=726 mem=41297MiB
CAT-YOKO-12B B0 step 27361/- nll=11.8552 ppl=140813.0 aux=0.0000 gate=0.005 gn=0.12 moe_cv=0.74 trainable=219.21M lr=2.64e-05 fp8=False nvfp4=False tok=131766272 tok/s=725 mem=41297MiB
CAT-YOKO-12B B0 step 27362/- nll=11.8904 ppl=145862.1 aux=0.0000 gate=0.005 gn=0.06 moe_cv=0.79 trainable=219.21M lr=2.64e-05 fp8=False nvfp4=False tok=131770368 tok/s=727 mem=41297MiB
CAT-YOKO-12B B0 step 27363/- nll=11.8505 ppl=140157.2 aux=0.0000 gate=0.005 gn=0.22 moe_cv=0.75 trainable=219.21M lr=2.64e-05 fp8=False nvfp4=False tok=131774464 tok/s=727 mem=41297MiB
CAT-YOKO-12B B0 step 27364/- nll=11.8693 ppl=142817.4 aux=0.0000 gate=0.005 gn=0.12 moe_cv=0.68 trainable=219.21M lr=2.64e-05 fp8=False nvfp4=False tok=131778560 tok/s=663 mem=41297MiB
CAT-YOKO-12B B0 step 27365/- nll=11.8554 ppl=140836.1 aux=0.0000 gate=0.005 gn=0.13 moe_cv=0.72 trainable=219.21M lr=2.64e-05 fp8=False nvfp4=False tok=131782656 tok/s=721 mem=41297MiB
CAT-YOKO-12B B0 step 27366/- nll=11.8748 ppl=143601.4 aux=0.0000 gate=0.005 gn=0.07 moe_cv=0.73 trainable=219.21M lr=2.64e-05 fp8=False nvfp4=False tok=131786752 tok/s=726 mem=41297MiB
CAT-YOKO-12B B0 step 27367/- nll=11.9177 ppl=149893.7 aux=0.0000 gate=0.005 gn=0.08 moe_cv=0.73 trainable=219.21M lr=2.64e-05 fp8=False nvfp4=False tok=131790848 tok/s=725 mem=41297MiB
CAT-YOKO-12B B0 step 27368/- nll=11.8547 ppl=140741.2 aux=0.0000 gate=0.005 gn=0.37 moe_cv=0.75 trainable=219.21M lr=2.64e-05 fp8=False nvfp4=False tok=131794944 tok/s=721 mem=41297MiB
CAT-YOKO-12B B0 step 27369/- nll=11.8751 ppl=143649.8 aux=0.0000 gate=0.005 gn=0.06 moe_cv=0.77 trainable=219.21M lr=2.64e-05 fp8=False nvfp4=False tok=131799040 tok/s=721 mem=41297MiB
CAT-YOKO-12B B0 step 27370/- nll=11.8502 ppl=140117.2 aux=0.0000 gate=0.005 gn=0.07 moe_cv=0.71 trainable=219.21M lr=2.64e-05 fp8=False nvfp4=False tok=131803136 tok/s=724 mem=41297MiB
CAT-YOKO-12B B0 step 27371/- nll=11.8562 ppl=140957.5 aux=0.0000 gate=0.005 gn=0.10 moe_cv=0.79 trainable=219.21M lr=2.64e-05 fp8=False nvfp4=False tok=131807232 tok/s=733 mem=41297MiB
CAT-YOKO-12B B0 step 27372/- nll=11.8708 ppl=143027.9 aux=0.0000 gate=0.005 gn=0.11 moe_cv=0.72 trainable=219.21M lr=2.64e-05 fp8=False nvfp4=False tok=131811328 tok/s=729 mem=41297MiB
CAT-YOKO-12B B0 step 27373/- nll=11.8532 ppl=140536.6 aux=0.0000 gate=0.005 gn=0.16 moe_cv=0.75 trainable=219.21M lr=2.64e-05 fp8=False nvfp4=False tok=131815424 tok/s=733 mem=41297MiB
CAT-YOKO-12B B0 step 27374/- nll=11.8706 ppl=143001.7 aux=0.0000 gate=0.005 gn=0.07 moe_cv=0.69 trainable=219.21M lr=2.64e-05 fp8=False nvfp4=False tok=131819520 tok/s=728 mem=41297MiB
CAT-YOKO-12B B0 step 27375/- nll=11.8626 ppl=141865.6 aux=0.0000 gate=0.005 gn=0.10 moe_cv=0.81 trainable=219.21M lr=2.64e-05 fp8=False nvfp4=False tok=131823616 tok/s=732 mem=41297MiB
CAT-YOKO-12B B0 step 27376/- nll=11.8530 ppl=140504.4 aux=0.0000 gate=0.005 gn=0.06 moe_cv=0.72 trainable=219.21M lr=2.64e-05 fp8=False nvfp4=False tok=131827712 tok/s=731 mem=41297MiB
CAT-YOKO-12B B0 step 27377/- nll=11.8445 ppl=139316.9 aux=0.0000 gate=0.005 gn=0.06 moe_cv=0.73 trainable=219.21M lr=2.64e-05 fp8=False nvfp4=False tok=131831808 tok/s=733 mem=41297MiB
CAT-YOKO-12B B0 step 27378/- nll=11.8719 ppl=143190.5 aux=0.0000 gate=0.005 gn=0.06 moe_cv=0.73 trainable=219.21M lr=2.64e-05 fp8=False nvfp4=False tok=131835904 tok/s=730 mem=41297MiB
CAT-YOKO-12B B0 step 27379/- nll=11.8724 ppl=143263.5 aux=0.0000 gate=0.005 gn=0.10 moe_cv=0.72 trainable=219.21M lr=2.64e-05 fp8=False nvfp4=False tok=131840000 tok/s=723 mem=41297MiB
CAT-YOKO-12B B0 step 27380/- nll=11.8568 ppl=141046.8 aux=0.0000 gate=0.005 gn=0.10 moe_cv=0.70 trainable=219.21M lr=2.64e-05 fp8=False nvfp4=False tok=131844096 tok/s=700 mem=41297MiB
CAT-YOKO-12B B0 step 27381/- nll=11.8501 ppl=140098.8 aux=0.0000 gate=0.005 gn=0.09 moe_cv=0.79 trainable=219.21M lr=2.64e-05 fp8=False nvfp4=False tok=131848192 tok/s=725 mem=41297MiB
CAT-YOKO-12B B0 step 27382/- nll=11.8620 ppl=141780.9 aux=0.0000 gate=0.005 gn=0.06 moe_cv=0.73 trainable=219.21M lr=2.64e-05 fp8=False nvfp4=False tok=131852288 tok/s=725 mem=41297MiB
CAT-YOKO-12B B0 step 27383/- nll=11.8532 ppl=140533.3 aux=0.0000 gate=0.005 gn=0.10 moe_cv=0.75 trainable=219.21M lr=2.64e-05 fp8=False nvfp4=False tok=131856384 tok/s=724 mem=41297MiB
CAT-YOKO-12B B0 step 27384/- nll=11.8647 ppl=142162.7 aux=0.0000 gate=0.005 gn=0.14 moe_cv=0.76 trainable=219.21M lr=2.64e-05 fp8=False nvfp4=False tok=131860480 tok/s=727 mem=41297MiB
CAT-YOKO-12B B0 step 27385/- nll=11.8660 ppl=142340.2 aux=0.0000 gate=0.005 gn=0.13 moe_cv=0.82 trainable=219.21M lr=2.64e-05 fp8=False nvfp4=False tok=131864576 tok/s=725 mem=41297MiB
CAT-YOKO-12B B0 step 27386/- nll=11.8535 ppl=140581.3 aux=0.0000 gate=0.005 gn=0.10 moe_cv=0.74 trainable=219.21M lr=2.64e-05 fp8=False nvfp4=False tok=131868672 tok/s=722 mem=41297MiB
CAT-YOKO-12B B0 step 27387/- nll=11.8596 ppl=141436.5 aux=0.0000 gate=0.005 gn=0.07 moe_cv=0.78 trainable=219.21M lr=2.64e-05 fp8=False nvfp4=False tok=131872768 tok/s=724 mem=41297MiB
CAT-YOKO-12B B0 step 27388/- nll=11.8522 ppl=140392.6 aux=0.0000 gate=0.005 gn=0.10 moe_cv=0.74 trainable=219.21M lr=2.64e-05 fp8=False nvfp4=False tok=131876864 tok/s=728 mem=41297MiB
CAT-YOKO-12B B0 step 27389/- nll=11.8689 ppl=142759.4 aux=0.0000 gate=0.005 gn=0.07 moe_cv=0.72 trainable=219.21M lr=2.64e-05 fp8=False nvfp4=False tok=131880960 tok/s=728 mem=41297MiB
CAT-YOKO-12B B0 step 27390/- nll=11.8862 ppl=145250.1 aux=0.0000 gate=0.005 gn=0.17 moe_cv=0.75 trainable=219.21M lr=2.64e-05 fp8=False nvfp4=False tok=131885056 tok/s=729 mem=41297MiB
CAT-YOKO-12B B0 step 27391/- nll=11.8593 ppl=141386.5 aux=0.0000 gate=0.005 gn=0.31 moe_cv=0.73 trainable=219.21M lr=2.64e-05 fp8=False nvfp4=False tok=131889152 tok/s=723 mem=41297MiB
CAT-YOKO-12B B0 step 27392/- nll=11.8650 ppl=142202.7 aux=0.0000 gate=0.005 gn=0.13 moe_cv=0.83 trainable=219.21M lr=2.64e-05 fp8=False nvfp4=False tok=131893248 tok/s=726 mem=41297MiB
CAT-YOKO-12B B0 step 27393/- nll=11.8733 ppl=143388.3 aux=0.0000 gate=0.005 gn=0.33 moe_cv=0.79 trainable=219.21M lr=2.64e-05 fp8=False nvfp4=False tok=131897344 tok/s=669 mem=41297MiB
CAT-YOKO-12B B0 step 27394/- nll=11.8586 ppl=141297.4 aux=0.0000 gate=0.005 gn=0.23 moe_cv=0.71 trainable=219.21M lr=2.64e-05 fp8=False nvfp4=False tok=131901440 tok/s=727 mem=41297MiB
CAT-YOKO-12B B0 step 27395/- nll=11.8629 ppl=141904.0 aux=0.0000 gate=0.005 gn=0.07 moe_cv=0.75 trainable=219.21M lr=2.64e-05 fp8=False nvfp4=False tok=131905536 tok/s=730 mem=41297MiB
CAT-YOKO-12B B0 step 27396/- nll=11.8490 ppl=139943.8 aux=0.0000 gate=0.005 gn=0.18 moe_cv=0.77 trainable=219.21M lr=2.64e-05 fp8=False nvfp4=False tok=131909632 tok/s=728 mem=41297MiB
CAT-YOKO-12B B0 step 27397/- nll=11.8698 ppl=142879.3 aux=0.0000 gate=0.005 gn=0.09 moe_cv=0.76 trainable=219.21M lr=2.64e-05 fp8=False nvfp4=False tok=131913728 tok/s=722 mem=41297MiB
CAT-YOKO-12B B0 step 27398/- nll=11.8771 ppl=143936.5 aux=0.0000 gate=0.005 gn=0.08 moe_cv=0.73 trainable=219.21M lr=2.64e-05 fp8=False nvfp4=False tok=131917824 tok/s=725 mem=41297MiB
CAT-YOKO-12B B0 step 27399/- nll=11.8738 ppl=143461.5 aux=0.0000 gate=0.005 gn=0.07 moe_cv=0.71 trainable=219.21M lr=2.64e-05 fp8=False nvfp4=False tok=131921920 tok/s=728 mem=41297MiB
CAT-YOKO-12B B0 step 27400/- nll=11.8795 ppl=144274.1 aux=0.0000 gate=0.005 gn=0.08 moe_cv=0.79 trainable=219.21M lr=2.64e-05 fp8=False nvfp4=False tok=131926016 tok/s=725 mem=41297MiB
CAT-YOKO-12B B0 step 27401/- nll=11.8462 ppl=139554.6 aux=0.0000 gate=0.005 gn=0.09 moe_cv=0.76 trainable=219.21M lr=2.64e-05 fp8=False nvfp4=False tok=131930112 tok/s=728 mem=41297MiB
CAT-YOKO-12B B0 step 27402/- nll=11.9074 ppl=148365.9 aux=0.0000 gate=0.005 gn=0.07 moe_cv=0.75 trainable=219.21M lr=2.64e-05 fp8=False nvfp4=False tok=131934208 tok/s=717 mem=41297MiB
CAT-YOKO-12B B0 step 27403/- nll=11.8642 ppl=142085.8 aux=0.0000 gate=0.005 gn=0.21 moe_cv=0.76 trainable=219.21M lr=2.64e-05 fp8=False nvfp4=False tok=131938304 tok/s=729 mem=41297MiB
CAT-YOKO-12B B0 step 27404/- nll=11.8471 ppl=139672.3 aux=0.0000 gate=0.005 gn=0.07 moe_cv=0.77 trainable=219.21M lr=2.64e-05 fp8=False nvfp4=False tok=131942400 tok/s=726 mem=41297MiB
=== B0 Ampere 3090 BF16 2026-09-20T02:44:18Z ===
NVIDIA GeForce RTX 3090, 8.6, 49152 MiB, 0 MiB
Filesystem      Size  Used Avail Use% Mounted on
overlay          30G  400M   30G   2% /
/dev/md0         50G  6.8G   44G  14% /root/autodl-tmp
torch 2.8.0+cu128 cuda 12.8 cap (8, 6)
Hub overlay copy ok sha256=7eebc9a4da78d79be71bbe52881f2a0eaffd899f58ada3a3325f410eca181955 (read-only; will not write this file)
resume (sibling overlay, not Hub) /root/autodl-tmp/b0-3090-bf16
save (new overlay, not Hub) /root/autodl-tmp/b0-3090-bf16
B0 Ampere argv seq=4096 more-steps=unlimited (8e9 envelope) save-every=200 no-nvfp4 zero-3
B0 argv: --config 12b --phase B0 --device cuda --dtype bf16 --seed 0 --save-dir /root/autodl-tmp/b0-3090-bf16 --keep-last 2 --no-save-full --save-trainable --no-save-optim --micro-batch 1 --accum 1 --grad-ckpt --no-offload-encoder --no-offload-blocks --no-optim-cpu --backend deepspeed --zero 3 --zero-offload --zero-offload-param --seq-len 4096 --tokens 8000000000.0 --save-every 200 --log-every 1 --log /root/autodl-tmp/b0-3090-bf16/metrics.jsonl --resume /root/autodl-tmp/b0-3090-bf16 --upcycle-hf /root/autodl-tmp/hf/MiniCPM5-2B-Base --no-nvfp4 --dtype bf16
[transformers] `torch_dtype` is deprecated! Use `dtype` instead!
Loading weights:   0%|          | 0/381 [00:00<?, ?it/s]Loading weights: 100%|██████████| 381/381 [00:00<00:00, 5052.91it/s]
overlay resume /root/autodl-tmp/b0-3090-bf16/trainable_step_27400.pt: 132 tensors ckpt_phase=B0 cli_phase=B0
built CAT-YOKO-12B on cuda:0 dtype=bf16 params=0 alloc=0.09GiB grad_ckpt=True seq=4096 offload_enc=False offload_blocks=False optim_cpu=False adam=ds-cpu zero=3 ds=True zero_offload=True zero_offload_param=True trainable=219.21M reuse=False nvfp4=False nvfp4_n=0 nvfp4_family=other te_linear=False grouped_mm=False te=False te_nvfp4=False return_logits=False sparse=window loss=ce PYTORCH_CUDA_ALLOC_CONF=expandable_segments:True
[2026-09-20 10:45:10,070] [WARNING] [torch_autocast.py:122:autocast_if_enabled] torch.autocast is enabled outside DeepSpeed but disabled within the DeepSpeed engine. If you are using DeepSpeed's built-in mixed precision, the engine will follow the settings in bf16/fp16 section. To use torch's native autocast instead, configure the `torch_autocast` section in the DeepSpeed config.
CAT-YOKO-12B B0 step 27401/- nll=11.8458 ppl=139496.8 aux=0.0000 gate=0.005 gn=0.00 moe_cv=0.76 trainable=219.21M lr=2.64e-05 fp8=False nvfp4=False tok=131930112 tok/s=404 mem=39301MiB
CAT-YOKO-12B B0 step 27402/- nll=11.8607 ppl=141588.6 aux=0.0000 gate=0.005 gn=0.07 moe_cv=0.80 trainable=219.21M lr=2.64e-05 fp8=False nvfp4=False tok=131934208 tok/s=608 mem=41307MiB
CAT-YOKO-12B B0 step 27403/- nll=11.8876 ppl=145450.3 aux=0.0000 gate=0.005 gn=0.07 moe_cv=0.78 trainable=219.21M lr=2.64e-05 fp8=False nvfp4=False tok=131938304 tok/s=663 mem=41307MiB
CAT-YOKO-12B B0 step 27404/- nll=11.8534 ppl=140558.6 aux=0.0000 gate=0.005 gn=0.21 moe_cv=0.77 trainable=219.21M lr=2.64e-05 fp8=False nvfp4=False tok=131942400 tok/s=663 mem=41307MiB
CAT-YOKO-12B B0 step 27405/- nll=11.8493 ppl=139990.6 aux=0.0000 gate=0.005 gn=0.09 moe_cv=0.76 trainable=219.21M lr=2.64e-05 fp8=False nvfp4=False tok=131946496 tok/s=660 mem=41307MiB
CAT-YOKO-12B B0 step 27406/- nll=11.8517 ppl=140326.7 aux=0.0000 gate=0.005 gn=0.07 moe_cv=0.73 trainable=219.21M lr=2.64e-05 fp8=False nvfp4=False tok=131950592 tok/s=655 mem=41307MiB
CAT-YOKO-12B B0 step 27407/- nll=11.8583 ppl=141252.8 aux=0.0000 gate=0.005 gn=0.08 moe_cv=0.79 trainable=219.21M lr=2.64e-05 fp8=False nvfp4=False tok=131954688 tok/s=657 mem=41307MiB
CAT-YOKO-12B B0 step 27408/- nll=11.8788 ppl=144178.3 aux=0.0000 gate=0.005 gn=0.09 moe_cv=0.77 trainable=219.21M lr=2.64e-05 fp8=False nvfp4=False tok=131958784 tok/s=665 mem=41307MiB
CAT-YOKO-12B B0 step 27409/- nll=11.8752 ppl=143658.0 aux=0.0000 gate=0.005 gn=0.16 moe_cv=0.68 trainable=219.21M lr=2.64e-05 fp8=False nvfp4=False tok=131962880 tok/s=619 mem=41307MiB
CAT-YOKO-12B B0 step 27410/- nll=11.8695 ppl=142846.3 aux=0.0000 gate=0.005 gn=0.10 moe_cv=0.72 trainable=219.21M lr=2.64e-05 fp8=False nvfp4=False tok=131966976 tok/s=641 mem=41307MiB
CAT-YOKO-12B B0 step 27411/- nll=11.8645 ppl=142136.8 aux=0.0000 gate=0.005 gn=0.12 moe_cv=0.73 trainable=219.21M lr=2.64e-05 fp8=False nvfp4=False tok=131971072 tok/s=663 mem=41307MiB
CAT-YOKO-12B B0 step 27412/- nll=10.9798 ppl=58674.0 aux=0.0000 gate=0.005 gn=0.14 moe_cv=0.75 trainable=219.21M lr=2.64e-05 fp8=False nvfp4=False tok=131975168 tok/s=668 mem=41307MiB
CAT-YOKO-12B B0 step 27413/- nll=11.8628 ppl=141891.7 aux=0.0000 gate=0.005 gn=2.65 moe_cv=0.74 trainable=219.21M lr=2.64e-05 fp8=False nvfp4=False tok=131979264 tok/s=656 mem=41307MiB
CAT-YOKO-12B B0 step 27414/- nll=11.8818 ppl=144614.5 aux=0.0000 gate=0.005 gn=0.14 moe_cv=0.78 trainable=219.21M lr=2.64e-05 fp8=False nvfp4=False tok=131983360 tok/s=660 mem=41307MiB
CAT-YOKO-12B B0 step 27415/- nll=11.8490 ppl=139945.6 aux=0.0000 gate=0.005 gn=0.09 moe_cv=0.75 trainable=219.21M lr=2.64e-05 fp8=False nvfp4=False tok=131987456 tok/s=684 mem=41307MiB
CAT-YOKO-12B B0 step 27416/- nll=11.8498 ppl=140050.1 aux=0.0000 gate=0.005 gn=0.08 moe_cv=0.71 trainable=219.21M lr=2.64e-05 fp8=False nvfp4=False tok=131991552 tok/s=682 mem=41307MiB
CAT-YOKO-12B B0 step 27417/- nll=11.8620 ppl=141775.5 aux=0.0000 gate=0.005 gn=0.10 moe_cv=0.72 trainable=219.21M lr=2.64e-05 fp8=False nvfp4=False tok=131995648 tok/s=590 mem=41307MiB
CAT-YOKO-12B B0 step 27418/- nll=11.8634 ppl=141980.4 aux=0.0000 gate=0.005 gn=0.11 moe_cv=0.76 trainable=219.21M lr=2.64e-05 fp8=False nvfp4=False tok=131999744 tok/s=656 mem=41307MiB
CAT-YOKO-12B B0 step 27419/- nll=11.9257 ppl=151101.9 aux=0.0000 gate=0.005 gn=0.19 moe_cv=0.73 trainable=219.21M lr=2.64e-05 fp8=False nvfp4=False tok=132003840 tok/s=650 mem=41307MiB
CAT-YOKO-12B B0 step 27420/- nll=10.1703 ppl=26114.7 aux=0.0000 gate=0.005 gn=0.24 moe_cv=0.75 trainable=219.21M lr=2.64e-05 fp8=False nvfp4=False tok=132007936 tok/s=658 mem=41307MiB
CAT-YOKO-12B B0 step 27421/- nll=11.8594 ppl=141407.9 aux=0.0000 gate=0.005 gn=2.04 moe_cv=0.75 trainable=219.21M lr=2.64e-05 fp8=False nvfp4=False tok=132012032 tok/s=653 mem=41307MiB
CAT-YOKO-12B B0 step 27422/- nll=11.8647 ppl=142159.0 aux=0.0000 gate=0.005 gn=0.10 moe_cv=0.76 trainable=219.21M lr=2.64e-05 fp8=False nvfp4=False tok=132016128 tok/s=662 mem=41307MiB
CAT-YOKO-12B B0 step 27423/- nll=11.8670 ppl=142479.1 aux=0.0000 gate=0.005 gn=0.10 moe_cv=0.75 trainable=219.21M lr=2.64e-05 fp8=False nvfp4=False tok=132020224 tok/s=649 mem=41307MiB
CAT-YOKO-12B B0 step 27424/- nll=11.8652 ppl=142235.8 aux=0.0000 gate=0.005 gn=0.10 moe_cv=0.72 trainable=219.21M lr=2.64e-05 fp8=False nvfp4=False tok=132024320 tok/s=662 mem=41307MiB
CAT-YOKO-12B B0 step 27425/- nll=9.8914 ppl=19758.8 aux=0.0000 gate=0.005 gn=0.13 moe_cv=0.78 trainable=219.21M lr=2.64e-05 fp8=False nvfp4=False tok=132028416 tok/s=651 mem=41307MiB
CAT-YOKO-12B B0 step 27426/- nll=11.8876 ppl=145450.3 aux=0.0000 gate=0.005 gn=1.58 moe_cv=0.71 trainable=219.21M lr=2.64e-05 fp8=False nvfp4=False tok=132032512 tok/s=640 mem=41307MiB
CAT-YOKO-12B B0 step 27427/- nll=11.8692 ppl=142804.2 aux=0.0000 gate=0.005 gn=0.17 moe_cv=0.72 trainable=219.21M lr=2.64e-05 fp8=False nvfp4=False tok=132036608 tok/s=627 mem=41307MiB
CAT-YOKO-12B B0 step 27428/- nll=11.8723 ppl=143245.2 aux=0.0000 gate=0.005 gn=0.12 moe_cv=0.73 trainable=219.21M lr=2.64e-05 fp8=False nvfp4=False tok=132040704 tok/s=613 mem=41307MiB
CAT-YOKO-12B B0 step 27429/- nll=11.8692 ppl=142798.2 aux=0.0000 gate=0.005 gn=0.10 moe_cv=0.77 trainable=219.21M lr=2.64e-05 fp8=False nvfp4=False tok=132044800 tok/s=586 mem=41307MiB
CAT-YOKO-12B B0 step 27430/- nll=11.8731 ppl=143357.7 aux=0.0000 gate=0.005 gn=0.09 moe_cv=0.75 trainable=219.21M lr=2.64e-05 fp8=False nvfp4=False tok=132048896 tok/s=643 mem=41307MiB
CAT-YOKO-12B B0 step 27431/- nll=11.8728 ppl=143315.3 aux=0.0000 gate=0.005 gn=0.12 moe_cv=0.77 trainable=219.21M lr=2.64e-05 fp8=False nvfp4=False tok=132052992 tok/s=714 mem=41307MiB
CAT-YOKO-12B B0 step 27432/- nll=11.8763 ppl=143818.4 aux=0.0000 gate=0.005 gn=0.10 moe_cv=0.77 trainable=219.21M lr=2.64e-05 fp8=False nvfp4=False tok=132057088 tok/s=706 mem=41307MiB
CAT-YOKO-12B B0 step 27433/- nll=11.8736 ppl=143435.1 aux=0.0000 gate=0.005 gn=0.12 moe_cv=0.74 trainable=219.21M lr=2.64e-05 fp8=False nvfp4=False tok=132061184 tok/s=713 mem=41307MiB
CAT-YOKO-12B B0 step 27434/- nll=11.8717 ppl=143151.6 aux=0.0000 gate=0.005 gn=0.11 moe_cv=0.76 trainable=219.21M lr=2.64e-05 fp8=False nvfp4=False tok=132065280 tok/s=688 mem=41307MiB
CAT-YOKO-12B B0 step 27435/- nll=11.8901 ppl=145821.8 aux=0.0000 gate=0.005 gn=0.09 moe_cv=0.75 trainable=219.21M lr=2.64e-05 fp8=False nvfp4=False tok=132069376 tok/s=705 mem=41307MiB
CAT-YOKO-12B B0 step 27436/- nll=11.8876 ppl=145449.0 aux=0.0000 gate=0.005 gn=0.16 moe_cv=0.76 trainable=219.21M lr=2.64e-05 fp8=False nvfp4=False tok=132073472 tok/s=630 mem=41307MiB
CAT-YOKO-12B B0 step 27437/- nll=11.9496 ppl=154759.9 aux=0.0000 gate=0.005 gn=0.13 moe_cv=0.74 trainable=219.21M lr=2.64e-05 fp8=False nvfp4=False tok=132077568 tok/s=591 mem=41307MiB
CAT-YOKO-12B B0 step 27438/- nll=11.8682 ppl=142661.1 aux=0.0000 gate=0.005 gn=0.20 moe_cv=0.76 trainable=219.21M lr=2.64e-05 fp8=False nvfp4=False tok=132081664 tok/s=581 mem=41307MiB
CAT-YOKO-12B B0 step 27439/- nll=11.8671 ppl=142506.5 aux=0.0000 gate=0.005 gn=0.09 moe_cv=0.78 trainable=219.21M lr=2.64e-05 fp8=False nvfp4=False tok=132085760 tok/s=603 mem=41307MiB
CAT-YOKO-12B B0 step 27440/- nll=11.8864 ppl=145274.2 aux=0.0000 gate=0.005 gn=0.12 moe_cv=0.72 trainable=219.21M lr=2.64e-05 fp8=False nvfp4=False tok=132089856 tok/s=608 mem=41307MiB
CAT-YOKO-12B B0 step 27441/- nll=11.8990 ppl=147119.5 aux=0.0000 gate=0.005 gn=0.12 moe_cv=0.71 trainable=219.21M lr=2.64e-05 fp8=False nvfp4=False tok=132093952 tok/s=588 mem=41307MiB
CAT-YOKO-12B B0 step 27442/- nll=11.8663 ppl=142385.0 aux=0.0000 gate=0.005 gn=0.25 moe_cv=0.73 trainable=219.21M lr=2.64e-05 fp8=False nvfp4=False tok=132098048 tok/s=612 mem=41307MiB
CAT-YOKO-12B B0 step 27443/- nll=11.8790 ppl=144201.4 aux=0.0000 gate=0.005 gn=0.07 moe_cv=0.70 trainable=219.21M lr=2.64e-05 fp8=False nvfp4=False tok=132102144 tok/s=617 mem=41307MiB
CAT-YOKO-12B B0 step 27444/- nll=11.8628 ppl=141894.7 aux=0.0000 gate=0.005 gn=0.08 moe_cv=0.75 trainable=219.21M lr=2.64e-05 fp8=False nvfp4=False tok=132106240 tok/s=611 mem=41307MiB
CAT-YOKO-12B B0 step 27445/- nll=11.8766 ppl=143867.5 aux=0.0000 gate=0.005 gn=0.08 moe_cv=0.69 trainable=219.21M lr=2.64e-05 fp8=False nvfp4=False tok=132110336 tok/s=606 mem=41307MiB
CAT-YOKO-12B B0 step 27446/- nll=11.8850 ppl=145068.7 aux=0.0000 gate=0.005 gn=0.07 moe_cv=0.69 trainable=219.21M lr=2.64e-05 fp8=False nvfp4=False tok=132114432 tok/s=514 mem=41307MiB
CAT-YOKO-12B B0 step 27447/- nll=11.8653 ppl=142243.7 aux=0.0000 gate=0.005 gn=0.08 moe_cv=0.68 trainable=219.21M lr=2.64e-05 fp8=False nvfp4=False tok=132118528 tok/s=601 mem=41307MiB
CAT-YOKO-12B B0 step 27448/- nll=11.9117 ppl=148992.8 aux=0.0000 gate=0.005 gn=0.10 moe_cv=0.73 trainable=219.21M lr=2.64e-05 fp8=False nvfp4=False tok=132122624 tok/s=613 mem=41307MiB
CAT-YOKO-12B B0 step 27449/- nll=11.8580 ppl=141203.8 aux=0.0000 gate=0.005 gn=0.08 moe_cv=0.76 trainable=219.21M lr=2.64e-05 fp8=False nvfp4=False tok=132126720 tok/s=635 mem=41307MiB
CAT-YOKO-12B B0 step 27450/- nll=11.8758 ppl=143747.5 aux=0.0000 gate=0.005 gn=0.10 moe_cv=0.79 trainable=219.21M lr=2.64e-05 fp8=False nvfp4=False tok=132130816 tok/s=643 mem=41307MiB
CAT-YOKO-12B B0 step 27451/- nll=11.8639 ppl=142051.7 aux=0.0000 gate=0.005 gn=0.09 moe_cv=0.75 trainable=219.21M lr=2.64e-05 fp8=False nvfp4=False tok=132134912 tok/s=672 mem=41307MiB
CAT-YOKO-12B B0 step 27452/- nll=11.8706 ppl=142994.4 aux=0.0000 gate=0.005 gn=0.08 moe_cv=0.76 trainable=219.21M lr=2.64e-05 fp8=False nvfp4=False tok=132139008 tok/s=689 mem=41307MiB
CAT-YOKO-12B B0 step 27453/- nll=11.8677 ppl=142583.0 aux=0.0000 gate=0.005 gn=0.07 moe_cv=0.81 trainable=219.21M lr=2.64e-05 fp8=False nvfp4=False tok=132143104 tok/s=717 mem=41307MiB
CAT-YOKO-12B B0 step 27454/- nll=11.8652 ppl=142234.7 aux=0.0000 gate=0.005 gn=0.08 moe_cv=0.74 trainable=219.21M lr=2.64e-05 fp8=False nvfp4=False tok=132147200 tok/s=708 mem=41307MiB
CAT-YOKO-12B B0 step 27455/- nll=11.8714 ppl=143110.9 aux=0.0000 gate=0.005 gn=0.10 moe_cv=0.77 trainable=219.21M lr=2.64e-05 fp8=False nvfp4=False tok=132151296 tok/s=712 mem=41307MiB
CAT-YOKO-12B B0 step 27456/- nll=11.9352 ppl=152547.8 aux=0.0000 gate=0.005 gn=0.11 moe_cv=0.77 trainable=219.21M lr=2.64e-05 fp8=False nvfp4=False tok=132155392 tok/s=708 mem=41307MiB
CAT-YOKO-12B B0 step 27457/- nll=11.8704 ppl=142964.8 aux=0.0000 gate=0.005 gn=0.33 moe_cv=0.78 trainable=219.21M lr=2.64e-05 fp8=False nvfp4=False tok=132159488 tok/s=688 mem=41307MiB
CAT-YOKO-12B B0 step 27458/- nll=11.8615 ppl=141701.1 aux=0.0000 gate=0.005 gn=0.25 moe_cv=0.76 trainable=219.21M lr=2.64e-05 fp8=False nvfp4=False tok=132163584 tok/s=627 mem=41307MiB
CAT-YOKO-12B B0 step 27459/- nll=11.8572 ppl=141091.6 aux=0.0000 gate=0.005 gn=0.14 moe_cv=0.79 trainable=219.21M lr=2.64e-05 fp8=False nvfp4=False tok=132167680 tok/s=628 mem=41307MiB
CAT-YOKO-12B B0 step 27460/- nll=11.8493 ppl=139987.0 aux=0.0000 gate=0.005 gn=0.08 moe_cv=0.74 trainable=219.21M lr=2.64e-05 fp8=False nvfp4=False tok=132171776 tok/s=635 mem=41307MiB
CAT-YOKO-12B B0 step 27461/- nll=11.8597 ppl=141455.9 aux=0.0000 gate=0.005 gn=0.13 moe_cv=0.74 trainable=219.21M lr=2.64e-05 fp8=False nvfp4=False tok=132175872 tok/s=631 mem=41307MiB
CAT-YOKO-12B B0 step 27462/- nll=11.8608 ppl=141610.9 aux=0.0000 gate=0.005 gn=0.14 moe_cv=0.70 trainable=219.21M lr=2.64e-05 fp8=False nvfp4=False tok=132179968 tok/s=637 mem=41307MiB
CAT-YOKO-12B B0 step 27463/- nll=11.8997 ppl=147226.6 aux=0.0000 gate=0.005 gn=0.08 moe_cv=0.72 trainable=219.21M lr=2.64e-05 fp8=False nvfp4=False tok=132184064 tok/s=632 mem=41307MiB
CAT-YOKO-12B B0 step 27464/- nll=11.8681 ppl=142636.2 aux=0.0000 gate=0.005 gn=0.21 moe_cv=0.77 trainable=219.21M lr=2.64e-05 fp8=False nvfp4=False tok=132188160 tok/s=634 mem=41307MiB
CAT-YOKO-12B B0 step 27465/- nll=11.8773 ppl=143956.2 aux=0.0000 gate=0.005 gn=0.08 moe_cv=0.76 trainable=219.21M lr=2.64e-05 fp8=False nvfp4=False tok=132192256 tok/s=633 mem=41307MiB
CAT-YOKO-12B B0 step 27466/- nll=11.8490 ppl=139941.0 aux=0.0000 gate=0.005 gn=0.15 moe_cv=0.76 trainable=219.21M lr=2.64e-05 fp8=False nvfp4=False tok=132196352 tok/s=635 mem=41307MiB
CAT-YOKO-12B B0 step 27467/- nll=11.8602 ppl=141521.2 aux=0.0000 gate=0.005 gn=0.07 moe_cv=0.75 trainable=219.21M lr=2.64e-05 fp8=False nvfp4=False tok=132200448 tok/s=608 mem=41307MiB
CAT-YOKO-12B B0 step 27468/- nll=11.8582 ppl=141242.6 aux=0.0000 gate=0.005 gn=0.07 moe_cv=0.73 trainable=219.21M lr=2.64e-05 fp8=False nvfp4=False tok=132204544 tok/s=613 mem=41307MiB
CAT-YOKO-12B B0 step 27469/- nll=11.8714 ppl=143110.4 aux=0.0000 gate=0.005 gn=0.10 moe_cv=0.74 trainable=219.21M lr=2.64e-05 fp8=False nvfp4=False tok=132208640 tok/s=589 mem=41307MiB
CAT-YOKO-12B B0 step 27470/- nll=11.8578 ppl=141182.2 aux=0.0000 gate=0.005 gn=0.13 moe_cv=0.76 trainable=219.21M lr=2.64e-05 fp8=False nvfp4=False tok=132212736 tok/s=600 mem=41307MiB
CAT-YOKO-12B B0 step 27471/- nll=11.8751 ppl=143650.1 aux=0.0000 gate=0.005 gn=0.13 moe_cv=0.71 trainable=219.21M lr=2.64e-05 fp8=False nvfp4=False tok=132216832 tok/s=610 mem=41307MiB
CAT-YOKO-12B B0 step 27472/- nll=11.8674 ppl=142546.4 aux=0.0000 gate=0.005 gn=0.31 moe_cv=0.81 trainable=219.21M lr=2.64e-05 fp8=False nvfp4=False tok=132220928 tok/s=611 mem=41307MiB
CAT-YOKO-12B B0 step 27473/- nll=10.2907 ppl=29456.4 aux=0.0000 gate=0.005 gn=0.11 moe_cv=0.82 trainable=219.21M lr=2.64e-05 fp8=False nvfp4=False tok=132225024 tok/s=570 mem=41307MiB
CAT-YOKO-12B B0 step 27474/- nll=11.8486 ppl=139891.1 aux=0.0000 gate=0.005 gn=2.41 moe_cv=0.79 trainable=219.21M lr=2.64e-05 fp8=False nvfp4=False tok=132229120 tok/s=582 mem=41307MiB
CAT-YOKO-12B B0 step 27475/- nll=11.8680 ppl=142630.6 aux=0.0000 gate=0.005 gn=0.07 moe_cv=0.70 trainable=219.21M lr=2.64e-05 fp8=False nvfp4=False tok=132233216 tok/s=705 mem=41307MiB
CAT-YOKO-12B B0 step 27476/- nll=11.8681 ppl=142636.8 aux=0.0000 gate=0.005 gn=0.14 moe_cv=0.77 trainable=219.21M lr=2.64e-05 fp8=False nvfp4=False tok=132237312 tok/s=714 mem=41307MiB
CAT-YOKO-12B B0 step 27477/- nll=11.8591 ppl=141358.8 aux=0.0000 gate=0.005 gn=0.13 moe_cv=0.78 trainable=219.21M lr=2.64e-05 fp8=False nvfp4=False tok=132241408 tok/s=709 mem=41307MiB
CAT-YOKO-12B B0 step 27478/- nll=11.8755 ppl=143701.0 aux=0.0000 gate=0.005 gn=0.09 moe_cv=0.81 trainable=219.21M lr=2.64e-05 fp8=False nvfp4=False tok=132245504 tok/s=717 mem=41307MiB
CAT-YOKO-12B B0 step 27479/- nll=11.8764 ppl=143838.7 aux=0.0000 gate=0.005 gn=0.12 moe_cv=0.68 trainable=219.21M lr=2.64e-05 fp8=False nvfp4=False tok=132249600 tok/s=709 mem=41307MiB
CAT-YOKO-12B B0 step 27480/- nll=11.8732 ppl=143377.2 aux=0.0000 gate=0.005 gn=0.09 moe_cv=0.76 trainable=219.21M lr=2.64e-05 fp8=False nvfp4=False tok=132253696 tok/s=636 mem=41307MiB
CAT-YOKO-12B B0 step 27481/- nll=11.8894 ppl=145717.5 aux=0.0000 gate=0.005 gn=0.16 moe_cv=0.72 trainable=219.21M lr=2.65e-05 fp8=False nvfp4=False tok=132257792 tok/s=621 mem=41307MiB
CAT-YOKO-12B B0 step 27482/- nll=11.8601 ppl=141512.0 aux=0.0000 gate=0.005 gn=0.14 moe_cv=0.73 trainable=219.21M lr=2.65e-05 fp8=False nvfp4=False tok=132261888 tok/s=579 mem=41307MiB
CAT-YOKO-12B B0 step 27483/- nll=11.8713 ppl=143100.4 aux=0.0000 gate=0.005 gn=0.16 moe_cv=0.76 trainable=219.21M lr=2.65e-05 fp8=False nvfp4=False tok=132265984 tok/s=611 mem=41307MiB
CAT-YOKO-12B B0 step 27484/- nll=11.8683 ppl=142673.1 aux=0.0000 gate=0.005 gn=0.15 moe_cv=0.70 trainable=219.21M lr=2.65e-05 fp8=False nvfp4=False tok=132270080 tok/s=646 mem=41307MiB
CAT-YOKO-12B B0 step 27485/- nll=11.8798 ppl=144316.7 aux=0.0000 gate=0.005 gn=0.16 moe_cv=0.74 trainable=219.21M lr=2.65e-05 fp8=False nvfp4=False tok=132274176 tok/s=642 mem=41307MiB
CAT-YOKO-12B B0 step 27486/- nll=11.8992 ppl=147142.8 aux=0.0000 gate=0.005 gn=0.13 moe_cv=0.80 trainable=219.21M lr=2.65e-05 fp8=False nvfp4=False tok=132278272 tok/s=638 mem=41307MiB
CAT-YOKO-12B B0 step 27487/- nll=11.8525 ppl=140436.6 aux=0.0000 gate=0.005 gn=0.12 moe_cv=0.76 trainable=219.21M lr=2.65e-05 fp8=False nvfp4=False tok=132282368 tok/s=612 mem=41307MiB
CAT-YOKO-12B B0 step 27488/- nll=11.8667 ppl=142446.3 aux=0.0000 gate=0.005 gn=0.13 moe_cv=0.71 trainable=219.21M lr=2.65e-05 fp8=False nvfp4=False tok=132286464 tok/s=605 mem=41307MiB
CAT-YOKO-12B B0 step 27489/- nll=11.8757 ppl=143734.5 aux=0.0000 gate=0.005 gn=0.10 moe_cv=0.73 trainable=219.21M lr=2.65e-05 fp8=False nvfp4=False tok=132290560 tok/s=597 mem=41307MiB
CAT-YOKO-12B B0 step 27490/- nll=11.8483 ppl=139840.7 aux=0.0000 gate=0.005 gn=0.16 moe_cv=0.75 trainable=219.21M lr=2.65e-05 fp8=False nvfp4=False tok=132294656 tok/s=612 mem=41307MiB
CAT-YOKO-12B B0 step 27491/- nll=11.8756 ppl=143723.0 aux=0.0000 gate=0.005 gn=0.07 moe_cv=0.71 trainable=219.21M lr=2.65e-05 fp8=False nvfp4=False tok=132298752 tok/s=608 mem=41307MiB
CAT-YOKO-12B B0 step 27492/- nll=11.8557 ppl=140891.2 aux=0.0000 gate=0.005 gn=0.16 moe_cv=0.75 trainable=219.21M lr=2.65e-05 fp8=False nvfp4=False tok=132302848 tok/s=573 mem=41307MiB
CAT-YOKO-12B B0 step 27493/- nll=11.8635 ppl=141991.5 aux=0.0000 gate=0.005 gn=0.10 moe_cv=0.79 trainable=219.21M lr=2.65e-05 fp8=False nvfp4=False tok=132306944 tok/s=618 mem=41307MiB
CAT-YOKO-12B B0 step 27494/- nll=11.8714 ppl=143108.7 aux=0.0000 gate=0.005 gn=0.08 moe_cv=0.69 trainable=219.21M lr=2.65e-05 fp8=False nvfp4=False tok=132311040 tok/s=601 mem=41307MiB
CAT-YOKO-12B B0 step 27495/- nll=11.8527 ppl=140464.6 aux=0.0000 gate=0.005 gn=0.10 moe_cv=0.77 trainable=219.21M lr=2.65e-05 fp8=False nvfp4=False tok=132315136 tok/s=603 mem=41307MiB
CAT-YOKO-12B B0 step 27496/- nll=11.8668 ppl=142453.9 aux=0.0000 gate=0.005 gn=0.14 moe_cv=0.70 trainable=219.21M lr=2.65e-05 fp8=False nvfp4=False tok=132319232 tok/s=677 mem=41307MiB
CAT-YOKO-12B B0 step 27497/- nll=11.8726 ppl=143283.8 aux=0.0000 gate=0.005 gn=0.08 moe_cv=0.74 trainable=219.21M lr=2.65e-05 fp8=False nvfp4=False tok=132323328 tok/s=711 mem=41307MiB
CAT-YOKO-12B B0 step 27498/- nll=11.8608 ppl=141605.5 aux=0.0000 gate=0.005 gn=0.11 moe_cv=0.74 trainable=219.21M lr=2.65e-05 fp8=False nvfp4=False tok=132327424 tok/s=708 mem=41307MiB
CAT-YOKO-12B B0 step 27499/- nll=11.8674 ppl=142536.2 aux=0.0000 gate=0.005 gn=0.09 moe_cv=0.74 trainable=219.21M lr=2.65e-05 fp8=False nvfp4=False tok=132331520 tok/s=704 mem=41307MiB
CAT-YOKO-12B B0 step 27500/- nll=11.8516 ppl=140315.4 aux=0.0000 gate=0.005 gn=0.11 moe_cv=0.70 trainable=219.21M lr=2.65e-05 fp8=False nvfp4=False tok=132335616 tok/s=716 mem=41307MiB
CAT-YOKO-12B B0 step 27501/- nll=11.8496 ppl=140028.8 aux=0.0000 gate=0.005 gn=0.08 moe_cv=0.75 trainable=219.21M lr=2.65e-05 fp8=False nvfp4=False tok=132339712 tok/s=714 mem=41307MiB
CAT-YOKO-12B B0 step 27502/- nll=11.8499 ppl=140071.8 aux=0.0000 gate=0.005 gn=0.13 moe_cv=0.70 trainable=219.21M lr=2.65e-05 fp8=False nvfp4=False tok=132343808 tok/s=617 mem=41307MiB
CAT-YOKO-12B B0 step 27503/- nll=11.8508 ppl=140191.6 aux=0.0000 gate=0.005 gn=0.10 moe_cv=0.75 trainable=219.21M lr=2.65e-05 fp8=False nvfp4=False tok=132347904 tok/s=598 mem=41307MiB
CAT-YOKO-12B B0 step 27504/- nll=11.8544 ppl=140708.7 aux=0.0000 gate=0.005 gn=0.11 moe_cv=0.75 trainable=219.21M lr=2.65e-05 fp8=False nvfp4=False tok=132352000 tok/s=537 mem=41307MiB
CAT-YOKO-12B B0 step 27505/- nll=11.8670 ppl=142490.3 aux=0.0000 gate=0.005 gn=0.08 moe_cv=0.71 trainable=219.21M lr=2.65e-05 fp8=False nvfp4=False tok=132356096 tok/s=612 mem=41307MiB
CAT-YOKO-12B B0 step 27506/- nll=11.8722 ppl=143222.6 aux=0.0000 gate=0.005 gn=0.14 moe_cv=0.72 trainable=219.21M lr=2.65e-05 fp8=False nvfp4=False tok=132360192 tok/s=601 mem=41307MiB
CAT-YOKO-12B B0 step 27507/- nll=11.8990 ppl=147120.3 aux=0.0000 gate=0.005 gn=0.19 moe_cv=0.73 trainable=219.21M lr=2.65e-05 fp8=False nvfp4=False tok=132364288 tok/s=599 mem=41307MiB
CAT-YOKO-12B B0 step 27508/- nll=11.8537 ppl=140598.1 aux=0.0000 gate=0.005 gn=0.25 moe_cv=0.74 trainable=219.21M lr=2.65e-05 fp8=False nvfp4=False tok=132368384 tok/s=603 mem=41307MiB
CAT-YOKO-12B B0 step 27509/- nll=11.8516 ppl=140301.8 aux=0.0000 gate=0.005 gn=0.10 moe_cv=0.78 trainable=219.21M lr=2.65e-05 fp8=False nvfp4=False tok=132372480 tok/s=648 mem=41307MiB
CAT-YOKO-12B B0 step 27510/- nll=11.8571 ppl=141077.2 aux=0.0000 gate=0.005 gn=0.07 moe_cv=0.76 trainable=219.21M lr=2.65e-05 fp8=False nvfp4=False tok=132376576 tok/s=620 mem=41307MiB
CAT-YOKO-12B B0 step 27511/- nll=11.8431 ppl=139125.8 aux=0.0000 gate=0.005 gn=0.09 moe_cv=0.77 trainable=219.21M lr=2.65e-05 fp8=False nvfp4=False tok=132380672 tok/s=645 mem=41307MiB
CAT-YOKO-12B B0 step 27512/- nll=11.8485 ppl=139875.9 aux=0.0000 gate=0.005 gn=0.09 moe_cv=0.76 trainable=219.21M lr=2.65e-05 fp8=False nvfp4=False tok=132384768 tok/s=639 mem=41307MiB
CAT-YOKO-12B B0 step 27513/- nll=11.8488 ppl=139921.4 aux=0.0000 gate=0.005 gn=0.07 moe_cv=0.70 trainable=219.21M lr=2.65e-05 fp8=False nvfp4=False tok=132388864 tok/s=652 mem=41307MiB
CAT-YOKO-12B B0 step 27514/- nll=11.8512 ppl=140246.1 aux=0.0000 gate=0.005 gn=0.10 moe_cv=0.71 trainable=219.21M lr=2.65e-05 fp8=False nvfp4=False tok=132392960 tok/s=654 mem=41307MiB
CAT-YOKO-12B B0 step 27515/- nll=11.8550 ppl=140783.4 aux=0.0000 gate=0.005 gn=0.06 moe_cv=0.80 trainable=219.21M lr=2.65e-05 fp8=False nvfp4=False tok=132397056 tok/s=646 mem=41307MiB
CAT-YOKO-12B B0 step 27516/- nll=11.8501 ppl=140095.3 aux=0.0000 gate=0.005 gn=0.09 moe_cv=0.73 trainable=219.21M lr=2.65e-05 fp8=False nvfp4=False tok=132401152 tok/s=649 mem=41307MiB
CAT-YOKO-12B B0 step 27517/- nll=11.8463 ppl=139566.8 aux=0.0000 gate=0.005 gn=0.07 moe_cv=0.76 trainable=219.21M lr=2.65e-05 fp8=False nvfp4=False tok=132405248 tok/s=648 mem=41307MiB
CAT-YOKO-12B B0 step 27518/- nll=11.8439 ppl=139238.4 aux=0.0000 gate=0.005 gn=0.07 moe_cv=0.77 trainable=219.21M lr=2.65e-05 fp8=False nvfp4=False tok=132409344 tok/s=626 mem=41307MiB
CAT-YOKO-12B B0 step 27519/- nll=11.8664 ppl=142405.5 aux=0.0000 gate=0.005 gn=0.10 moe_cv=0.76 trainable=219.21M lr=2.65e-05 fp8=False nvfp4=False tok=132413440 tok/s=657 mem=41307MiB
CAT-YOKO-12B B0 step 27520/- nll=11.8546 ppl=140736.6 aux=0.0000 gate=0.005 gn=0.07 moe_cv=0.77 trainable=219.21M lr=2.65e-05 fp8=False nvfp4=False tok=132417536 tok/s=685 mem=41307MiB
CAT-YOKO-12B B0 step 27521/- nll=11.8399 ppl=138679.3 aux=0.0000 gate=0.005 gn=0.11 moe_cv=0.74 trainable=219.21M lr=2.65e-05 fp8=False nvfp4=False tok=132421632 tok/s=717 mem=41307MiB
CAT-YOKO-12B B0 step 27522/- nll=11.8550 ppl=140792.2 aux=0.0000 gate=0.005 gn=0.09 moe_cv=0.74 trainable=219.21M lr=2.65e-05 fp8=False nvfp4=False tok=132425728 tok/s=723 mem=41307MiB
CAT-YOKO-12B B0 step 27523/- nll=11.8555 ppl=140862.1 aux=0.0000 gate=0.005 gn=0.11 moe_cv=0.73 trainable=219.21M lr=2.65e-05 fp8=False nvfp4=False tok=132429824 tok/s=715 mem=41307MiB
CAT-YOKO-12B B0 step 27524/- nll=11.8382 ppl=138436.6 aux=0.0000 gate=0.005 gn=0.10 moe_cv=0.75 trainable=219.21M lr=2.65e-05 fp8=False nvfp4=False tok=132433920 tok/s=715 mem=41307MiB
CAT-YOKO-12B B0 step 27525/- nll=11.8434 ppl=139160.3 aux=0.0000 gate=0.005 gn=0.09 moe_cv=0.77 trainable=219.21M lr=2.65e-05 fp8=False nvfp4=False tok=132438016 tok/s=718 mem=41307MiB
CAT-YOKO-12B B0 step 27526/- nll=11.8400 ppl=138693.8 aux=0.0000 gate=0.005 gn=0.06 moe_cv=0.76 trainable=219.21M lr=2.65e-05 fp8=False nvfp4=False tok=132442112 tok/s=693 mem=41307MiB
CAT-YOKO-12B B0 step 27527/- nll=11.8443 ppl=139282.5 aux=0.0000 gate=0.005 gn=0.07 moe_cv=0.76 trainable=219.21M lr=2.65e-05 fp8=False nvfp4=False tok=132446208 tok/s=662 mem=41307MiB
CAT-YOKO-12B B0 step 27528/- nll=11.8524 ppl=140420.4 aux=0.0000 gate=0.005 gn=0.09 moe_cv=0.74 trainable=219.21M lr=2.65e-05 fp8=False nvfp4=False tok=132450304 tok/s=653 mem=41307MiB
CAT-YOKO-12B B0 step 27529/- nll=11.8862 ppl=145241.5 aux=0.0000 gate=0.005 gn=0.15 moe_cv=0.67 trainable=219.21M lr=2.65e-05 fp8=False nvfp4=False tok=132454400 tok/s=650 mem=41307MiB
CAT-YOKO-12B B0 step 27530/- nll=11.8509 ppl=140204.5 aux=0.0000 gate=0.005 gn=0.09 moe_cv=0.77 trainable=219.21M lr=2.65e-05 fp8=False nvfp4=False tok=132458496 tok/s=652 mem=41307MiB
CAT-YOKO-12B B0 step 27531/- nll=11.8604 ppl=141552.5 aux=0.0000 gate=0.005 gn=0.11 moe_cv=0.80 trainable=219.21M lr=2.65e-05 fp8=False nvfp4=False tok=132462592 tok/s=645 mem=41307MiB
CAT-YOKO-12B B0 step 27532/- nll=11.8556 ppl=140867.4 aux=0.0000 gate=0.005 gn=0.08 moe_cv=0.71 trainable=219.21M lr=2.65e-05 fp8=False nvfp4=False tok=132466688 tok/s=564 mem=41307MiB
CAT-YOKO-12B B0 step 27533/- nll=11.8576 ppl=141158.7 aux=0.0000 gate=0.005 gn=0.15 moe_cv=0.79 trainable=219.21M lr=2.65e-05 fp8=False nvfp4=False tok=132470784 tok/s=652 mem=41307MiB
CAT-YOKO-12B B0 step 27534/- nll=11.8804 ppl=144413.7 aux=0.0000 gate=0.005 gn=0.13 moe_cv=0.73 trainable=219.21M lr=2.65e-05 fp8=False nvfp4=False tok=132474880 tok/s=645 mem=41307MiB
CAT-YOKO-12B B0 step 27535/- nll=11.8486 ppl=139884.8 aux=0.0000 gate=0.005 gn=0.08 moe_cv=0.77 trainable=219.21M lr=2.65e-05 fp8=False nvfp4=False tok=132478976 tok/s=647 mem=41307MiB
CAT-YOKO-12B B0 step 27536/- nll=11.8595 ppl=141415.5 aux=0.0000 gate=0.005 gn=0.08 moe_cv=0.81 trainable=219.21M lr=2.65e-05 fp8=False nvfp4=False tok=132483072 tok/s=643 mem=41307MiB
CAT-YOKO-12B B0 step 27537/- nll=11.8474 ppl=139725.5 aux=0.0000 gate=0.005 gn=0.18 moe_cv=0.81 trainable=219.21M lr=2.65e-05 fp8=False nvfp4=False tok=132487168 tok/s=646 mem=41307MiB
CAT-YOKO-12B B0 step 27538/- nll=11.8470 ppl=139668.6 aux=0.0000 gate=0.005 gn=0.11 moe_cv=0.78 trainable=219.21M lr=2.65e-05 fp8=False nvfp4=False tok=132491264 tok/s=649 mem=41307MiB
CAT-YOKO-12B B0 step 27539/- nll=11.8544 ppl=140700.4 aux=0.0000 gate=0.005 gn=0.12 moe_cv=0.72 trainable=219.21M lr=2.65e-05 fp8=False nvfp4=False tok=132495360 tok/s=646 mem=41307MiB
CAT-YOKO-12B B0 step 27540/- nll=11.8719 ppl=143184.8 aux=0.0000 gate=0.005 gn=0.13 moe_cv=0.79 trainable=219.21M lr=2.65e-05 fp8=False nvfp4=False tok=132499456 tok/s=658 mem=41307MiB
CAT-YOKO-12B B0 step 27541/- nll=11.8539 ppl=140626.9 aux=0.0000 gate=0.005 gn=0.09 moe_cv=0.71 trainable=219.21M lr=2.65e-05 fp8=False nvfp4=False tok=132503552 tok/s=639 mem=41307MiB
CAT-YOKO-12B B0 step 27542/- nll=11.8549 ppl=140776.9 aux=0.0000 gate=0.005 gn=0.08 moe_cv=0.75 trainable=219.21M lr=2.65e-05 fp8=False nvfp4=False tok=132507648 tok/s=654 mem=41307MiB
CAT-YOKO-12B B0 step 27543/- nll=11.8660 ppl=142347.4 aux=0.0000 gate=0.005 gn=0.07 moe_cv=0.80 trainable=219.21M lr=2.65e-05 fp8=False nvfp4=False tok=132511744 tok/s=649 mem=41307MiB
CAT-YOKO-12B B0 step 27544/- nll=11.8516 ppl=140301.9 aux=0.0000 gate=0.005 gn=0.09 moe_cv=0.76 trainable=219.21M lr=2.65e-05 fp8=False nvfp4=False tok=132515840 tok/s=655 mem=41307MiB
CAT-YOKO-12B B0 step 27545/- nll=11.8326 ppl=137673.2 aux=0.0000 gate=0.005 gn=0.07 moe_cv=0.75 trainable=219.21M lr=2.65e-05 fp8=False nvfp4=False tok=132519936 tok/s=645 mem=41307MiB
CAT-YOKO-12B B0 step 27546/- nll=11.8528 ppl=140479.4 aux=0.0000 gate=0.005 gn=0.07 moe_cv=0.75 trainable=219.21M lr=2.65e-05 fp8=False nvfp4=False tok=132524032 tok/s=650 mem=41307MiB
CAT-YOKO-12B B0 step 27547/- nll=11.8513 ppl=140260.0 aux=0.0000 gate=0.005 gn=0.08 moe_cv=0.72 trainable=219.21M lr=2.65e-05 fp8=False nvfp4=False tok=132528128 tok/s=651 mem=41307MiB
CAT-YOKO-12B B0 step 27548/- nll=11.8560 ppl=140926.6 aux=0.0000 gate=0.005 gn=0.12 moe_cv=0.71 trainable=219.21M lr=2.65e-05 fp8=False nvfp4=False tok=132532224 tok/s=656 mem=41307MiB
CAT-YOKO-12B B0 step 27549/- nll=11.8410 ppl=138822.9 aux=0.0000 gate=0.005 gn=0.07 moe_cv=0.76 trainable=219.21M lr=2.65e-05 fp8=False nvfp4=False tok=132536320 tok/s=659 mem=41307MiB
CAT-YOKO-12B B0 step 27550/- nll=11.8524 ppl=140422.0 aux=0.0000 gate=0.005 gn=0.10 moe_cv=0.75 trainable=219.21M lr=2.65e-05 fp8=False nvfp4=False tok=132540416 tok/s=648 mem=41307MiB
CAT-YOKO-12B B0 step 27551/- nll=11.8567 ppl=141026.9 aux=0.0000 gate=0.005 gn=0.13 moe_cv=0.78 trainable=219.21M lr=2.65e-05 fp8=False nvfp4=False tok=132544512 tok/s=648 mem=41307MiB
CAT-YOKO-12B B0 step 27552/- nll=10.6407 ppl=41802.6 aux=0.0000 gate=0.005 gn=0.07 moe_cv=0.78 trainable=219.21M lr=2.65e-05 fp8=False nvfp4=False tok=132548608 tok/s=653 mem=41307MiB
CAT-YOKO-12B B0 step 27553/- nll=11.8538 ppl=140616.7 aux=0.0000 gate=0.005 gn=2.83 moe_cv=0.77 trainable=219.21M lr=2.65e-05 fp8=False nvfp4=False tok=132552704 tok/s=646 mem=41307MiB
CAT-YOKO-12B B0 step 27554/- nll=11.8456 ppl=139465.3 aux=0.0000 gate=0.005 gn=0.12 moe_cv=0.72 trainable=219.21M lr=2.65e-05 fp8=False nvfp4=False tok=132556800 tok/s=639 mem=41307MiB
CAT-YOKO-12B B0 step 27555/- nll=11.8614 ppl=141685.7 aux=0.0000 gate=0.005 gn=0.06 moe_cv=0.79 trainable=219.21M lr=2.65e-05 fp8=False nvfp4=False tok=132560896 tok/s=644 mem=41307MiB
CAT-YOKO-12B B0 step 27556/- nll=11.8736 ppl=143435.9 aux=0.0000 gate=0.005 gn=0.13 moe_cv=0.72 trainable=219.21M lr=2.65e-05 fp8=False nvfp4=False tok=132564992 tok/s=637 mem=41307MiB
CAT-YOKO-12B B0 step 27557/- nll=11.8553 ppl=140832.5 aux=0.0000 gate=0.005 gn=0.18 moe_cv=0.70 trainable=219.21M lr=2.65e-05 fp8=False nvfp4=False tok=132569088 tok/s=643 mem=41307MiB
CAT-YOKO-12B B0 step 27558/- nll=11.8515 ppl=140297.0 aux=0.0000 gate=0.005 gn=0.10 moe_cv=0.78 trainable=219.21M lr=2.65e-05 fp8=False nvfp4=False tok=132573184 tok/s=642 mem=41307MiB
CAT-YOKO-12B B0 step 27559/- nll=11.8630 ppl=141923.3 aux=0.0000 gate=0.005 gn=0.07 moe_cv=0.76 trainable=219.21M lr=2.65e-05 fp8=False nvfp4=False tok=132577280 tok/s=644 mem=41307MiB
CAT-YOKO-12B B0 step 27560/- nll=11.8580 ppl=141207.3 aux=0.0000 gate=0.005 gn=0.08 moe_cv=0.74 trainable=219.21M lr=2.65e-05 fp8=False nvfp4=False tok=132581376 tok/s=558 mem=41307MiB
CAT-YOKO-12B B0 step 27561/- nll=11.8533 ppl=140547.2 aux=0.0000 gate=0.005 gn=0.08 moe_cv=0.75 trainable=219.21M lr=2.65e-05 fp8=False nvfp4=False tok=132585472 tok/s=643 mem=41307MiB
CAT-YOKO-12B B0 step 27562/- nll=11.8750 ppl=143623.7 aux=0.0000 gate=0.005 gn=0.08 moe_cv=0.77 trainable=219.21M lr=2.65e-05 fp8=False nvfp4=False tok=132589568 tok/s=647 mem=41307MiB
CAT-YOKO-12B B0 step 27563/- nll=11.8735 ppl=143418.1 aux=0.0000 gate=0.005 gn=0.15 moe_cv=0.81 trainable=219.21M lr=2.65e-05 fp8=False nvfp4=False tok=132593664 tok/s=647 mem=41307MiB
CAT-YOKO-12B B0 step 27564/- nll=11.8548 ppl=140762.7 aux=0.0000 gate=0.005 gn=0.13 moe_cv=0.81 trainable=219.21M lr=2.65e-05 fp8=False nvfp4=False tok=132597760 tok/s=656 mem=41307MiB
CAT-YOKO-12B B0 step 27565/- nll=9.8431 ppl=18828.6 aux=0.0000 gate=0.005 gn=0.16 moe_cv=0.82 trainable=219.21M lr=2.65e-05 fp8=False nvfp4=False tok=132601856 tok/s=644 mem=41307MiB
CAT-YOKO-12B B0 step 27566/- nll=11.8555 ppl=140861.3 aux=0.0000 gate=0.005 gn=2.33 moe_cv=0.75 trainable=219.21M lr=2.65e-05 fp8=False nvfp4=False tok=132605952 tok/s=651 mem=41307MiB
CAT-YOKO-12B B0 step 27567/- nll=11.8700 ppl=142919.9 aux=0.0000 gate=0.005 gn=0.07 moe_cv=0.71 trainable=219.21M lr=2.65e-05 fp8=False nvfp4=False tok=132610048 tok/s=637 mem=41307MiB
CAT-YOKO-12B B0 step 27568/- nll=11.8709 ppl=143040.5 aux=0.0000 gate=0.005 gn=0.10 moe_cv=0.74 trainable=219.21M lr=2.65e-05 fp8=False nvfp4=False tok=132614144 tok/s=631 mem=41307MiB
CAT-YOKO-12B B0 step 27569/- nll=11.8467 ppl=139625.4 aux=0.0000 gate=0.005 gn=0.14 moe_cv=0.74 trainable=219.21M lr=2.65e-05 fp8=False nvfp4=False tok=132618240 tok/s=642 mem=41307MiB
CAT-YOKO-12B B0 step 27570/- nll=11.8967 ppl=146781.9 aux=0.0000 gate=0.005 gn=0.11 moe_cv=0.74 trainable=219.21M lr=2.65e-05 fp8=False nvfp4=False tok=132622336 tok/s=668 mem=41307MiB
CAT-YOKO-12B B0 step 27571/- nll=11.8705 ppl=142987.5 aux=0.0000 gate=0.005 gn=0.13 moe_cv=0.76 trainable=219.21M lr=2.65e-05 fp8=False nvfp4=False tok=132626432 tok/s=720 mem=41307MiB
CAT-YOKO-12B B0 step 27572/- nll=11.8652 ppl=142234.2 aux=0.0000 gate=0.005 gn=0.12 moe_cv=0.70 trainable=219.21M lr=2.65e-05 fp8=False nvfp4=False tok=132630528 tok/s=716 mem=41307MiB
CAT-YOKO-12B B0 step 27573/- nll=11.8703 ppl=142955.5 aux=0.0000 gate=0.005 gn=0.10 moe_cv=0.79 trainable=219.21M lr=2.65e-05 fp8=False nvfp4=False tok=132634624 tok/s=713 mem=41307MiB
CAT-YOKO-12B B0 step 27574/- nll=11.8641 ppl=142076.5 aux=0.0000 gate=0.005 gn=0.14 moe_cv=0.81 trainable=219.21M lr=2.65e-05 fp8=False nvfp4=False tok=132638720 tok/s=720 mem=41307MiB
CAT-YOKO-12B B0 step 27575/- nll=11.8566 ppl=141011.0 aux=0.0000 gate=0.005 gn=0.12 moe_cv=0.74 trainable=219.21M lr=2.65e-05 fp8=False nvfp4=False tok=132642816 tok/s=717 mem=41307MiB
CAT-YOKO-12B B0 step 27576/- nll=11.8757 ppl=143734.5 aux=0.0000 gate=0.005 gn=0.09 moe_cv=0.73 trainable=219.21M lr=2.65e-05 fp8=False nvfp4=False tok=132646912 tok/s=667 mem=41307MiB
CAT-YOKO-12B B0 step 27577/- nll=11.8710 ppl=143061.2 aux=0.0000 gate=0.005 gn=0.12 moe_cv=0.76 trainable=219.21M lr=2.65e-05 fp8=False nvfp4=False tok=132651008 tok/s=653 mem=41307MiB
CAT-YOKO-12B B0 step 27578/- nll=11.8709 ppl=143050.0 aux=0.0000 gate=0.005 gn=0.12 moe_cv=0.71 trainable=219.21M lr=2.65e-05 fp8=False nvfp4=False tok=132655104 tok/s=649 mem=41307MiB
CAT-YOKO-12B B0 step 27579/- nll=11.8635 ppl=141982.0 aux=0.0000 gate=0.005 gn=0.09 moe_cv=0.72 trainable=219.21M lr=2.65e-05 fp8=False nvfp4=False tok=132659200 tok/s=638 mem=41307MiB
CAT-YOKO-12B B0 step 27580/- nll=11.8583 ppl=141252.6 aux=0.0000 gate=0.005 gn=0.08 moe_cv=0.72 trainable=219.21M lr=2.65e-05 fp8=False nvfp4=False tok=132663296 tok/s=652 mem=41307MiB
CAT-YOKO-12B B0 step 27581/- nll=11.8717 ppl=143150.5 aux=0.0000 gate=0.005 gn=0.12 moe_cv=0.79 trainable=219.21M lr=2.65e-05 fp8=False nvfp4=False tok=132667392 tok/s=654 mem=41307MiB
CAT-YOKO-12B B0 step 27582/- nll=11.8777 ppl=144015.6 aux=0.0000 gate=0.005 gn=0.08 moe_cv=0.75 trainable=219.21M lr=2.65e-05 fp8=False nvfp4=False tok=132671488 tok/s=647 mem=41307MiB
CAT-YOKO-12B B0 step 27583/- nll=11.8562 ppl=140952.3 aux=0.0000 gate=0.005 gn=0.09 moe_cv=0.75 trainable=219.21M lr=2.65e-05 fp8=False nvfp4=False tok=132675584 tok/s=649 mem=41307MiB
CAT-YOKO-12B B0 step 27584/- nll=11.8514 ppl=140280.5 aux=0.0000 gate=0.005 gn=0.10 moe_cv=0.76 trainable=219.21M lr=2.65e-05 fp8=False nvfp4=False tok=132679680 tok/s=643 mem=41307MiB
CAT-YOKO-12B B0 step 27585/- nll=11.8501 ppl=140093.0 aux=0.0000 gate=0.005 gn=0.07 moe_cv=0.75 trainable=219.21M lr=2.65e-05 fp8=False nvfp4=False tok=132683776 tok/s=644 mem=41307MiB
CAT-YOKO-12B B0 step 27586/- nll=11.8931 ppl=146253.1 aux=0.0000 gate=0.005 gn=0.10 moe_cv=0.74 trainable=219.21M lr=2.65e-05 fp8=False nvfp4=False tok=132687872 tok/s=645 mem=41307MiB
CAT-YOKO-12B B0 step 27587/- nll=11.8523 ppl=140406.4 aux=0.0000 gate=0.005 gn=0.17 moe_cv=0.74 trainable=219.21M lr=2.65e-05 fp8=False nvfp4=False tok=132691968 tok/s=640 mem=41307MiB
CAT-YOKO-12B B0 step 27588/- nll=11.8562 ppl=140961.1 aux=0.0000 gate=0.005 gn=0.07 moe_cv=0.77 trainable=219.21M lr=2.65e-05 fp8=False nvfp4=False tok=132696064 tok/s=645 mem=41307MiB
CAT-YOKO-12B B0 step 27589/- nll=11.8687 ppl=142723.2 aux=0.0000 gate=0.005 gn=0.07 moe_cv=0.72 trainable=219.21M lr=2.65e-05 fp8=False nvfp4=False tok=132700160 tok/s=563 mem=41307MiB
CAT-YOKO-12B B0 step 27590/- nll=11.8593 ppl=141387.9 aux=0.0000 gate=0.005 gn=0.14 moe_cv=0.75 trainable=219.21M lr=2.65e-05 fp8=False nvfp4=False tok=132704256 tok/s=626 mem=41307MiB
CAT-YOKO-12B B0 step 27591/- nll=11.8502 ppl=140114.6 aux=0.0000 gate=0.005 gn=0.25 moe_cv=0.76 trainable=219.21M lr=2.65e-05 fp8=False nvfp4=False tok=132708352 tok/s=645 mem=41307MiB
CAT-YOKO-12B B0 step 27592/- nll=11.8575 ppl=141137.3 aux=0.0000 gate=0.005 gn=0.07 moe_cv=0.76 trainable=219.21M lr=2.65e-05 fp8=False nvfp4=False tok=132712448 tok/s=655 mem=41307MiB
CAT-YOKO-12B B0 step 27593/- nll=11.8593 ppl=141391.7 aux=0.0000 gate=0.005 gn=0.10 moe_cv=0.71 trainable=219.21M lr=2.65e-05 fp8=False nvfp4=False tok=132716544 tok/s=642 mem=41307MiB
CAT-YOKO-12B B0 step 27594/- nll=11.8448 ppl=139354.8 aux=0.0000 gate=0.005 gn=0.08 moe_cv=0.79 trainable=219.21M lr=2.65e-05 fp8=False nvfp4=False tok=132720640 tok/s=656 mem=41307MiB
CAT-YOKO-12B B0 step 27595/- nll=11.8575 ppl=141132.5 aux=0.0000 gate=0.005 gn=0.09 moe_cv=0.74 trainable=219.21M lr=2.65e-05 fp8=False nvfp4=False tok=132724736 tok/s=675 mem=41307MiB
CAT-YOKO-12B B0 step 27596/- nll=9.5558 ppl=14126.7 aux=0.0000 gate=0.005 gn=0.08 moe_cv=0.78 trainable=219.21M lr=2.65e-05 fp8=False nvfp4=False tok=132728832 tok/s=720 mem=41307MiB
CAT-YOKO-12B B0 step 27597/- nll=11.8543 ppl=140693.8 aux=0.0000 gate=0.005 gn=2.14 moe_cv=0.75 trainable=219.21M lr=2.65e-05 fp8=False nvfp4=False tok=132732928 tok/s=716 mem=41307MiB
CAT-YOKO-12B B0 step 27598/- nll=11.8583 ppl=141244.9 aux=0.0000 gate=0.005 gn=0.08 moe_cv=0.80 trainable=219.21M lr=2.65e-05 fp8=False nvfp4=False tok=132737024 tok/s=725 mem=41307MiB
CAT-YOKO-12B B0 step 27599/- nll=11.8596 ppl=141429.4 aux=0.0000 gate=0.005 gn=0.08 moe_cv=0.82 trainable=219.21M lr=2.65e-05 fp8=False nvfp4=False tok=132741120 tok/s=719 mem=41307MiB
CAT-YOKO-12B B0 step 27600/- nll=11.8493 ppl=139982.6 aux=0.0000 gate=0.005 gn=0.08 moe_cv=0.80 trainable=219.21M lr=2.65e-05 fp8=False nvfp4=False tok=132745216 tok/s=719 mem=41307MiB
CAT-YOKO-12B B0 step 27601/- nll=11.8555 ppl=140862.9 aux=0.0000 gate=0.005 gn=0.09 moe_cv=0.81 trainable=219.21M lr=2.65e-05 fp8=False nvfp4=False tok=132749312 tok/s=640 mem=41307MiB
CAT-YOKO-12B B0 step 27602/- nll=11.8559 ppl=140916.1 aux=0.0000 gate=0.005 gn=0.07 moe_cv=0.76 trainable=219.21M lr=2.65e-05 fp8=False nvfp4=False tok=132753408 tok/s=653 mem=41307MiB
CAT-YOKO-12B B0 step 27603/- nll=11.8592 ppl=141383.0 aux=0.0000 gate=0.005 gn=0.08 moe_cv=0.78 trainable=219.21M lr=2.66e-05 fp8=False nvfp4=False tok=132757504 tok/s=646 mem=41307MiB
CAT-YOKO-12B B0 step 27604/- nll=11.8520 ppl=140366.2 aux=0.0000 gate=0.005 gn=0.08 moe_cv=0.79 trainable=219.21M lr=2.66e-05 fp8=False nvfp4=False tok=132761600 tok/s=658 mem=41307MiB
CAT-YOKO-12B B0 step 27605/- nll=11.8655 ppl=142272.6 aux=0.0000 gate=0.005 gn=0.07 moe_cv=0.77 trainable=219.21M lr=2.66e-05 fp8=False nvfp4=False tok=132765696 tok/s=653 mem=41307MiB
CAT-YOKO-12B B0 step 27606/- nll=11.8619 ppl=141762.0 aux=0.0000 gate=0.005 gn=0.14 moe_cv=0.78 trainable=219.21M lr=2.66e-05 fp8=False nvfp4=False tok=132769792 tok/s=655 mem=41307MiB
CAT-YOKO-12B B0 step 27607/- nll=9.0601 ppl=8605.4 aux=0.0000 gate=0.005 gn=0.14 moe_cv=0.82 trainable=219.21M lr=2.66e-05 fp8=False nvfp4=False tok=132773888 tok/s=646 mem=41307MiB
CAT-YOKO-12B B0 step 27608/- nll=11.8531 ppl=140513.7 aux=0.0000 gate=0.005 gn=2.23 moe_cv=0.73 trainable=219.21M lr=2.66e-05 fp8=False nvfp4=False tok=132777984 tok/s=649 mem=41307MiB
CAT-YOKO-12B B0 step 27609/- nll=11.8635 ppl=141982.2 aux=0.0000 gate=0.005 gn=0.17 moe_cv=0.76 trainable=219.21M lr=2.66e-05 fp8=False nvfp4=False tok=132782080 tok/s=645 mem=41307MiB
CAT-YOKO-12B B0 step 27610/- nll=11.8804 ppl=144405.4 aux=0.0000 gate=0.005 gn=0.11 moe_cv=0.74 trainable=219.21M lr=2.66e-05 fp8=False nvfp4=False tok=132786176 tok/s=650 mem=41307MiB
CAT-YOKO-12B B0 step 27611/- nll=11.8802 ppl=144382.3 aux=0.0000 gate=0.005 gn=0.12 moe_cv=0.76 trainable=219.21M lr=2.66e-05 fp8=False nvfp4=False tok=132790272 tok/s=646 mem=41307MiB
CAT-YOKO-12B B0 step 27612/- nll=11.8797 ppl=144301.5 aux=0.0000 gate=0.005 gn=0.13 moe_cv=0.75 trainable=219.21M lr=2.66e-05 fp8=False nvfp4=False tok=132794368 tok/s=659 mem=41307MiB
CAT-YOKO-12B B0 step 27613/- nll=11.8677 ppl=142585.7 aux=0.0000 gate=0.005 gn=0.16 moe_cv=0.74 trainable=219.21M lr=2.66e-05 fp8=False nvfp4=False tok=132798464 tok/s=662 mem=41307MiB
CAT-YOKO-12B B0 step 27614/- nll=11.8803 ppl=144387.9 aux=0.0000 gate=0.005 gn=0.11 moe_cv=0.72 trainable=219.21M lr=2.66e-05 fp8=False nvfp4=False tok=132802560 tok/s=653 mem=41307MiB
CAT-YOKO-12B B0 step 27615/- nll=11.8628 ppl=141885.5 aux=0.0000 gate=0.005 gn=0.32 moe_cv=0.81 trainable=219.21M lr=2.66e-05 fp8=False nvfp4=False tok=132806656 tok/s=652 mem=41307MiB
CAT-YOKO-12B B0 step 27616/- nll=11.8648 ppl=142169.6 aux=0.0000 gate=0.005 gn=0.12 moe_cv=0.69 trainable=219.21M lr=2.66e-05 fp8=False nvfp4=False tok=132810752 tok/s=631 mem=41307MiB
CAT-YOKO-12B B0 step 27617/- nll=11.8669 ppl=142470.7 aux=0.0000 gate=0.005 gn=0.11 moe_cv=0.71 trainable=219.21M lr=2.66e-05 fp8=False nvfp4=False tok=132814848 tok/s=575 mem=41307MiB
CAT-YOKO-12B B0 step 27618/- nll=11.8665 ppl=142419.6 aux=0.0000 gate=0.005 gn=0.11 moe_cv=0.78 trainable=219.21M lr=2.66e-05 fp8=False nvfp4=False tok=132818944 tok/s=723 mem=41307MiB
CAT-YOKO-12B B0 step 27619/- nll=11.8588 ppl=141317.8 aux=0.0000 gate=0.005 gn=0.13 moe_cv=0.74 trainable=219.21M lr=2.66e-05 fp8=False nvfp4=False tok=132823040 tok/s=725 mem=41307MiB
CAT-YOKO-12B B0 step 27620/- nll=11.8474 ppl=139725.6 aux=0.0000 gate=0.005 gn=0.10 moe_cv=0.76 trainable=219.21M lr=2.66e-05 fp8=False nvfp4=False tok=132827136 tok/s=722 mem=41307MiB
CAT-YOKO-12B B0 step 27621/- nll=11.8643 ppl=142105.1 aux=0.0000 gate=0.005 gn=0.11 moe_cv=0.72 trainable=219.21M lr=2.66e-05 fp8=False nvfp4=False tok=132831232 tok/s=721 mem=41307MiB
CAT-YOKO-12B B0 step 27622/- nll=11.8680 ppl=142623.3 aux=0.0000 gate=0.005 gn=0.12 moe_cv=0.70 trainable=219.21M lr=2.66e-05 fp8=False nvfp4=False tok=132835328 tok/s=724 mem=41307MiB
CAT-YOKO-12B B0 step 27623/- nll=11.8835 ppl=144850.6 aux=0.0000 gate=0.005 gn=0.08 moe_cv=0.72 trainable=219.21M lr=2.66e-05 fp8=False nvfp4=False tok=132839424 tok/s=724 mem=41307MiB
CAT-YOKO-12B B0 step 27624/- nll=11.8610 ppl=141639.0 aux=0.0000 gate=0.005 gn=0.10 moe_cv=0.80 trainable=219.21M lr=2.66e-05 fp8=False nvfp4=False tok=132843520 tok/s=655 mem=41307MiB
CAT-YOKO-12B B0 step 27625/- nll=11.8648 ppl=142172.3 aux=0.0000 gate=0.005 gn=0.07 moe_cv=0.74 trainable=219.21M lr=2.66e-05 fp8=False nvfp4=False tok=132847616 tok/s=653 mem=41307MiB
CAT-YOKO-12B B0 step 27626/- nll=11.8684 ppl=142685.3 aux=0.0000 gate=0.005 gn=0.08 moe_cv=0.75 trainable=219.21M lr=2.66e-05 fp8=False nvfp4=False tok=132851712 tok/s=643 mem=41307MiB
CAT-YOKO-12B B0 step 27627/- nll=11.8520 ppl=140367.8 aux=0.0000 gate=0.005 gn=0.08 moe_cv=0.77 trainable=219.21M lr=2.66e-05 fp8=False nvfp4=False tok=132855808 tok/s=654 mem=41307MiB
CAT-YOKO-12B B0 step 27628/- nll=11.8791 ppl=144220.4 aux=0.0000 gate=0.005 gn=0.11 moe_cv=0.72 trainable=219.21M lr=2.66e-05 fp8=False nvfp4=False tok=132859904 tok/s=651 mem=41307MiB
CAT-YOKO-12B B0 step 27629/- nll=11.8734 ppl=143407.2 aux=0.0000 gate=0.005 gn=0.13 moe_cv=0.80 trainable=219.21M lr=2.66e-05 fp8=False nvfp4=False tok=132864000 tok/s=642 mem=41307MiB
CAT-YOKO-12B B0 step 27630/- nll=11.8522 ppl=140392.8 aux=0.0000 gate=0.005 gn=0.11 moe_cv=0.78 trainable=219.21M lr=2.66e-05 fp8=False nvfp4=False tok=132868096 tok/s=643 mem=41307MiB
CAT-YOKO-12B B0 step 27631/- nll=11.8666 ppl=142425.7 aux=0.0000 gate=0.005 gn=0.14 moe_cv=0.71 trainable=219.21M lr=2.66e-05 fp8=False nvfp4=False tok=132872192 tok/s=645 mem=41307MiB
CAT-YOKO-12B B0 step 27632/- nll=11.8690 ppl=142768.1 aux=0.0000 gate=0.005 gn=0.08 moe_cv=0.75 trainable=219.21M lr=2.66e-05 fp8=False nvfp4=False tok=132876288 tok/s=648 mem=41307MiB
CAT-YOKO-12B B0 step 27633/- nll=11.8478 ppl=139771.2 aux=0.0000 gate=0.005 gn=0.08 moe_cv=0.75 trainable=219.21M lr=2.66e-05 fp8=False nvfp4=False tok=132880384 tok/s=647 mem=41307MiB
CAT-YOKO-12B B0 step 27634/- nll=11.8575 ppl=141142.9 aux=0.0000 gate=0.005 gn=0.12 moe_cv=0.69 trainable=219.21M lr=2.66e-05 fp8=False nvfp4=False tok=132884480 tok/s=578 mem=41307MiB
CAT-YOKO-12B B0 step 27635/- nll=11.8600 ppl=141494.2 aux=0.0000 gate=0.005 gn=0.24 moe_cv=0.72 trainable=219.21M lr=2.66e-05 fp8=False nvfp4=False tok=132888576 tok/s=649 mem=41307MiB
CAT-YOKO-12B B0 step 27636/- nll=9.2938 ppl=10870.4 aux=0.0000 gate=0.005 gn=0.07 moe_cv=0.74 trainable=219.21M lr=2.66e-05 fp8=False nvfp4=False tok=132892672 tok/s=644 mem=41307MiB
CAT-YOKO-12B B0 step 27637/- nll=11.8478 ppl=139777.9 aux=0.0000 gate=0.005 gn=2.11 moe_cv=0.75 trainable=219.21M lr=2.66e-05 fp8=False nvfp4=False tok=132896768 tok/s=646 mem=41307MiB
CAT-YOKO-12B B0 step 27638/- nll=11.8549 ppl=140768.3 aux=0.0000 gate=0.005 gn=0.08 moe_cv=0.79 trainable=219.21M lr=2.66e-05 fp8=False nvfp4=False tok=132900864 tok/s=649 mem=41307MiB
CAT-YOKO-12B B0 step 27639/- nll=11.8585 ppl=141283.5 aux=0.0000 gate=0.005 gn=0.07 moe_cv=0.75 trainable=219.21M lr=2.66e-05 fp8=False nvfp4=False tok=132904960 tok/s=644 mem=41307MiB
CAT-YOKO-12B B0 step 27640/- nll=11.8538 ppl=140611.6 aux=0.0000 gate=0.005 gn=0.10 moe_cv=0.74 trainable=219.21M lr=2.66e-05 fp8=False nvfp4=False tok=132909056 tok/s=653 mem=41307MiB
CAT-YOKO-12B B0 step 27641/- nll=11.8562 ppl=140948.9 aux=0.0000 gate=0.005 gn=0.09 moe_cv=0.77 trainable=219.21M lr=2.66e-05 fp8=False nvfp4=False tok=132913152 tok/s=663 mem=41307MiB
CAT-YOKO-12B B0 step 27642/- nll=11.8614 ppl=141692.0 aux=0.0000 gate=0.005 gn=0.11 moe_cv=0.74 trainable=219.21M lr=2.66e-05 fp8=False nvfp4=False tok=132917248 tok/s=663 mem=41307MiB
CAT-YOKO-12B B0 step 27643/- nll=11.8602 ppl=141524.5 aux=0.0000 gate=0.005 gn=0.14 moe_cv=0.75 trainable=219.21M lr=2.66e-05 fp8=False nvfp4=False tok=132921344 tok/s=645 mem=41307MiB
CAT-YOKO-12B B0 step 27644/- nll=11.8518 ppl=140332.4 aux=0.0000 gate=0.005 gn=0.08 moe_cv=0.77 trainable=219.21M lr=2.66e-05 fp8=False nvfp4=False tok=132925440 tok/s=653 mem=41307MiB
CAT-YOKO-12B B0 step 27645/- nll=11.8616 ppl=141723.7 aux=0.0000 gate=0.005 gn=0.10 moe_cv=0.74 trainable=219.21M lr=2.66e-05 fp8=False nvfp4=False tok=132929536 tok/s=637 mem=41307MiB
CAT-YOKO-12B B0 step 27646/- nll=11.8889 ppl=145643.3 aux=0.0000 gate=0.005 gn=0.11 moe_cv=0.76 trainable=219.21M lr=2.66e-05 fp8=False nvfp4=False tok=132933632 tok/s=648 mem=41307MiB
CAT-YOKO-12B B0 step 27647/- nll=11.8659 ppl=142324.0 aux=0.0000 gate=0.005 gn=0.25 moe_cv=0.73 trainable=219.21M lr=2.66e-05 fp8=False nvfp4=False tok=132937728 tok/s=563 mem=41307MiB
CAT-YOKO-12B B0 step 27648/- nll=11.8608 ppl=141599.9 aux=0.0000 gate=0.005 gn=0.10 moe_cv=0.70 trainable=219.21M lr=2.66e-05 fp8=False nvfp4=False tok=132941824 tok/s=646 mem=41307MiB
CAT-YOKO-12B B0 step 27649/- nll=11.8634 ppl=141970.4 aux=0.0000 gate=0.005 gn=0.08 moe_cv=0.73 trainable=219.21M lr=2.66e-05 fp8=False nvfp4=False tok=132945920 tok/s=639 mem=41307MiB
CAT-YOKO-12B B0 step 27650/- nll=11.8703 ppl=142950.2 aux=0.0000 gate=0.005 gn=0.10 moe_cv=0.71 trainable=219.21M lr=2.66e-05 fp8=False nvfp4=False tok=132950016 tok/s=652 mem=41307MiB
CAT-YOKO-12B B0 step 27651/- nll=11.8577 ppl=141163.8 aux=0.0000 gate=0.005 gn=0.10 moe_cv=0.79 trainable=219.21M lr=2.66e-05 fp8=False nvfp4=False tok=132954112 tok/s=640 mem=41307MiB
CAT-YOKO-12B B0 step 27652/- nll=11.8484 ppl=139860.4 aux=0.0000 gate=0.005 gn=0.11 moe_cv=0.78 trainable=219.21M lr=2.66e-05 fp8=False nvfp4=False tok=132958208 tok/s=644 mem=41307MiB
CAT-YOKO-12B B0 step 27653/- nll=11.8772 ppl=143950.1 aux=0.0000 gate=0.005 gn=0.08 moe_cv=0.72 trainable=219.21M lr=2.66e-05 fp8=False nvfp4=False tok=132962304 tok/s=633 mem=41307MiB
CAT-YOKO-12B B0 step 27654/- nll=11.8592 ppl=141383.9 aux=0.0000 gate=0.005 gn=0.17 moe_cv=0.78 trainable=219.21M lr=2.66e-05 fp8=False nvfp4=False tok=132966400 tok/s=654 mem=41307MiB
CAT-YOKO-12B B0 step 27655/- nll=11.8662 ppl=142374.4 aux=0.0000 gate=0.005 gn=0.08 moe_cv=0.71 trainable=219.21M lr=2.66e-05 fp8=False nvfp4=False tok=132970496 tok/s=645 mem=41307MiB
CAT-YOKO-12B B0 step 27656/- nll=11.8549 ppl=140772.5 aux=0.0000 gate=0.005 gn=0.19 moe_cv=0.75 trainable=219.21M lr=2.66e-05 fp8=False nvfp4=False tok=132974592 tok/s=661 mem=41307MiB
CAT-YOKO-12B B0 step 27657/- nll=11.8764 ppl=143838.7 aux=0.0000 gate=0.005 gn=0.11 moe_cv=0.77 trainable=219.21M lr=2.66e-05 fp8=False nvfp4=False tok=132978688 tok/s=651 mem=41307MiB
CAT-YOKO-12B B0 step 27658/- nll=11.8572 ppl=141101.7 aux=0.0000 gate=0.005 gn=0.12 moe_cv=0.75 trainable=219.21M lr=2.66e-05 fp8=False nvfp4=False tok=132982784 tok/s=688 mem=41307MiB
CAT-YOKO-12B B0 step 27659/- nll=11.8563 ppl=140973.4 aux=0.0000 gate=0.005 gn=0.08 moe_cv=0.78 trainable=219.21M lr=2.66e-05 fp8=False nvfp4=False tok=132986880 tok/s=722 mem=41307MiB
CAT-YOKO-12B B0 step 27660/- nll=11.8572 ppl=141103.1 aux=0.0000 gate=0.005 gn=0.14 moe_cv=0.74 trainable=219.21M lr=2.66e-05 fp8=False nvfp4=False tok=132990976 tok/s=717 mem=41307MiB
CAT-YOKO-12B B0 step 27661/- nll=11.8641 ppl=142075.2 aux=0.0000 gate=0.005 gn=0.10 moe_cv=0.78 trainable=219.21M lr=2.66e-05 fp8=False nvfp4=False tok=132995072 tok/s=722 mem=41307MiB
CAT-YOKO-12B B0 step 27662/- nll=11.8645 ppl=142136.9 aux=0.0000 gate=0.005 gn=0.20 moe_cv=0.75 trainable=219.21M lr=2.66e-05 fp8=False nvfp4=False tok=132999168 tok/s=717 mem=41307MiB
CAT-YOKO-12B B0 step 27663/- nll=11.8473 ppl=139709.6 aux=0.0000 gate=0.005 gn=0.16 moe_cv=0.77 trainable=219.21M lr=2.66e-05 fp8=False nvfp4=False tok=133003264 tok/s=723 mem=41307MiB
CAT-YOKO-12B B0 step 27664/- nll=11.8629 ppl=141896.5 aux=0.0000 gate=0.005 gn=0.07 moe_cv=0.76 trainable=219.21M lr=2.66e-05 fp8=False nvfp4=False tok=133007360 tok/s=648 mem=41307MiB
CAT-YOKO-12B B0 step 27665/- nll=11.9237 ppl=150804.1 aux=0.0000 gate=0.005 gn=0.10 moe_cv=0.72 trainable=219.21M lr=2.66e-05 fp8=False nvfp4=False tok=133011456 tok/s=658 mem=41307MiB
CAT-YOKO-12B B0 step 27666/- nll=11.8469 ppl=139644.3 aux=0.0000 gate=0.005 gn=0.64 moe_cv=0.80 trainable=219.21M lr=2.66e-05 fp8=False nvfp4=False tok=133015552 tok/s=650 mem=41307MiB
CAT-YOKO-12B B0 step 27667/- nll=11.8538 ppl=140624.4 aux=0.0000 gate=0.005 gn=0.17 moe_cv=0.73 trainable=219.21M lr=2.66e-05 fp8=False nvfp4=False tok=133019648 tok/s=648 mem=41307MiB
CAT-YOKO-12B B0 step 27668/- nll=11.8540 ppl=140642.4 aux=0.0000 gate=0.005 gn=0.10 moe_cv=0.75 trainable=219.21M lr=2.66e-05 fp8=False nvfp4=False tok=133023744 tok/s=640 mem=41307MiB
CAT-YOKO-12B B0 step 27669/- nll=11.8536 ppl=140588.2 aux=0.0000 gate=0.005 gn=0.13 moe_cv=0.81 trainable=219.21M lr=2.66e-05 fp8=False nvfp4=False tok=133027840 tok/s=653 mem=41307MiB
CAT-YOKO-12B B0 step 27670/- nll=11.8763 ppl=143820.8 aux=0.0000 gate=0.005 gn=0.10 moe_cv=0.79 trainable=219.21M lr=2.66e-05 fp8=False nvfp4=False tok=133031936 tok/s=644 mem=41307MiB
CAT-YOKO-12B B0 step 27671/- nll=11.8465 ppl=139601.4 aux=0.0000 gate=0.005 gn=0.11 moe_cv=0.77 trainable=219.21M lr=2.66e-05 fp8=False nvfp4=False tok=133036032 tok/s=651 mem=41307MiB
CAT-YOKO-12B B0 step 27672/- nll=9.1772 ppl=9674.3 aux=0.0000 gate=0.005 gn=0.09 moe_cv=0.78 trainable=219.21M lr=2.66e-05 fp8=False nvfp4=False tok=133040128 tok/s=642 mem=41307MiB
CAT-YOKO-12B B0 step 27673/- nll=11.8659 ppl=142331.1 aux=0.0000 gate=0.005 gn=2.15 moe_cv=0.74 trainable=219.21M lr=2.66e-05 fp8=False nvfp4=False tok=133044224 tok/s=652 mem=41307MiB
CAT-YOKO-12B B0 step 27674/- nll=11.8436 ppl=139193.5 aux=0.0000 gate=0.005 gn=0.07 moe_cv=0.77 trainable=219.21M lr=2.66e-05 fp8=False nvfp4=False tok=133048320 tok/s=653 mem=41307MiB
CAT-YOKO-12B B0 step 27675/- nll=11.8640 ppl=142058.4 aux=0.0000 gate=0.005 gn=0.10 moe_cv=0.77 trainable=219.21M lr=2.66e-05 fp8=False nvfp4=False tok=133052416 tok/s=575 mem=41307MiB
CAT-YOKO-12B B0 step 27676/- nll=11.8367 ppl=138226.8 aux=0.0000 gate=0.005 gn=0.15 moe_cv=0.74 trainable=219.21M lr=2.66e-05 fp8=False nvfp4=False tok=133056512 tok/s=645 mem=41307MiB
CAT-YOKO-12B B0 step 27677/- nll=11.8576 ppl=141147.2 aux=0.0000 gate=0.005 gn=0.09 moe_cv=0.77 trainable=219.21M lr=2.66e-05 fp8=False nvfp4=False tok=133060608 tok/s=657 mem=41307MiB
CAT-YOKO-12B B0 step 27678/- nll=11.8774 ppl=143977.4 aux=0.0000 gate=0.005 gn=0.08 moe_cv=0.70 trainable=219.21M lr=2.66e-05 fp8=False nvfp4=False tok=133064704 tok/s=646 mem=41307MiB
CAT-YOKO-12B B0 step 27679/- nll=11.8644 ppl=142111.3 aux=0.0000 gate=0.005 gn=0.19 moe_cv=0.77 trainable=219.21M lr=2.66e-05 fp8=False nvfp4=False tok=133068800 tok/s=678 mem=41307MiB
CAT-YOKO-12B B0 step 27680/- nll=11.8571 ppl=141076.0 aux=0.0000 gate=0.005 gn=0.09 moe_cv=0.79 trainable=219.21M lr=2.66e-05 fp8=False nvfp4=False tok=133072896 tok/s=718 mem=41307MiB
CAT-YOKO-12B B0 step 27681/- nll=11.8453 ppl=139425.8 aux=0.0000 gate=0.005 gn=0.10 moe_cv=0.74 trainable=219.21M lr=2.66e-05 fp8=False nvfp4=False tok=133076992 tok/s=720 mem=41307MiB
CAT-YOKO-12B B0 step 27682/- nll=11.8845 ppl=145003.7 aux=0.0000 gate=0.005 gn=0.08 moe_cv=0.79 trainable=219.21M lr=2.66e-05 fp8=False nvfp4=False tok=133081088 tok/s=722 mem=41307MiB
CAT-YOKO-12B B0 step 27683/- nll=11.8548 ppl=140759.7 aux=0.0000 gate=0.005 gn=0.12 moe_cv=0.70 trainable=219.21M lr=2.66e-05 fp8=False nvfp4=False tok=133085184 tok/s=716 mem=41307MiB
CAT-YOKO-12B B0 step 27684/- nll=11.8848 ppl=145045.2 aux=0.0000 gate=0.005 gn=0.13 moe_cv=0.76 trainable=219.21M lr=2.66e-05 fp8=False nvfp4=False tok=133089280 tok/s=715 mem=41307MiB
CAT-YOKO-12B B0 step 27685/- nll=11.8587 ppl=141302.7 aux=0.0000 gate=0.005 gn=0.09 moe_cv=0.76 trainable=219.21M lr=2.66e-05 fp8=False nvfp4=False tok=133093376 tok/s=666 mem=41307MiB
CAT-YOKO-12B B0 step 27686/- nll=11.8790 ppl=144212.7 aux=0.0000 gate=0.005 gn=0.10 moe_cv=0.77 trainable=219.21M lr=2.66e-05 fp8=False nvfp4=False tok=133097472 tok/s=658 mem=41307MiB
CAT-YOKO-12B B0 step 27687/- nll=11.8512 ppl=140247.3 aux=0.0000 gate=0.005 gn=0.17 moe_cv=0.75 trainable=219.21M lr=2.66e-05 fp8=False nvfp4=False tok=133101568 tok/s=644 mem=41307MiB
CAT-YOKO-12B B0 step 27688/- nll=11.8485 ppl=139875.5 aux=0.0000 gate=0.005 gn=0.08 moe_cv=0.81 trainable=219.21M lr=2.66e-05 fp8=False nvfp4=False tok=133105664 tok/s=650 mem=41307MiB
CAT-YOKO-12B B0 step 27689/- nll=11.8508 ppl=140198.8 aux=0.0000 gate=0.005 gn=0.08 moe_cv=0.80 trainable=219.21M lr=2.66e-05 fp8=False nvfp4=False tok=133109760 tok/s=646 mem=41307MiB
CAT-YOKO-12B B0 step 27690/- nll=11.8580 ppl=141211.2 aux=0.0000 gate=0.005 gn=0.07 moe_cv=0.77 trainable=219.21M lr=2.66e-05 fp8=False nvfp4=False tok=133113856 tok/s=652 mem=41307MiB
CAT-YOKO-12B B0 step 27691/- nll=11.8597 ppl=141454.5 aux=0.0000 gate=0.005 gn=0.12 moe_cv=0.73 trainable=219.21M lr=2.66e-05 fp8=False nvfp4=False tok=133117952 tok/s=650 mem=41307MiB
CAT-YOKO-12B B0 step 27692/- nll=11.8527 ppl=140469.9 aux=0.0000 gate=0.005 gn=0.16 moe_cv=0.81 trainable=219.21M lr=2.66e-05 fp8=False nvfp4=False tok=133122048 tok/s=646 mem=41307MiB
CAT-YOKO-12B B0 step 27693/- nll=11.8585 ppl=141276.3 aux=0.0000 gate=0.005 gn=0.10 moe_cv=0.77 trainable=219.21M lr=2.66e-05 fp8=False nvfp4=False tok=133126144 tok/s=644 mem=41307MiB
CAT-YOKO-12B B0 step 27694/- nll=8.6230 ppl=5558.1 aux=0.0000 gate=0.005 gn=0.09 moe_cv=0.78 trainable=219.21M lr=2.66e-05 fp8=False nvfp4=False tok=133130240 tok/s=638 mem=41307MiB
CAT-YOKO-12B B0 step 27695/- nll=11.8530 ppl=140511.0 aux=0.0000 gate=0.005 gn=2.25 moe_cv=0.77 trainable=219.21M lr=2.66e-05 fp8=False nvfp4=False tok=133134336 tok/s=626 mem=41307MiB
CAT-YOKO-12B B0 step 27696/- nll=11.8595 ppl=141426.3 aux=0.0000 gate=0.005 gn=0.08 moe_cv=0.79 trainable=219.21M lr=2.66e-05 fp8=False nvfp4=False tok=133138432 tok/s=626 mem=41307MiB
CAT-YOKO-12B B0 step 27697/- nll=11.8715 ppl=143134.1 aux=0.0000 gate=0.005 gn=0.16 moe_cv=0.79 trainable=219.21M lr=2.66e-05 fp8=False nvfp4=False tok=133142528 tok/s=642 mem=41307MiB
CAT-YOKO-12B B0 step 27698/- nll=11.8824 ppl=144699.4 aux=0.0000 gate=0.005 gn=0.16 moe_cv=0.72 trainable=219.21M lr=2.66e-05 fp8=False nvfp4=False tok=133146624 tok/s=666 mem=41307MiB
CAT-YOKO-12B B0 step 27699/- nll=11.8515 ppl=140290.3 aux=0.0000 gate=0.005 gn=0.20 moe_cv=0.73 trainable=219.21M lr=2.66e-05 fp8=False nvfp4=False tok=133150720 tok/s=714 mem=41307MiB
CAT-YOKO-12B B0 step 27700/- nll=11.8514 ppl=140287.6 aux=0.0000 gate=0.005 gn=0.09 moe_cv=0.78 trainable=219.21M lr=2.66e-05 fp8=False nvfp4=False tok=133154816 tok/s=714 mem=41307MiB
CAT-YOKO-12B B0 step 27701/- nll=11.8619 ppl=141755.5 aux=0.0000 gate=0.005 gn=0.12 moe_cv=0.73 trainable=219.21M lr=2.66e-05 fp8=False nvfp4=False tok=133158912 tok/s=720 mem=41307MiB
CAT-YOKO-12B B0 step 27702/- nll=11.8688 ppl=142740.6 aux=0.0000 gate=0.005 gn=0.13 moe_cv=0.72 trainable=219.21M lr=2.66e-05 fp8=False nvfp4=False tok=133163008 tok/s=716 mem=41307MiB
CAT-YOKO-12B B0 step 27703/- nll=11.8585 ppl=141276.7 aux=0.0000 gate=0.005 gn=0.13 moe_cv=0.71 trainable=219.21M lr=2.66e-05 fp8=False nvfp4=False tok=133167104 tok/s=668 mem=41307MiB
CAT-YOKO-12B B0 step 27704/- nll=11.8743 ppl=143529.8 aux=0.0000 gate=0.005 gn=0.25 moe_cv=0.77 trainable=219.21M lr=2.66e-05 fp8=False nvfp4=False tok=133171200 tok/s=637 mem=41307MiB
CAT-YOKO-12B B0 step 27705/- nll=11.8536 ppl=140584.5 aux=0.0000 gate=0.005 gn=0.14 moe_cv=0.79 trainable=219.21M lr=2.66e-05 fp8=False nvfp4=False tok=133175296 tok/s=651 mem=41307MiB
CAT-YOKO-12B B0 step 27706/- nll=11.8678 ppl=142598.3 aux=0.0000 gate=0.005 gn=0.09 moe_cv=0.74 trainable=219.21M lr=2.66e-05 fp8=False nvfp4=False tok=133179392 tok/s=627 mem=41307MiB
CAT-YOKO-12B B0 step 27707/- nll=11.8726 ppl=143288.9 aux=0.0000 gate=0.005 gn=0.10 moe_cv=0.73 trainable=219.21M lr=2.66e-05 fp8=False nvfp4=False tok=133183488 tok/s=641 mem=41307MiB
CAT-YOKO-12B B0 step 27708/- nll=11.8751 ppl=143644.3 aux=0.0000 gate=0.005 gn=0.15 moe_cv=0.73 trainable=219.21M lr=2.66e-05 fp8=False nvfp4=False tok=133187584 tok/s=635 mem=41307MiB
CAT-YOKO-12B B0 step 27709/- nll=11.8602 ppl=141524.0 aux=0.0000 gate=0.005 gn=0.23 moe_cv=0.80 trainable=219.21M lr=2.66e-05 fp8=False nvfp4=False tok=133191680 tok/s=657 mem=41307MiB
CAT-YOKO-12B B0 step 27710/- nll=11.8652 ppl=142235.3 aux=0.0000 gate=0.005 gn=0.08 moe_cv=0.74 trainable=219.21M lr=2.66e-05 fp8=False nvfp4=False tok=133195776 tok/s=647 mem=41307MiB
CAT-YOKO-12B B0 step 27711/- nll=11.8641 ppl=142078.8 aux=0.0000 gate=0.005 gn=0.15 moe_cv=0.74 trainable=219.21M lr=2.66e-05 fp8=False nvfp4=False tok=133199872 tok/s=651 mem=41307MiB
CAT-YOKO-12B B0 step 27712/- nll=11.8566 ppl=141011.6 aux=0.0000 gate=0.005 gn=0.10 moe_cv=0.68 trainable=219.21M lr=2.66e-05 fp8=False nvfp4=False tok=133203968 tok/s=639 mem=41307MiB
CAT-YOKO-12B B0 step 27713/- nll=11.8649 ppl=142184.9 aux=0.0000 gate=0.005 gn=0.24 moe_cv=0.75 trainable=219.21M lr=2.66e-05 fp8=False nvfp4=False tok=133208064 tok/s=648 mem=41307MiB
CAT-YOKO-12B B0 step 27714/- nll=11.8730 ppl=143341.5 aux=0.0000 gate=0.005 gn=0.09 moe_cv=0.74 trainable=219.21M lr=2.66e-05 fp8=False nvfp4=False tok=133212160 tok/s=639 mem=41307MiB
CAT-YOKO-12B B0 step 27715/- nll=11.8342 ppl=137882.3 aux=0.0000 gate=0.005 gn=0.09 moe_cv=0.74 trainable=219.21M lr=2.66e-05 fp8=False nvfp4=False tok=133216256 tok/s=646 mem=41307MiB
CAT-YOKO-12B B0 step 27716/- nll=11.8566 ppl=141007.8 aux=0.0000 gate=0.005 gn=0.09 moe_cv=0.76 trainable=219.21M lr=2.66e-05 fp8=False nvfp4=False tok=133220352 tok/s=636 mem=41307MiB
CAT-YOKO-12B B0 step 27717/- nll=11.8527 ppl=140468.4 aux=0.0000 gate=0.005 gn=0.12 moe_cv=0.73 trainable=219.21M lr=2.66e-05 fp8=False nvfp4=False tok=133224448 tok/s=718 mem=41307MiB
CAT-YOKO-12B B0 step 27718/- nll=11.8589 ppl=141330.3 aux=0.0000 gate=0.005 gn=0.09 moe_cv=0.78 trainable=219.21M lr=2.66e-05 fp8=False nvfp4=False tok=133228544 tok/s=717 mem=41307MiB
CAT-YOKO-12B B0 step 27719/- nll=11.8562 ppl=140950.2 aux=0.0000 gate=0.005 gn=0.11 moe_cv=0.79 trainable=219.21M lr=2.66e-05 fp8=False nvfp4=False tok=133232640 tok/s=717 mem=41307MiB
CAT-YOKO-12B B0 step 27720/- nll=11.8610 ppl=141636.1 aux=0.0000 gate=0.005 gn=0.07 moe_cv=0.74 trainable=219.21M lr=2.66e-05 fp8=False nvfp4=False tok=133236736 tok/s=711 mem=41307MiB
CAT-YOKO-12B B0 step 27721/- nll=11.8662 ppl=142370.2 aux=0.0000 gate=0.005 gn=0.15 moe_cv=0.68 trainable=219.21M lr=2.66e-05 fp8=False nvfp4=False tok=133240832 tok/s=715 mem=41307MiB
CAT-YOKO-12B B0 step 27722/- nll=11.8450 ppl=139380.7 aux=0.0000 gate=0.005 gn=0.16 moe_cv=0.73 trainable=219.21M lr=2.66e-05 fp8=False nvfp4=False tok=133244928 tok/s=695 mem=41307MiB
CAT-YOKO-12B B0 step 27723/- nll=11.8526 ppl=140443.5 aux=0.0000 gate=0.005 gn=0.09 moe_cv=0.75 trainable=219.21M lr=2.66e-05 fp8=False nvfp4=False tok=133249024 tok/s=647 mem=41307MiB
CAT-YOKO-12B B0 step 27724/- nll=11.8545 ppl=140716.2 aux=0.0000 gate=0.005 gn=0.10 moe_cv=0.78 trainable=219.21M lr=2.66e-05 fp8=False nvfp4=False tok=133253120 tok/s=644 mem=41307MiB
CAT-YOKO-12B B0 step 27725/- nll=11.8495 ppl=140014.6 aux=0.0000 gate=0.005 gn=0.08 moe_cv=0.78 trainable=219.21M lr=2.67e-05 fp8=False nvfp4=False tok=133257216 tok/s=626 mem=41307MiB
CAT-YOKO-12B B0 step 27726/- nll=11.8436 ppl=139195.6 aux=0.0000 gate=0.005 gn=0.07 moe_cv=0.73 trainable=219.21M lr=2.67e-05 fp8=False nvfp4=False tok=133261312 tok/s=638 mem=41307MiB
CAT-YOKO-12B B0 step 27727/- nll=11.8406 ppl=138767.8 aux=0.0000 gate=0.005 gn=0.08 moe_cv=0.78 trainable=219.21M lr=2.67e-05 fp8=False nvfp4=False tok=133265408 tok/s=637 mem=41307MiB
CAT-YOKO-12B B0 step 27728/- nll=11.8440 ppl=139252.9 aux=0.0000 gate=0.005 gn=0.07 moe_cv=0.75 trainable=219.21M lr=2.67e-05 fp8=False nvfp4=False tok=133269504 tok/s=644 mem=41307MiB
CAT-YOKO-12B B0 step 27729/- nll=9.4303 ppl=12460.2 aux=0.0000 gate=0.005 gn=0.11 moe_cv=0.77 trainable=219.21M lr=2.67e-05 fp8=False nvfp4=False tok=133273600 tok/s=637 mem=41307MiB
CAT-YOKO-12B B0 step 27730/- nll=11.8568 ppl=141045.5 aux=0.0000 gate=0.005 gn=2.95 moe_cv=0.78 trainable=219.21M lr=2.67e-05 fp8=False nvfp4=False tok=133277696 tok/s=640 mem=41307MiB
CAT-YOKO-12B B0 step 27731/- nll=11.8471 ppl=139674.3 aux=0.0000 gate=0.005 gn=0.09 moe_cv=0.78 trainable=219.21M lr=2.67e-05 fp8=False nvfp4=False tok=133281792 tok/s=635 mem=41307MiB
CAT-YOKO-12B B0 step 27732/- nll=11.8465 ppl=139599.6 aux=0.0000 gate=0.005 gn=0.10 moe_cv=0.77 trainable=219.21M lr=2.67e-05 fp8=False nvfp4=False tok=133285888 tok/s=524 mem=41307MiB
CAT-YOKO-12B B0 step 27733/- nll=11.8501 ppl=140101.7 aux=0.0000 gate=0.005 gn=0.09 moe_cv=0.78 trainable=219.21M lr=2.67e-05 fp8=False nvfp4=False tok=133289984 tok/s=612 mem=41307MiB
CAT-YOKO-12B B0 step 27734/- nll=11.8627 ppl=141879.0 aux=0.0000 gate=0.005 gn=0.18 moe_cv=0.71 trainable=219.21M lr=2.67e-05 fp8=False nvfp4=False tok=133294080 tok/s=669 mem=41307MiB
CAT-YOKO-12B B0 step 27735/- nll=11.8475 ppl=139730.0 aux=0.0000 gate=0.005 gn=0.14 moe_cv=0.71 trainable=219.21M lr=2.67e-05 fp8=False nvfp4=False tok=133298176 tok/s=711 mem=41307MiB
CAT-YOKO-12B B0 step 27736/- nll=11.8694 ppl=142832.1 aux=0.0000 gate=0.005 gn=0.11 moe_cv=0.73 trainable=219.21M lr=2.67e-05 fp8=False nvfp4=False tok=133302272 tok/s=715 mem=41307MiB
CAT-YOKO-12B B0 step 27737/- nll=11.8824 ppl=144693.7 aux=0.0000 gate=0.005 gn=0.11 moe_cv=0.81 trainable=219.21M lr=2.67e-05 fp8=False nvfp4=False tok=133306368 tok/s=706 mem=41307MiB
CAT-YOKO-12B B0 step 27738/- nll=11.8579 ppl=141195.2 aux=0.0000 gate=0.005 gn=0.14 moe_cv=0.73 trainable=219.21M lr=2.67e-05 fp8=False nvfp4=False tok=133310464 tok/s=713 mem=41307MiB
CAT-YOKO-12B B0 step 27739/- nll=11.8481 ppl=139818.1 aux=0.0000 gate=0.005 gn=0.12 moe_cv=0.78 trainable=219.21M lr=2.67e-05 fp8=False nvfp4=False tok=133314560 tok/s=707 mem=41307MiB
CAT-YOKO-12B B0 step 27740/- nll=11.8416 ppl=138912.6 aux=0.0000 gate=0.005 gn=0.08 moe_cv=0.71 trainable=219.21M lr=2.67e-05 fp8=False nvfp4=False tok=133318656 tok/s=690 mem=41307MiB
CAT-YOKO-12B B0 step 27741/- nll=11.8488 ppl=139919.4 aux=0.0000 gate=0.005 gn=0.09 moe_cv=0.72 trainable=219.21M lr=2.67e-05 fp8=False nvfp4=False tok=133322752 tok/s=657 mem=41307MiB
CAT-YOKO-12B B0 step 27742/- nll=11.8651 ppl=142218.8 aux=0.0000 gate=0.005 gn=0.08 moe_cv=0.73 trainable=219.21M lr=2.67e-05 fp8=False nvfp4=False tok=133326848 tok/s=602 mem=41307MiB
CAT-YOKO-12B B0 step 27743/- nll=11.8538 ppl=140621.8 aux=0.0000 gate=0.005 gn=0.16 moe_cv=0.81 trainable=219.21M lr=2.67e-05 fp8=False nvfp4=False tok=133330944 tok/s=636 mem=41307MiB
CAT-YOKO-12B B0 step 27744/- nll=11.8566 ppl=141005.5 aux=0.0000 gate=0.005 gn=0.10 moe_cv=0.73 trainable=219.21M lr=2.67e-05 fp8=False nvfp4=False tok=133335040 tok/s=644 mem=41307MiB
CAT-YOKO-12B B0 step 27745/- nll=11.8652 ppl=142235.8 aux=0.0000 gate=0.005 gn=0.13 moe_cv=0.79 trainable=219.21M lr=2.67e-05 fp8=False nvfp4=False tok=133339136 tok/s=650 mem=41307MiB
CAT-YOKO-12B B0 step 27746/- nll=8.5297 ppl=5062.8 aux=0.0000 gate=0.005 gn=0.09 moe_cv=0.76 trainable=219.21M lr=2.67e-05 fp8=False nvfp4=False tok=133343232 tok/s=710 mem=41307MiB
CAT-YOKO-12B B0 step 27747/- nll=11.8713 ppl=143100.3 aux=0.0000 gate=0.005 gn=2.55 moe_cv=0.77 trainable=219.21M lr=2.67e-05 fp8=False nvfp4=False tok=133347328 tok/s=708 mem=41307MiB
CAT-YOKO-12B B0 step 27748/- nll=11.8562 ppl=140950.8 aux=0.0000 gate=0.005 gn=0.12 moe_cv=0.81 trainable=219.21M lr=2.67e-05 fp8=False nvfp4=False tok=133351424 tok/s=710 mem=41307MiB
CAT-YOKO-12B B0 step 27749/- nll=11.8550 ppl=140781.5 aux=0.0000 gate=0.005 gn=0.08 moe_cv=0.78 trainable=219.21M lr=2.67e-05 fp8=False nvfp4=False tok=133355520 tok/s=709 mem=41307MiB
CAT-YOKO-12B B0 step 27750/- nll=11.8746 ppl=143569.8 aux=0.0000 gate=0.005 gn=0.09 moe_cv=0.78 trainable=219.21M lr=2.67e-05 fp8=False nvfp4=False tok=133359616 tok/s=709 mem=41307MiB
CAT-YOKO-12B B0 step 27751/- nll=11.8621 ppl=141795.0 aux=0.0000 gate=0.005 gn=0.12 moe_cv=0.74 trainable=219.21M lr=2.67e-05 fp8=False nvfp4=False tok=133363712 tok/s=687 mem=41307MiB
CAT-YOKO-12B B0 step 27752/- nll=7.9169 ppl=2743.1 aux=0.0000 gate=0.005 gn=0.12 moe_cv=0.78 trainable=219.21M lr=2.67e-05 fp8=False nvfp4=False tok=133367808 tok/s=635 mem=41307MiB
CAT-YOKO-12B B0 step 27753/- nll=11.8750 ppl=143624.8 aux=0.0000 gate=0.005 gn=2.40 moe_cv=0.78 trainable=219.21M lr=2.67e-05 fp8=False nvfp4=False tok=133371904 tok/s=645 mem=41307MiB
CAT-YOKO-12B B0 step 27754/- nll=11.8510 ppl=140228.5 aux=0.0000 gate=0.005 gn=0.11 moe_cv=0.76 trainable=219.21M lr=2.67e-05 fp8=False nvfp4=False tok=133376000 tok/s=633 mem=41307MiB
CAT-YOKO-12B B0 step 27755/- nll=11.8931 ppl=146255.6 aux=0.0000 gate=0.005 gn=0.10 moe_cv=0.73 trainable=219.21M lr=2.67e-05 fp8=False nvfp4=False tok=133380096 tok/s=644 mem=41307MiB
CAT-YOKO-12B B0 step 27756/- nll=11.8739 ppl=143466.6 aux=0.0000 gate=0.005 gn=0.22 moe_cv=0.70 trainable=219.21M lr=2.67e-05 fp8=False nvfp4=False tok=133384192 tok/s=632 mem=41307MiB
CAT-YOKO-12B B0 step 27757/- nll=11.8862 ppl=145245.4 aux=0.0000 gate=0.005 gn=0.13 moe_cv=0.79 trainable=219.21M lr=2.67e-05 fp8=False nvfp4=False tok=133388288 tok/s=642 mem=41307MiB
CAT-YOKO-12B B0 step 27758/- nll=11.8872 ppl=145396.6 aux=0.0000 gate=0.005 gn=0.17 moe_cv=0.78 trainable=219.21M lr=2.67e-05 fp8=False nvfp4=False tok=133392384 tok/s=615 mem=41307MiB
CAT-YOKO-12B B0 step 27759/- nll=11.8778 ppl=144036.2 aux=0.0000 gate=0.005 gn=0.16 moe_cv=0.76 trainable=219.21M lr=2.67e-05 fp8=False nvfp4=False tok=133396480 tok/s=635 mem=41307MiB
CAT-YOKO-12B B0 step 27760/- nll=11.8522 ppl=140387.5 aux=0.0000 gate=0.005 gn=0.26 moe_cv=0.75 trainable=219.21M lr=2.67e-05 fp8=False nvfp4=False tok=133400576 tok/s=551 mem=41307MiB
CAT-YOKO-12B B0 step 27761/- nll=11.8909 ppl=145927.8 aux=0.0000 gate=0.005 gn=0.16 moe_cv=0.65 trainable=219.21M lr=2.67e-05 fp8=False nvfp4=False tok=133404672 tok/s=640 mem=41307MiB
CAT-YOKO-12B B0 step 27762/- nll=11.8661 ppl=142352.3 aux=0.0000 gate=0.005 gn=0.17 moe_cv=0.80 trainable=219.21M lr=2.67e-05 fp8=False nvfp4=False tok=133408768 tok/s=603 mem=41307MiB
CAT-YOKO-12B B0 step 27763/- nll=11.8683 ppl=142674.7 aux=0.0000 gate=0.005 gn=0.16 moe_cv=0.75 trainable=219.21M lr=2.67e-05 fp8=False nvfp4=False tok=133412864 tok/s=646 mem=41307MiB
CAT-YOKO-12B B0 step 27764/- nll=7.7430 ppl=2305.4 aux=0.0000 gate=0.005 gn=0.11 moe_cv=0.75 trainable=219.21M lr=2.67e-05 fp8=False nvfp4=False tok=133416960 tok/s=628 mem=41307MiB
CAT-YOKO-12B B0 step 27765/- nll=11.8718 ppl=143165.1 aux=0.0000 gate=0.005 gn=3.26 moe_cv=0.79 trainable=219.21M lr=2.67e-05 fp8=False nvfp4=False tok=133421056 tok/s=640 mem=41307MiB
CAT-YOKO-12B B0 step 27766/- nll=11.8649 ppl=142193.9 aux=0.0000 gate=0.005 gn=0.11 moe_cv=0.74 trainable=219.21M lr=2.67e-05 fp8=False nvfp4=False tok=133425152 tok/s=626 mem=41307MiB
CAT-YOKO-12B B0 step 27767/- nll=11.8694 ppl=142832.5 aux=0.0000 gate=0.005 gn=0.11 moe_cv=0.76 trainable=219.21M lr=2.67e-05 fp8=False nvfp4=False tok=133429248 tok/s=646 mem=41307MiB
CAT-YOKO-12B B0 step 27768/- nll=11.8624 ppl=141829.9 aux=0.0000 gate=0.005 gn=0.11 moe_cv=0.76 trainable=219.21M lr=2.67e-05 fp8=False nvfp4=False tok=133433344 tok/s=638 mem=41307MiB
CAT-YOKO-12B B0 step 27769/- nll=8.1931 ppl=3615.8 aux=0.0000 gate=0.005 gn=0.13 moe_cv=0.78 trainable=219.21M lr=2.67e-05 fp8=False nvfp4=False tok=133437440 tok/s=667 mem=41307MiB
CAT-YOKO-12B B0 step 27770/- nll=11.8818 ppl=144613.3 aux=0.0000 gate=0.005 gn=2.05 moe_cv=0.72 trainable=219.21M lr=2.67e-05 fp8=False nvfp4=False tok=133441536 tok/s=640 mem=41307MiB
CAT-YOKO-12B B0 step 27771/- nll=11.9523 ppl=155169.9 aux=0.0000 gate=0.005 gn=0.13 moe_cv=0.78 trainable=219.21M lr=2.67e-05 fp8=False nvfp4=False tok=133445632 tok/s=638 mem=41307MiB
CAT-YOKO-12B B0 step 27772/- nll=7.2359 ppl=1388.4 aux=0.0000 gate=0.005 gn=0.75 moe_cv=0.75 trainable=219.21M lr=2.67e-05 fp8=False nvfp4=False tok=133449728 tok/s=654 mem=41307MiB
CAT-YOKO-12B B0 step 27773/- nll=7.1080 ppl=1221.7 aux=0.0000 gate=0.005 gn=3.47 moe_cv=0.75 trainable=219.21M lr=2.67e-05 fp8=False nvfp4=False tok=133453824 tok/s=676 mem=41307MiB
CAT-YOKO-12B B0 step 27774/- nll=11.8747 ppl=143586.8 aux=0.0000 gate=0.005 gn=3.47 moe_cv=0.74 trainable=219.21M lr=2.67e-05 fp8=False nvfp4=False tok=133457920 tok/s=691 mem=41307MiB
CAT-YOKO-12B B0 step 27775/- nll=11.8930 ppl=146235.2 aux=0.0000 gate=0.005 gn=0.16 moe_cv=0.73 trainable=219.21M lr=2.67e-05 fp8=False nvfp4=False tok=133462016 tok/s=714 mem=41307MiB
CAT-YOKO-12B B0 step 27776/- nll=11.9258 ppl=151121.5 aux=0.0000 gate=0.005 gn=0.19 moe_cv=0.79 trainable=219.21M lr=2.67e-05 fp8=False nvfp4=False tok=133466112 tok/s=711 mem=41307MiB
CAT-YOKO-12B B0 step 27777/- nll=11.8975 ppl=146904.4 aux=0.0000 gate=0.005 gn=0.30 moe_cv=0.74 trainable=219.21M lr=2.67e-05 fp8=False nvfp4=False tok=133470208 tok/s=711 mem=41307MiB
CAT-YOKO-12B B0 step 27778/- nll=11.9491 ppl=154679.9 aux=0.0000 gate=0.005 gn=0.23 moe_cv=0.78 trainable=219.21M lr=2.67e-05 fp8=False nvfp4=False tok=133474304 tok/s=706 mem=41307MiB
CAT-YOKO-12B B0 step 27779/- nll=11.9004 ppl=147322.0 aux=0.0000 gate=0.005 gn=0.89 moe_cv=0.77 trainable=219.21M lr=2.67e-05 fp8=False nvfp4=False tok=133478400 tok/s=709 mem=41307MiB
CAT-YOKO-12B B0 step 27780/- nll=11.8931 ppl=146249.9 aux=0.0000 gate=0.005 gn=0.33 moe_cv=0.76 trainable=219.21M lr=2.67e-05 fp8=False nvfp4=False tok=133482496 tok/s=684 mem=41307MiB
CAT-YOKO-12B B0 step 27781/- nll=11.9037 ppl=147815.5 aux=0.0000 gate=0.005 gn=0.30 moe_cv=0.71 trainable=219.21M lr=2.67e-05 fp8=False nvfp4=False tok=133486592 tok/s=629 mem=41307MiB
CAT-YOKO-12B B0 step 27782/- nll=11.8970 ppl=146831.8 aux=0.0000 gate=0.005 gn=0.26 moe_cv=0.81 trainable=219.21M lr=2.67e-05 fp8=False nvfp4=False tok=133490688 tok/s=624 mem=41307MiB
CAT-YOKO-12B B0 step 27783/- nll=11.8825 ppl=144708.8 aux=0.0000 gate=0.005 gn=0.20 moe_cv=0.75 trainable=219.21M lr=2.67e-05 fp8=False nvfp4=False tok=133494784 tok/s=619 mem=41307MiB
CAT-YOKO-12B B0 step 27784/- nll=11.8925 ppl=146160.7 aux=0.0000 gate=0.005 gn=0.38 moe_cv=0.74 trainable=219.21M lr=2.67e-05 fp8=False nvfp4=False tok=133498880 tok/s=651 mem=41307MiB
CAT-YOKO-12B B0 step 27785/- nll=11.8842 ppl=144956.8 aux=0.0000 gate=0.005 gn=0.29 moe_cv=0.78 trainable=219.21M lr=2.67e-05 fp8=False nvfp4=False tok=133502976 tok/s=636 mem=41307MiB
CAT-YOKO-12B B0 step 27786/- nll=11.8713 ppl=143097.9 aux=0.0000 gate=0.005 gn=0.18 moe_cv=0.77 trainable=219.21M lr=2.67e-05 fp8=False nvfp4=False tok=133507072 tok/s=649 mem=41307MiB
CAT-YOKO-12B B0 step 27787/- nll=12.0307 ppl=167823.5 aux=0.0000 gate=0.005 gn=0.22 moe_cv=0.82 trainable=219.21M lr=2.67e-05 fp8=False nvfp4=False tok=133511168 tok/s=639 mem=41307MiB
CAT-YOKO-12B B0 step 27788/- nll=11.8589 ppl=141340.7 aux=0.0000 gate=0.005 gn=0.98 moe_cv=0.76 trainable=219.21M lr=2.67e-05 fp8=False nvfp4=False tok=133515264 tok/s=563 mem=41307MiB
CAT-YOKO-12B B0 step 27789/- nll=11.8767 ppl=143874.8 aux=0.0000 gate=0.005 gn=0.13 moe_cv=0.73 trainable=219.21M lr=2.67e-05 fp8=False nvfp4=False tok=133519360 tok/s=639 mem=41307MiB
CAT-YOKO-12B B0 step 27790/- nll=11.8759 ppl=143761.1 aux=0.0000 gate=0.005 gn=0.11 moe_cv=0.78 trainable=219.21M lr=2.67e-05 fp8=False nvfp4=False tok=133523456 tok/s=646 mem=41307MiB
CAT-YOKO-12B B0 step 27791/- nll=11.8896 ppl=145743.9 aux=0.0000 gate=0.005 gn=0.09 moe_cv=0.74 trainable=219.21M lr=2.67e-05 fp8=False nvfp4=False tok=133527552 tok/s=630 mem=41307MiB
CAT-YOKO-12B B0 step 27792/- nll=11.8763 ppl=143816.9 aux=0.0000 gate=0.005 gn=0.14 moe_cv=0.77 trainable=219.21M lr=2.67e-05 fp8=False nvfp4=False tok=133531648 tok/s=638 mem=41307MiB
CAT-YOKO-12B B0 step 27793/- nll=11.8694 ppl=142822.6 aux=0.0000 gate=0.005 gn=0.10 moe_cv=0.76 trainable=219.21M lr=2.67e-05 fp8=False nvfp4=False tok=133535744 tok/s=626 mem=41307MiB
CAT-YOKO-12B B0 step 27794/- nll=11.8791 ppl=144220.1 aux=0.0000 gate=0.005 gn=0.11 moe_cv=0.74 trainable=219.21M lr=2.67e-05 fp8=False nvfp4=False tok=133539840 tok/s=647 mem=41307MiB
CAT-YOKO-12B B0 step 27795/- nll=11.9657 ppl=157274.7 aux=0.0000 gate=0.005 gn=0.11 moe_cv=0.76 trainable=219.21M lr=2.67e-05 fp8=False nvfp4=False tok=133543936 tok/s=630 mem=41307MiB
CAT-YOKO-12B B0 step 27796/- nll=11.8631 ppl=141928.4 aux=0.0000 gate=0.005 gn=0.37 moe_cv=0.76 trainable=219.21M lr=2.67e-05 fp8=False nvfp4=False tok=133548032 tok/s=640 mem=41307MiB
CAT-YOKO-12B B0 step 27797/- nll=11.8666 ppl=142430.1 aux=0.0000 gate=0.005 gn=0.09 moe_cv=0.72 trainable=219.21M lr=2.67e-05 fp8=False nvfp4=False tok=133552128 tok/s=650 mem=41307MiB
CAT-YOKO-12B B0 step 27798/- nll=11.8568 ppl=141036.2 aux=0.0000 gate=0.005 gn=0.08 moe_cv=0.78 trainable=219.21M lr=2.67e-05 fp8=False nvfp4=False tok=133556224 tok/s=636 mem=41307MiB
CAT-YOKO-12B B0 step 27799/- nll=11.8607 ppl=141589.5 aux=0.0000 gate=0.005 gn=0.12 moe_cv=0.74 trainable=219.21M lr=2.67e-05 fp8=False nvfp4=False tok=133560320 tok/s=648 mem=41307MiB
CAT-YOKO-12B B0 step 27800/- nll=11.8879 ppl=145496.5 aux=0.0000 gate=0.005 gn=0.10 moe_cv=0.75 trainable=219.21M lr=2.67e-05 fp8=False nvfp4=False tok=133564416 tok/s=638 mem=41307MiB
CAT-YOKO-12B B0 step 27801/- nll=11.8849 ppl=145066.1 aux=0.0000 gate=0.005 gn=0.12 moe_cv=0.77 trainable=219.21M lr=2.67e-05 fp8=False nvfp4=False tok=133568512 tok/s=715 mem=41307MiB
CAT-YOKO-12B B0 step 27802/- nll=11.8651 ppl=142214.6 aux=0.0000 gate=0.005 gn=0.16 moe_cv=0.70 trainable=219.21M lr=2.67e-05 fp8=False nvfp4=False tok=133572608 tok/s=717 mem=41307MiB
CAT-YOKO-12B B0 step 27803/- nll=11.8763 ppl=143820.8 aux=0.0000 gate=0.005 gn=0.08 moe_cv=0.81 trainable=219.21M lr=2.67e-05 fp8=False nvfp4=False tok=133576704 tok/s=705 mem=41307MiB
CAT-YOKO-12B B0 step 27804/- nll=11.8557 ppl=140890.0 aux=0.0000 gate=0.005 gn=0.16 moe_cv=0.72 trainable=219.21M lr=2.67e-05 fp8=False nvfp4=False tok=133580800 tok/s=714 mem=41307MiB
CAT-YOKO-12B B0 step 27805/- nll=11.8629 ppl=141899.4 aux=0.0000 gate=0.005 gn=0.19 moe_cv=0.66 trainable=219.21M lr=2.67e-05 fp8=False nvfp4=False tok=133584896 tok/s=710 mem=41307MiB
CAT-YOKO-12B B0 step 27806/- nll=11.8643 ppl=142096.3 aux=0.0000 gate=0.005 gn=0.13 moe_cv=0.76 trainable=219.21M lr=2.67e-05 fp8=False nvfp4=False tok=133588992 tok/s=684 mem=41307MiB
CAT-YOKO-12B B0 step 27807/- nll=11.8660 ppl=142348.5 aux=0.0000 gate=0.005 gn=0.23 moe_cv=0.67 trainable=219.21M lr=2.67e-05 fp8=False nvfp4=False tok=133593088 tok/s=608 mem=41307MiB
CAT-YOKO-12B B0 step 27808/- nll=11.8665 ppl=142417.0 aux=0.0000 gate=0.005 gn=0.11 moe_cv=0.78 trainable=219.21M lr=2.67e-05 fp8=False nvfp4=False tok=133597184 tok/s=643 mem=41307MiB
CAT-YOKO-12B B0 step 27809/- nll=11.8610 ppl=141635.5 aux=0.0000 gate=0.005 gn=0.13 moe_cv=0.73 trainable=219.21M lr=2.67e-05 fp8=False nvfp4=False tok=133601280 tok/s=634 mem=41307MiB
CAT-YOKO-12B B0 step 27810/- nll=11.8581 ppl=141229.6 aux=0.0000 gate=0.005 gn=0.14 moe_cv=0.76 trainable=219.21M lr=2.67e-05 fp8=False nvfp4=False tok=133605376 tok/s=637 mem=41307MiB
CAT-YOKO-12B B0 step 27811/- nll=11.8830 ppl=144789.4 aux=0.0000 gate=0.005 gn=0.14 moe_cv=0.75 trainable=219.21M lr=2.67e-05 fp8=False nvfp4=False tok=133609472 tok/s=622 mem=41307MiB
CAT-YOKO-12B B0 step 27812/- nll=11.8453 ppl=139423.7 aux=0.0000 gate=0.005 gn=0.10 moe_cv=0.80 trainable=219.21M lr=2.67e-05 fp8=False nvfp4=False tok=133613568 tok/s=644 mem=41307MiB
CAT-YOKO-12B B0 step 27813/- nll=11.8643 ppl=142102.9 aux=0.0000 gate=0.005 gn=0.10 moe_cv=0.70 trainable=219.21M lr=2.67e-05 fp8=False nvfp4=False tok=133617664 tok/s=633 mem=41307MiB
CAT-YOKO-12B B0 step 27814/- nll=11.8485 ppl=139874.7 aux=0.0000 gate=0.005 gn=0.08 moe_cv=0.75 trainable=219.21M lr=2.67e-05 fp8=False nvfp4=False tok=133621760 tok/s=642 mem=41307MiB
CAT-YOKO-12B B0 step 27815/- nll=11.8426 ppl=139051.5 aux=0.0000 gate=0.005 gn=0.11 moe_cv=0.77 trainable=219.21M lr=2.67e-05 fp8=False nvfp4=False tok=133625856 tok/s=637 mem=41307MiB
CAT-YOKO-12B B0 step 27816/- nll=11.8407 ppl=138794.0 aux=0.0000 gate=0.005 gn=0.13 moe_cv=0.75 trainable=219.21M lr=2.67e-05 fp8=False nvfp4=False tok=133629952 tok/s=564 mem=41307MiB
CAT-YOKO-12B B0 step 27817/- nll=11.8563 ppl=140968.3 aux=0.0000 gate=0.005 gn=0.06 moe_cv=0.77 trainable=219.21M lr=2.67e-05 fp8=False nvfp4=False tok=133634048 tok/s=639 mem=41307MiB
CAT-YOKO-12B B0 step 27818/- nll=11.8637 ppl=142017.9 aux=0.0000 gate=0.005 gn=0.09 moe_cv=0.67 trainable=219.21M lr=2.67e-05 fp8=False nvfp4=False tok=133638144 tok/s=652 mem=41307MiB
CAT-YOKO-12B B0 step 27819/- nll=11.8409 ppl=138809.8 aux=0.0000 gate=0.005 gn=0.07 moe_cv=0.79 trainable=219.21M lr=2.67e-05 fp8=False nvfp4=False tok=133642240 tok/s=623 mem=41307MiB
CAT-YOKO-12B B0 step 27820/- nll=11.8528 ppl=140471.6 aux=0.0000 gate=0.005 gn=0.09 moe_cv=0.70 trainable=219.21M lr=2.67e-05 fp8=False nvfp4=False tok=133646336 tok/s=637 mem=41307MiB
CAT-YOKO-12B B0 step 27821/- nll=11.8702 ppl=142949.1 aux=0.0000 gate=0.005 gn=0.11 moe_cv=0.67 trainable=219.21M lr=2.67e-05 fp8=False nvfp4=False tok=133650432 tok/s=639 mem=41307MiB
CAT-YOKO-12B B0 step 27822/- nll=11.8668 ppl=142462.7 aux=0.0000 gate=0.005 gn=0.09 moe_cv=0.80 trainable=219.21M lr=2.67e-05 fp8=False nvfp4=False tok=133654528 tok/s=644 mem=41307MiB
CAT-YOKO-12B B0 step 27823/- nll=11.8460 ppl=139525.0 aux=0.0000 gate=0.005 gn=0.20 moe_cv=0.76 trainable=219.21M lr=2.67e-05 fp8=False nvfp4=False tok=133658624 tok/s=622 mem=41307MiB
CAT-YOKO-12B B0 step 27824/- nll=11.8780 ppl=144067.2 aux=0.0000 gate=0.005 gn=0.11 moe_cv=0.67 trainable=219.21M lr=2.67e-05 fp8=False nvfp4=False tok=133662720 tok/s=636 mem=41307MiB
CAT-YOKO-12B B0 step 27825/- nll=11.8504 ppl=140143.6 aux=0.0000 gate=0.005 gn=0.19 moe_cv=0.77 trainable=219.21M lr=2.67e-05 fp8=False nvfp4=False tok=133666816 tok/s=651 mem=41307MiB
CAT-YOKO-12B B0 step 27826/- nll=11.8592 ppl=141385.7 aux=0.0000 gate=0.005 gn=0.09 moe_cv=0.70 trainable=219.21M lr=2.67e-05 fp8=False nvfp4=False tok=133670912 tok/s=644 mem=41307MiB
CAT-YOKO-12B B0 step 27827/- nll=11.8520 ppl=140367.5 aux=0.0000 gate=0.005 gn=0.11 moe_cv=0.77 trainable=219.21M lr=2.67e-05 fp8=False nvfp4=False tok=133675008 tok/s=679 mem=41307MiB
CAT-YOKO-12B B0 step 27828/- nll=11.8442 ppl=139271.1 aux=0.0000 gate=0.005 gn=0.08 moe_cv=0.77 trainable=219.21M lr=2.67e-05 fp8=False nvfp4=False tok=133679104 tok/s=712 mem=41307MiB
CAT-YOKO-12B B0 step 27829/- nll=11.8388 ppl=138517.4 aux=0.0000 gate=0.005 gn=0.10 moe_cv=0.76 trainable=219.21M lr=2.67e-05 fp8=False nvfp4=False tok=133683200 tok/s=720 mem=41307MiB
CAT-YOKO-12B B0 step 27830/- nll=11.8577 ppl=141173.5 aux=0.0000 gate=0.005 gn=0.09 moe_cv=0.73 trainable=219.21M lr=2.67e-05 fp8=False nvfp4=False tok=133687296 tok/s=718 mem=41307MiB
CAT-YOKO-12B B0 step 27831/- nll=11.8498 ppl=140058.4 aux=0.0000 gate=0.005 gn=0.16 moe_cv=0.78 trainable=219.21M lr=2.67e-05 fp8=False nvfp4=False tok=133691392 tok/s=718 mem=41307MiB
CAT-YOKO-12B B0 step 27832/- nll=11.8556 ppl=140875.8 aux=0.0000 gate=0.005 gn=0.11 moe_cv=0.71 trainable=219.21M lr=2.67e-05 fp8=False nvfp4=False tok=133695488 tok/s=715 mem=41307MiB
CAT-YOKO-12B B0 step 27833/- nll=11.8955 ppl=146609.8 aux=0.0000 gate=0.005 gn=0.08 moe_cv=0.71 trainable=219.21M lr=2.67e-05 fp8=False nvfp4=False tok=133699584 tok/s=688 mem=41307MiB
CAT-YOKO-12B B0 step 27834/- nll=11.8380 ppl=138419.4 aux=0.0000 gate=0.005 gn=0.22 moe_cv=0.76 trainable=219.21M lr=2.67e-05 fp8=False nvfp4=False tok=133703680 tok/s=652 mem=41307MiB
CAT-YOKO-12B B0 step 27835/- nll=11.8416 ppl=138916.4 aux=0.0000 gate=0.005 gn=0.08 moe_cv=0.73 trainable=219.21M lr=2.67e-05 fp8=False nvfp4=False tok=133707776 tok/s=642 mem=41307MiB
CAT-YOKO-12B B0 step 27836/- nll=11.8467 ppl=139617.7 aux=0.0000 gate=0.005 gn=0.10 moe_cv=0.75 trainable=219.21M lr=2.67e-05 fp8=False nvfp4=False tok=133711872 tok/s=647 mem=41307MiB
CAT-YOKO-12B B0 step 27837/- nll=11.8432 ppl=139131.1 aux=0.0000 gate=0.005 gn=0.07 moe_cv=0.70 trainable=219.21M lr=2.67e-05 fp8=False nvfp4=False tok=133715968 tok/s=639 mem=41307MiB
CAT-YOKO-12B B0 step 27838/- nll=11.8538 ppl=140619.1 aux=0.0000 gate=0.005 gn=0.08 moe_cv=0.77 trainable=219.21M lr=2.67e-05 fp8=False nvfp4=False tok=133720064 tok/s=653 mem=41307MiB
CAT-YOKO-12B B0 step 27839/- nll=11.8874 ppl=145426.2 aux=0.0000 gate=0.005 gn=0.11 moe_cv=0.81 trainable=219.21M lr=2.67e-05 fp8=False nvfp4=False tok=133724160 tok/s=638 mem=41307MiB
CAT-YOKO-12B B0 step 27840/- nll=11.8503 ppl=140123.1 aux=0.0000 gate=0.005 gn=0.19 moe_cv=0.72 trainable=219.21M lr=2.67e-05 fp8=False nvfp4=False tok=133728256 tok/s=650 mem=41307MiB
CAT-YOKO-12B B0 step 27841/- nll=11.8413 ppl=138875.7 aux=0.0000 gate=0.005 gn=0.07 moe_cv=0.81 trainable=219.21M lr=2.67e-05 fp8=False nvfp4=False tok=133732352 tok/s=645 mem=41307MiB
CAT-YOKO-12B B0 step 27842/- nll=11.8456 ppl=139473.7 aux=0.0000 gate=0.005 gn=0.07 moe_cv=0.76 trainable=219.21M lr=2.67e-05 fp8=False nvfp4=False tok=133736448 tok/s=644 mem=41307MiB
CAT-YOKO-12B B0 step 27843/- nll=11.8458 ppl=139491.6 aux=0.0000 gate=0.005 gn=0.09 moe_cv=0.78 trainable=219.21M lr=2.67e-05 fp8=False nvfp4=False tok=133740544 tok/s=631 mem=41307MiB
CAT-YOKO-12B B0 step 27844/- nll=11.8698 ppl=142890.2 aux=0.0000 gate=0.005 gn=0.10 moe_cv=0.76 trainable=219.21M lr=2.67e-05 fp8=False nvfp4=False tok=133744640 tok/s=646 mem=41307MiB
CAT-YOKO-12B B0 step 27845/- nll=11.8529 ppl=140491.4 aux=0.0000 gate=0.005 gn=0.21 moe_cv=0.80 trainable=219.21M lr=2.67e-05 fp8=False nvfp4=False tok=133748736 tok/s=552 mem=41307MiB
CAT-YOKO-12B B0 step 27846/- nll=11.8555 ppl=140863.1 aux=0.0000 gate=0.005 gn=0.13 moe_cv=0.79 trainable=219.21M lr=2.67e-05 fp8=False nvfp4=False tok=133752832 tok/s=645 mem=41307MiB
CAT-YOKO-12B B0 step 27847/- nll=11.8668 ppl=142452.2 aux=0.0000 gate=0.005 gn=0.08 moe_cv=0.69 trainable=219.21M lr=2.68e-05 fp8=False nvfp4=False tok=133756928 tok/s=649 mem=41307MiB
CAT-YOKO-12B B0 step 27848/- nll=8.7158 ppl=6098.5 aux=0.0000 gate=0.005 gn=0.18 moe_cv=0.78 trainable=219.21M lr=2.68e-05 fp8=False nvfp4=False tok=133761024 tok/s=646 mem=41307MiB
CAT-YOKO-12B B0 step 27849/- nll=11.8539 ppl=140629.8 aux=0.0000 gate=0.005 gn=3.20 moe_cv=0.74 trainable=219.21M lr=2.68e-05 fp8=False nvfp4=False tok=133765120 tok/s=645 mem=41307MiB
CAT-YOKO-12B B0 step 27850/- nll=11.8320 ppl=137581.9 aux=0.0000 gate=0.005 gn=0.08 moe_cv=0.82 trainable=219.21M lr=2.68e-05 fp8=False nvfp4=False tok=133769216 tok/s=648 mem=41307MiB
CAT-YOKO-12B B0 step 27851/- nll=11.8828 ppl=144756.6 aux=0.0000 gate=0.005 gn=0.07 moe_cv=0.78 trainable=219.21M lr=2.68e-05 fp8=False nvfp4=False tok=133773312 tok/s=651 mem=41307MiB
CAT-YOKO-12B B0 step 27852/- nll=11.8597 ppl=141446.3 aux=0.0000 gate=0.005 gn=0.16 moe_cv=0.86 trainable=219.21M lr=2.68e-05 fp8=False nvfp4=False tok=133777408 tok/s=633 mem=41307MiB
CAT-YOKO-12B B0 step 27853/- nll=11.8324 ppl=137635.0 aux=0.0000 gate=0.005 gn=0.14 moe_cv=0.78 trainable=219.21M lr=2.68e-05 fp8=False nvfp4=False tok=133781504 tok/s=652 mem=41307MiB
CAT-YOKO-12B B0 step 27854/- nll=11.8470 ppl=139663.9 aux=0.0000 gate=0.005 gn=0.08 moe_cv=0.73 trainable=219.21M lr=2.68e-05 fp8=False nvfp4=False tok=133785600 tok/s=646 mem=41307MiB
CAT-YOKO-12B B0 step 27855/- nll=11.8445 ppl=139310.9 aux=0.0000 gate=0.005 gn=0.08 moe_cv=0.75 trainable=219.21M lr=2.68e-05 fp8=False nvfp4=False tok=133789696 tok/s=650 mem=41307MiB
CAT-YOKO-12B B0 step 27856/- nll=11.8444 ppl=139305.9 aux=0.0000 gate=0.005 gn=0.08 moe_cv=0.73 trainable=219.21M lr=2.68e-05 fp8=False nvfp4=False tok=133793792 tok/s=636 mem=41307MiB
CAT-YOKO-12B B0 step 27857/- nll=11.8937 ppl=146346.3 aux=0.0000 gate=0.005 gn=0.08 moe_cv=0.81 trainable=219.21M lr=2.68e-05 fp8=False nvfp4=False tok=133797888 tok/s=641 mem=41307MiB
CAT-YOKO-12B B0 step 27858/- nll=11.8473 ppl=139713.4 aux=0.0000 gate=0.005 gn=0.16 moe_cv=0.75 trainable=219.21M lr=2.68e-05 fp8=False nvfp4=False tok=133801984 tok/s=627 mem=41307MiB
CAT-YOKO-12B B0 step 27859/- nll=11.8992 ppl=147147.4 aux=0.0000 gate=0.005 gn=0.15 moe_cv=0.74 trainable=219.21M lr=2.68e-05 fp8=False nvfp4=False tok=133806080 tok/s=639 mem=41307MiB
CAT-YOKO-12B B0 step 27860/- nll=11.8537 ppl=140610.5 aux=0.0000 gate=0.005 gn=0.34 moe_cv=0.75 trainable=219.21M lr=2.68e-05 fp8=False nvfp4=False tok=133810176 tok/s=641 mem=41307MiB
CAT-YOKO-12B B0 step 27861/- nll=11.8478 ppl=139770.5 aux=0.0000 gate=0.005 gn=0.11 moe_cv=0.76 trainable=219.21M lr=2.68e-05 fp8=False nvfp4=False tok=133814272 tok/s=644 mem=41307MiB
CAT-YOKO-12B B0 step 27862/- nll=11.8545 ppl=140711.5 aux=0.0000 gate=0.005 gn=0.08 moe_cv=0.69 trainable=219.21M lr=2.68e-05 fp8=False nvfp4=False tok=133818368 tok/s=632 mem=41307MiB
CAT-YOKO-12B B0 step 27863/- nll=11.8506 ppl=140169.6 aux=0.0000 gate=0.005 gn=0.11 moe_cv=0.70 trainable=219.21M lr=2.68e-05 fp8=False nvfp4=False tok=133822464 tok/s=655 mem=41307MiB
CAT-YOKO-12B B0 step 27864/- nll=11.8468 ppl=139632.1 aux=0.0000 gate=0.005 gn=0.08 moe_cv=0.72 trainable=219.21M lr=2.68e-05 fp8=False nvfp4=False tok=133826560 tok/s=642 mem=41307MiB
CAT-YOKO-12B B0 step 27865/- nll=11.8640 ppl=142055.1 aux=0.0000 gate=0.005 gn=0.12 moe_cv=0.76 trainable=219.21M lr=2.68e-05 fp8=False nvfp4=False tok=133830656 tok/s=653 mem=41307MiB
CAT-YOKO-12B B0 step 27866/- nll=8.1644 ppl=3513.5 aux=0.0000 gate=0.005 gn=0.16 moe_cv=0.76 trainable=219.21M lr=2.68e-05 fp8=False nvfp4=False tok=133834752 tok/s=651 mem=41307MiB
CAT-YOKO-12B B0 step 27867/- nll=11.8457 ppl=139482.1 aux=0.0000 gate=0.005 gn=4.12 moe_cv=0.83 trainable=219.21M lr=2.68e-05 fp8=False nvfp4=False tok=133838848 tok/s=664 mem=41307MiB
CAT-YOKO-12B B0 step 27868/- nll=11.8361 ppl=138153.0 aux=0.0000 gate=0.005 gn=0.13 moe_cv=0.76 trainable=219.21M lr=2.68e-05 fp8=False nvfp4=False tok=133842944 tok/s=661 mem=41307MiB
CAT-YOKO-12B B0 step 27869/- nll=11.8364 ppl=138194.4 aux=0.0000 gate=0.005 gn=0.12 moe_cv=0.73 trainable=219.21M lr=2.68e-05 fp8=False nvfp4=False tok=133847040 tok/s=663 mem=41307MiB
CAT-YOKO-12B B0 step 27870/- nll=11.8550 ppl=140784.4 aux=0.0000 gate=0.005 gn=0.09 moe_cv=0.73 trainable=219.21M lr=2.68e-05 fp8=False nvfp4=False tok=133851136 tok/s=719 mem=41307MiB
CAT-YOKO-12B B0 step 27871/- nll=11.8465 ppl=139589.7 aux=0.0000 gate=0.005 gn=0.11 moe_cv=0.73 trainable=219.21M lr=2.68e-05 fp8=False nvfp4=False tok=133855232 tok/s=712 mem=41307MiB
CAT-YOKO-12B B0 step 27872/- nll=11.8314 ppl=137507.2 aux=0.0000 gate=0.005 gn=0.08 moe_cv=0.72 trainable=219.21M lr=2.68e-05 fp8=False nvfp4=False tok=133859328 tok/s=709 mem=41307MiB
CAT-YOKO-12B B0 step 27873/- nll=11.8405 ppl=138762.6 aux=0.0000 gate=0.005 gn=0.12 moe_cv=0.75 trainable=219.21M lr=2.68e-05 fp8=False nvfp4=False tok=133863424 tok/s=696 mem=41307MiB
CAT-YOKO-12B B0 step 27874/- nll=11.8688 ppl=142740.9 aux=0.0000 gate=0.005 gn=0.11 moe_cv=0.78 trainable=219.21M lr=2.68e-05 fp8=False nvfp4=False tok=133867520 tok/s=668 mem=41307MiB
=== B0 Ampere 3090 BF16 2026-09-20T03:36:17Z ===
NVIDIA GeForce RTX 3090, 8.6, 49152 MiB, 0 MiB
Filesystem      Size  Used Avail Use% Mounted on
overlay          30G  401M   30G   2% /
/dev/md0         50G  6.8G   44G  14% /root/autodl-tmp
torch 2.8.0+cu128 cuda 12.8 cap (8, 6)
Hub overlay copy ok sha256=7eebc9a4da78d79be71bbe52881f2a0eaffd899f58ada3a3325f410eca181955 (read-only; will not write this file)
resume (sibling overlay, not Hub) /root/autodl-tmp/b0-3090-bf16
save (new overlay, not Hub) /root/autodl-tmp/b0-3090-bf16
B0 Ampere argv seq=4096 more-steps=unlimited (8e9 envelope) save-every=200 no-nvfp4 zero-3
B0 argv: --config 12b --phase B0 --device cuda --dtype bf16 --seed 0 --save-dir /root/autodl-tmp/b0-3090-bf16 --keep-last 2 --no-save-full --save-trainable --no-save-optim --micro-batch 1 --accum 1 --grad-ckpt --no-offload-encoder --no-offload-blocks --no-optim-cpu --backend deepspeed --zero 3 --zero-offload --zero-offload-param --seq-len 4096 --tokens 8000000000.0 --save-every 200 --log-every 20 --log /root/autodl-tmp/b0-3090-bf16/metrics.jsonl --resume /root/autodl-tmp/b0-3090-bf16 --upcycle-hf /root/autodl-tmp/hf/MiniCPM5-2B-Base --no-nvfp4 --dtype bf16
[transformers] `torch_dtype` is deprecated! Use `dtype` instead!
Loading weights:   0%|          | 0/381 [00:00<?, ?it/s]Loading weights: 100%|██████████| 381/381 [00:00<00:00, 5314.79it/s]
overlay resume /root/autodl-tmp/b0-3090-bf16/trainable_step_27800.pt: 132 tensors ckpt_phase=B0 cli_phase=B0
built CAT-YOKO-12B on cuda:0 dtype=bf16 params=0 alloc=0.93GiB grad_ckpt=True seq=4096 offload_enc=False offload_blocks=False optim_cpu=False adam=ds-cpu zero=3 ds=True zero_offload=True zero_offload_param=True trainable=219.21M reuse=False nvfp4=False nvfp4_n=0 nvfp4_family=other te_linear=False grouped_mm=False te=False te_nvfp4=False return_logits=False sparse=window loss=ce PYTORCH_CUDA_ALLOC_CONF=expandable_segments:True
[2026-09-20 11:37:08,850] [WARNING] [torch_autocast.py:122:autocast_if_enabled] torch.autocast is enabled outside DeepSpeed but disabled within the DeepSpeed engine. If you are using DeepSpeed's built-in mixed precision, the engine will follow the settings in bf16/fp16 section. To use torch's native autocast instead, configure the `torch_autocast` section in the DeepSpeed config.
CAT-YOKO-12B B0 step 27820/- nll=11.8563 ppl=140974.6 aux=0.0000 gate=0.005 gn=0.10 moe_cv=0.70 trainable=219.21M lr=2.67e-05 fp8=False nvfp4=False tok=133646336 tok/s=660 mem=42306MiB
CAT-YOKO-12B B0 step 27840/- nll=11.8540 ppl=140641.2 aux=0.0000 gate=0.005 gn=0.16 moe_cv=0.72 trainable=219.21M lr=2.67e-05 fp8=False nvfp4=False tok=133728256 tok/s=692 mem=42306MiB
CAT-YOKO-12B B0 step 27860/- nll=11.8517 ppl=140320.7 aux=0.0000 gate=0.005 gn=0.31 moe_cv=0.75 trainable=219.21M lr=2.68e-05 fp8=False nvfp4=False tok=133810176 tok/s=688 mem=42306MiB
CAT-YOKO-12B B0 step 27880/- nll=11.8500 ppl=140087.7 aux=0.0000 gate=0.005 gn=0.08 moe_cv=0.78 trainable=219.21M lr=2.68e-05 fp8=False nvfp4=False tok=133892096 tok/s=679 mem=42306MiB
CAT-YOKO-12B B0 step 27900/- nll=11.8452 ppl=139412.6 aux=0.0000 gate=0.005 gn=0.10 moe_cv=0.77 trainable=219.21M lr=2.68e-05 fp8=False nvfp4=False tok=133974016 tok/s=687 mem=42306MiB
CAT-YOKO-12B B0 step 27920/- nll=11.8500 ppl=140085.3 aux=0.0000 gate=0.005 gn=0.15 moe_cv=0.72 trainable=219.21M lr=2.68e-05 fp8=False nvfp4=False tok=134055936 tok/s=691 mem=42306MiB
CAT-YOKO-12B B0 step 27940/- nll=11.8673 ppl=142524.7 aux=0.0000 gate=0.005 gn=0.11 moe_cv=0.70 trainable=219.21M lr=2.68e-05 fp8=False nvfp4=False tok=134137856 tok/s=648 mem=42306MiB
=== B0 Ampere 3090 BF16 2026-09-20T03:52:29Z ===
NVIDIA GeForce RTX 3090, 8.6, 49152 MiB, 0 MiB
Filesystem      Size  Used Avail Use% Mounted on
overlay          30G  401M   30G   2% /
/dev/md0         50G  6.8G   44G  14% /root/autodl-tmp
torch 2.8.0+cu128 cuda 12.8 cap (8, 6)
Hub overlay copy ok sha256=7eebc9a4da78d79be71bbe52881f2a0eaffd899f58ada3a3325f410eca181955 (read-only; will not write this file)
resume (sibling overlay, not Hub) /root/autodl-tmp/b0-3090-bf16
save (new overlay, not Hub) /root/autodl-tmp/b0-3090-bf16
B0 Ampere argv seq=4096 more-steps=unlimited (8e9 envelope) save-every=200 no-nvfp4 zero-3
B0 argv: --config 12b --phase B0 --device cuda --dtype bf16 --seed 0 --save-dir /root/autodl-tmp/b0-3090-bf16 --keep-last 2 --no-save-full --save-trainable --no-save-optim --micro-batch 1 --accum 1 --grad-ckpt --no-offload-encoder --no-offload-blocks --no-optim-cpu --backend deepspeed --zero 3 --zero-offload --zero-offload-param --seq-len 4096 --tokens 8000000000.0 --save-every 200 --log-every 20 --log /root/autodl-tmp/b0-3090-bf16/metrics.jsonl --resume /root/autodl-tmp/b0-3090-bf16 --upcycle-hf /root/autodl-tmp/hf/MiniCPM5-2B-Base --no-nvfp4 --dtype bf16
[transformers] `torch_dtype` is deprecated! Use `dtype` instead!
Loading weights:   0%|          | 0/381 [00:00<?, ?it/s]Loading weights: 100%|██████████| 381/381 [00:00<00:00, 6166.26it/s]
overlay resume /root/autodl-tmp/b0-3090-bf16/trainable_step_27800.pt: 132 tensors ckpt_phase=B0 cli_phase=B0
Exception ignored in: <function DeepSpeedCPUAdam.__del__ at 0x7fd36c4d9ee0>
Traceback (most recent call last):
  File "/root/miniconda3/lib/python3.12/site-packages/deepspeed/ops/adam/cpu_adam.py", line 99, in __del__
    self.ds_opt_adam.destroy_adam(self.opt_id)
    ^^^^^^^^^^^^^^^^
AttributeError: 'DeepSpeedCPUAdam' object has no attribute 'ds_opt_adam'
built CAT-YOKO-12B on cuda:0 dtype=bf16 params=0 alloc=0.93GiB grad_ckpt=True seq=4096 offload_enc=False offload_blocks=False optim_cpu=False adam=ds-cpu zero=3 ds=True zero_offload=True zero_offload_param=True trainable=219.21M reuse=False nvfp4=False nvfp4_n=0 nvfp4_family=other te_linear=False grouped_mm=False te=False te_nvfp4=False return_logits=False sparse=window loss=ce PYTORCH_CUDA_ALLOC_CONF=expandable_segments:True
[2026-09-20 11:53:53,082] [WARNING] [torch_autocast.py:122:autocast_if_enabled] torch.autocast is enabled outside DeepSpeed but disabled within the DeepSpeed engine. If you are using DeepSpeed's built-in mixed precision, the engine will follow the settings in bf16/fp16 section. To use torch's native autocast instead, configure the `torch_autocast` section in the DeepSpeed config.
[rank0]: Traceback (most recent call last):
[rank0]:   File "<frozen runpy>", line 198, in _run_module_as_main
[rank0]:   File "<frozen runpy>", line 88, in _run_code
[rank0]:   File "/root/autodl-tmp/CAT-YOKO/cat_yoko/b0.py", line 17, in <module>
[rank0]:     raise SystemExit(main_b0(sys.argv[1:]))
[rank0]:                      ^^^^^^^^^^^^^^^^^^^^^
[rank0]:   File "/root/autodl-tmp/CAT-YOKO/cat_yoko/phase_train.py", line 302, in main_b0
[rank0]:     return run_phase("B0", argv)
[rank0]:            ^^^^^^^^^^^^^^^^^^^^^
[rank0]:   File "/root/autodl-tmp/CAT-YOKO/cat_yoko/phase_train.py", line 298, in run_phase
[rank0]:     return train_main(built)
[rank0]:            ^^^^^^^^^^^^^^^^^
[rank0]:   File "/root/autodl-tmp/CAT-YOKO/cat_yoko/train.py", line 525, in main
[rank0]:     tr.run()
[rank0]:   File "/root/autodl-tmp/CAT-YOKO/cat_yoko/trainer.py", line 1152, in run
[rank0]:     model.step()
[rank0]:   File "/root/miniconda3/lib/python3.12/site-packages/deepspeed/runtime/engine.py", line 3696, in step
[rank0]:     self._take_model_step(lr_kwargs)
[rank0]:   File "/root/miniconda3/lib/python3.12/site-packages/deepspeed/runtime/engine.py", line 3583, in _take_model_step
[rank0]:     self.optimizer.step()
[rank0]:   File "/root/miniconda3/lib/python3.12/site-packages/deepspeed/utils/nvtx.py", line 33, in wrapped_fn
[rank0]:     ret_val = func(*args, **kwargs)
[rank0]:               ^^^^^^^^^^^^^^^^^^^^^
[rank0]:   File "/root/miniconda3/lib/python3.12/site-packages/deepspeed/runtime/zero/stage3.py", line 2655, in step
[rank0]:     self._post_step(timer_names)
[rank0]:   File "/root/miniconda3/lib/python3.12/site-packages/deepspeed/utils/nvtx.py", line 33, in wrapped_fn
[rank0]:     ret_val = func(*args, **kwargs)
[rank0]:               ^^^^^^^^^^^^^^^^^^^^^
[rank0]:   File "/root/miniconda3/lib/python3.12/site-packages/deepspeed/runtime/zero/stage3.py", line 2579, in _post_step
[rank0]:     self.persistent_parameters[0].all_gather(self.persistent_parameters)
[rank0]:   File "/root/miniconda3/lib/python3.12/site-packages/deepspeed/runtime/zero/partition_parameters.py", line 1309, in all_gather
[rank0]:     return self._all_gather(param_list, async_op=async_op, hierarchy=hierarchy)
[rank0]:            ^^^^^^^^^^^^^^^^^^^^^^^^^^^^^^^^^^^^^^^^^^^^^^^^^^^^^^^^^^^^^^^^^^^^
[rank0]:   File "/root/miniconda3/lib/python3.12/site-packages/deepspeed/utils/nvtx.py", line 33, in wrapped_fn
[rank0]:     ret_val = func(*args, **kwargs)
[rank0]:               ^^^^^^^^^^^^^^^^^^^^^
[rank0]:   File "/root/miniconda3/lib/python3.12/site-packages/deepspeed/runtime/zero/partition_parameters.py", line 1739, in _all_gather
[rank0]:     self._allgather_params_coalesced(all_gather_nonquantize_list, hierarchy, quantize=False)
[rank0]:   File "/root/miniconda3/lib/python3.12/site-packages/deepspeed/runtime/zero/partition_parameters.py", line 2012, in _allgather_params_coalesced
[rank0]:     handle = _no_gather_coalesced(param_list)
[rank0]:              ^^^^^^^^^^^^^^^^^^^^^^^^^^^^^^^^
[rank0]:   File "/root/miniconda3/lib/python3.12/site-packages/deepspeed/runtime/zero/partition_parameters.py", line 913, in _no_gather_coalesced
[rank0]:     return NoGatherCoalescedHandle(params)
[rank0]:            ^^^^^^^^^^^^^^^^^^^^^^^^^^^^^^^
[rank0]:   File "/root/miniconda3/lib/python3.12/site-packages/deepspeed/runtime/zero/partition_parameters.py", line 104, in __init__
[rank0]:     param.data = param.ds_tensor.data.to(device=get_accelerator().current_device_name(),
[rank0]:                  ^^^^^^^^^^^^^^^^^^^^^^^^^^^^^^^^^^^^^^^^^^^^^^^^^^^^^^^^^^^^^^^^^^^^^^^
[rank0]: torch.OutOfMemoryError: CUDA out of memory. Tried to allocate 20.00 MiB. GPU 0 has a total capacity of 47.41 GiB of which 18.75 MiB is free. Including non-PyTorch memory, this process has 47.34 GiB memory in use. Of the allocated memory 45.97 GiB is allocated by PyTorch, and 236.01 MiB is reserved by PyTorch but unallocated. If reserved but unallocated memory is large try setting PYTORCH_CUDA_ALLOC_CONF=expandable_segments:True to avoid fragmentation.  See documentation for Memory Management  (https://pytorch.org/docs/stable/notes/cuda.html#environment-variables)
=== B0 Ampere 3090 BF16 2026-09-20T03:59:49Z ===
NVIDIA GeForce RTX 3090, 8.6, 49152 MiB, 0 MiB
Filesystem      Size  Used Avail Use% Mounted on
overlay          30G  448M   30G   2% /
/dev/md0         50G  6.8G   44G  14% /root/autodl-tmp
torch 2.8.0+cu128 cuda 12.8 cap (8, 6)
DeepSpeedCPUAdam op ready
Hub overlay copy ok sha256=7eebc9a4da78d79be71bbe52881f2a0eaffd899f58ada3a3325f410eca181955 (read-only; will not write this file)
resume (sibling overlay, not Hub) /root/autodl-tmp/b0-3090-bf16
save (new overlay, not Hub) /root/autodl-tmp/b0-3090-bf16
B0 Ampere argv seq=4096 more-steps=unlimited (8e9 envelope) save-every=200 no-nvfp4 zero-3
B0 argv: --config 12b --phase B0 --device cuda --dtype bf16 --seed 0 --save-dir /root/autodl-tmp/b0-3090-bf16 --keep-last 2 --no-save-full --save-trainable --no-save-optim --micro-batch 1 --accum 1 --grad-ckpt --no-offload-encoder --no-offload-blocks --no-optim-cpu --backend deepspeed --zero 3 --zero-offload --zero-offload-param --seq-len 4096 --tokens 8000000000.0 --save-every 200 --log-every 20 --log /root/autodl-tmp/b0-3090-bf16/metrics.jsonl --resume /root/autodl-tmp/b0-3090-bf16 --upcycle-hf /root/autodl-tmp/hf/MiniCPM5-2B-Base --no-nvfp4 --dtype bf16
[transformers] `torch_dtype` is deprecated! Use `dtype` instead!
Loading weights:   0%|          | 0/381 [00:00<?, ?it/s]Loading weights: 100%|██████████| 381/381 [00:00<00:00, 6401.00it/s]
overlay resume /root/autodl-tmp/b0-3090-bf16/trainable_step_27800.pt: 132 tensors ckpt_phase=B0 cli_phase=B0
built CAT-YOKO-12B on cuda:0 dtype=bf16 params=0 alloc=0.93GiB grad_ckpt=True seq=4096 offload_enc=False offload_blocks=False optim_cpu=False adam=ds-cpuadam zero=3 ds=True zero_offload=True zero_offload_param=True trainable=219.21M reuse=False nvfp4=False nvfp4_n=0 nvfp4_family=other te_linear=False grouped_mm=False te=False te_nvfp4=False return_logits=False sparse=window loss=ce PYTORCH_CUDA_ALLOC_CONF=expandable_segments:True
[2026-09-20 12:00:54,310] [WARNING] [torch_autocast.py:122:autocast_if_enabled] torch.autocast is enabled outside DeepSpeed but disabled within the DeepSpeed engine. If you are using DeepSpeed's built-in mixed precision, the engine will follow the settings in bf16/fp16 section. To use torch's native autocast instead, configure the `torch_autocast` section in the DeepSpeed config.
[2026-09-20 12:01:12,079] [WARNING] [stage3.py:2664:step] 1 pytorch allocator cache flushes since last step. this happens when there is high memory pressure and is detrimental to performance. if this is happening frequently consider adjusting settings to reduce memory consumption. If you are unable to make the cache flushes go away consider adding get_accelerator().empty_cache() calls in your training loop to ensure that all ranks flush their caches at the same time
CAT-YOKO-12B B0 step 27820/- nll=11.8564 ppl=140979.6 aux=0.0000 gate=0.005 gn=0.10 moe_cv=0.70 trainable=219.21M lr=2.67e-05 fp8=False nvfp4=False tok=133646336 tok/s=718 mem=44218MiB
CAT-YOKO-12B B0 step 27840/- nll=11.8536 ppl=140587.0 aux=0.0000 gate=0.005 gn=0.17 moe_cv=0.72 trainable=219.21M lr=2.67e-05 fp8=False nvfp4=False tok=133728256 tok/s=719 mem=44218MiB
CAT-YOKO-12B B0 step 27860/- nll=11.8515 ppl=140293.6 aux=0.0000 gate=0.005 gn=0.30 moe_cv=0.75 trainable=219.21M lr=2.68e-05 fp8=False nvfp4=False tok=133810176 tok/s=721 mem=44218MiB
CAT-YOKO-12B B0 step 27880/- nll=11.8498 ppl=140050.0 aux=0.0000 gate=0.005 gn=0.08 moe_cv=0.78 trainable=219.21M lr=2.68e-05 fp8=False nvfp4=False tok=133892096 tok/s=711 mem=44218MiB
CAT-YOKO-12B B0 step 27900/- nll=11.8452 ppl=139407.2 aux=0.0000 gate=0.005 gn=0.10 moe_cv=0.77 trainable=219.21M lr=2.68e-05 fp8=False nvfp4=False tok=133974016 tok/s=720 mem=44218MiB
CAT-YOKO-12B B0 step 27920/- nll=11.8497 ppl=140042.4 aux=0.0000 gate=0.005 gn=0.16 moe_cv=0.72 trainable=219.21M lr=2.68e-05 fp8=False nvfp4=False tok=134055936 tok/s=718 mem=44218MiB
CAT-YOKO-12B B0 step 27940/- nll=11.8671 ppl=142507.1 aux=0.0000 gate=0.005 gn=0.11 moe_cv=0.70 trainable=219.21M lr=2.68e-05 fp8=False nvfp4=False tok=134137856 tok/s=711 mem=44218MiB
CAT-YOKO-12B B0 step 27960/- nll=11.8429 ppl=139097.4 aux=0.0000 gate=0.005 gn=0.10 moe_cv=0.77 trainable=219.21M lr=2.68e-05 fp8=False nvfp4=False tok=134219776 tok/s=673 mem=44218MiB
CAT-YOKO-12B B0 step 27980/- nll=11.8629 ppl=141910.1 aux=0.0000 gate=0.005 gn=0.24 moe_cv=0.67 trainable=219.21M lr=2.69e-05 fp8=False nvfp4=False tok=134301696 tok/s=718 mem=44218MiB
CAT-YOKO-12B B0 step 28000/- nll=11.8396 ppl=138635.4 aux=0.0000 gate=0.005 gn=0.09 moe_cv=0.77 trainable=219.21M lr=2.69e-05 fp8=False nvfp4=False tok=134383616 tok/s=718 mem=44218MiB
CAT-YOKO-12B B0 step 28020/- nll=11.8398 ppl=138662.3 aux=0.0000 gate=0.005 gn=0.20 moe_cv=0.75 trainable=219.21M lr=2.69e-05 fp8=False nvfp4=False tok=134465536 tok/s=719 mem=44218MiB
CAT-YOKO-12B B0 step 28040/- nll=11.8339 ppl=137852.6 aux=0.0000 gate=0.005 gn=0.08 moe_cv=0.78 trainable=219.21M lr=2.69e-05 fp8=False nvfp4=False tok=134547456 tok/s=717 mem=44218MiB
CAT-YOKO-12B B0 step 28060/- nll=11.8435 ppl=139173.0 aux=0.0000 gate=0.005 gn=0.07 moe_cv=0.77 trainable=219.21M lr=2.69e-05 fp8=False nvfp4=False tok=134629376 tok/s=717 mem=44218MiB
CAT-YOKO-12B B0 step 28080/- nll=11.8426 ppl=139051.9 aux=0.0000 gate=0.005 gn=0.13 moe_cv=0.76 trainable=219.21M lr=2.69e-05 fp8=False nvfp4=False tok=134711296 tok/s=715 mem=44218MiB
CAT-YOKO-12B B0 step 28100/- nll=11.8347 ppl=137962.4 aux=0.0000 gate=0.005 gn=0.08 moe_cv=0.80 trainable=219.21M lr=2.70e-05 fp8=False nvfp4=False tok=134793216 tok/s=719 mem=44218MiB
CAT-YOKO-12B B0 step 28120/- nll=11.8398 ppl=138666.0 aux=0.0000 gate=0.005 gn=0.15 moe_cv=0.75 trainable=219.21M lr=2.70e-05 fp8=False nvfp4=False tok=134875136 tok/s=712 mem=44218MiB
CAT-YOKO-12B B0 step 28140/- nll=11.8399 ppl=138674.2 aux=0.0000 gate=0.005 gn=0.13 moe_cv=0.76 trainable=219.21M lr=2.70e-05 fp8=False nvfp4=False tok=134957056 tok/s=710 mem=44218MiB
CAT-YOKO-12B B0 step 28160/- nll=11.8315 ppl=137518.4 aux=0.0000 gate=0.005 gn=0.12 moe_cv=0.77 trainable=219.21M lr=2.70e-05 fp8=False nvfp4=False tok=135038976 tok/s=719 mem=44218MiB
CAT-YOKO-12B B0 step 28180/- nll=11.8334 ppl=137772.8 aux=0.0000 gate=0.005 gn=0.09 moe_cv=0.76 trainable=219.21M lr=2.70e-05 fp8=False nvfp4=False tok=135120896 tok/s=715 mem=44218MiB
CAT-YOKO-12B B0 step 28200/- nll=11.8357 ppl=138096.1 aux=0.0000 gate=0.005 gn=0.10 moe_cv=0.75 trainable=219.21M lr=2.70e-05 fp8=False nvfp4=False tok=135202816 tok/s=716 mem=44218MiB
CAT-YOKO-12B B0 step 28220/- nll=11.9161 ppl=149662.7 aux=0.0000 gate=0.005 gn=0.12 moe_cv=0.79 trainable=219.21M lr=2.71e-05 fp8=False nvfp4=False tok=135284736 tok/s=720 mem=44218MiB
CAT-YOKO-12B B0 step 28240/- nll=11.8369 ppl=138255.4 aux=0.0000 gate=0.005 gn=0.07 moe_cv=0.73 trainable=219.21M lr=2.71e-05 fp8=False nvfp4=False tok=135366656 tok/s=720 mem=44218MiB
CAT-YOKO-12B B0 step 28260/- nll=11.8316 ppl=137532.3 aux=0.0000 gate=0.005 gn=0.19 moe_cv=0.77 trainable=219.21M lr=2.71e-05 fp8=False nvfp4=False tok=135448576 tok/s=720 mem=44218MiB
CAT-YOKO-12B B0 step 28280/- nll=11.8520 ppl=140367.8 aux=0.0000 gate=0.005 gn=0.08 moe_cv=0.76 trainable=219.21M lr=2.71e-05 fp8=False nvfp4=False tok=135530496 tok/s=720 mem=44218MiB
CAT-YOKO-12B B0 step 28300/- nll=11.8208 ppl=136048.6 aux=0.0000 gate=0.005 gn=0.23 moe_cv=0.69 trainable=219.21M lr=2.71e-05 fp8=False nvfp4=False tok=135612416 tok/s=720 mem=44218MiB
CAT-YOKO-12B B0 step 28320/- nll=11.8396 ppl=138635.0 aux=0.0000 gate=0.005 gn=0.09 moe_cv=0.80 trainable=219.21M lr=2.71e-05 fp8=False nvfp4=False tok=135694336 tok/s=718 mem=44218MiB
CAT-YOKO-12B B0 step 28340/- nll=11.8426 ppl=139052.8 aux=0.0000 gate=0.005 gn=0.11 moe_cv=0.68 trainable=219.21M lr=2.72e-05 fp8=False nvfp4=False tok=135776256 tok/s=721 mem=44218MiB
CAT-YOKO-12B B0 step 28360/- nll=11.8248 ppl=136598.2 aux=0.0000 gate=0.005 gn=0.10 moe_cv=0.78 trainable=219.21M lr=2.72e-05 fp8=False nvfp4=False tok=135858176 tok/s=721 mem=44218MiB
CAT-YOKO-12B B0 step 28380/- nll=11.8552 ppl=140812.8 aux=0.0000 gate=0.005 gn=0.16 moe_cv=0.75 trainable=219.21M lr=2.72e-05 fp8=False nvfp4=False tok=135940096 tok/s=720 mem=44218MiB
CAT-YOKO-12B B0 step 28400/- nll=11.8372 ppl=138305.8 aux=0.0000 gate=0.005 gn=0.13 moe_cv=0.73 trainable=219.21M lr=2.72e-05 fp8=False nvfp4=False tok=136022016 tok/s=719 mem=44218MiB
CAT-YOKO-12B B0 step 28420/- nll=11.8441 ppl=139265.5 aux=0.0000 gate=0.005 gn=0.11 moe_cv=0.77 trainable=219.21M lr=2.72e-05 fp8=False nvfp4=False tok=136103936 tok/s=715 mem=44218MiB
CAT-YOKO-12B B0 step 28440/- nll=5.3028 ppl=200.9 aux=0.0000 gate=0.005 gn=0.10 moe_cv=0.78 trainable=219.21M lr=2.72e-05 fp8=False nvfp4=False tok=136185856 tok/s=717 mem=44218MiB
CAT-YOKO-12B B0 step 28460/- nll=11.8483 ppl=139843.0 aux=0.0000 gate=0.005 gn=0.15 moe_cv=0.77 trainable=219.21M lr=2.73e-05 fp8=False nvfp4=False tok=136267776 tok/s=719 mem=44218MiB
CAT-YOKO-12B B0 step 28480/- nll=11.8280 ppl=137037.8 aux=0.0000 gate=0.005 gn=0.11 moe_cv=0.76 trainable=219.21M lr=2.73e-05 fp8=False nvfp4=False tok=136349696 tok/s=720 mem=44218MiB
CAT-YOKO-12B B0 step 28500/- nll=11.8510 ppl=140227.1 aux=0.0000 gate=0.005 gn=0.21 moe_cv=0.79 trainable=219.21M lr=2.73e-05 fp8=False nvfp4=False tok=136431616 tok/s=720 mem=44218MiB
CAT-YOKO-12B B0 step 28520/- nll=11.8251 ppl=136639.3 aux=0.0000 gate=0.005 gn=2.49 moe_cv=0.78 trainable=219.21M lr=2.73e-05 fp8=False nvfp4=False tok=136513536 tok/s=719 mem=44218MiB
CAT-YOKO-12B B0 step 28540/- nll=11.8854 ppl=145125.2 aux=0.0000 gate=0.005 gn=0.08 moe_cv=0.77 trainable=219.21M lr=2.73e-05 fp8=False nvfp4=False tok=136595456 tok/s=721 mem=44218MiB
CAT-YOKO-12B B0 step 28560/- nll=11.8224 ppl=136266.2 aux=0.0000 gate=0.005 gn=0.14 moe_cv=0.79 trainable=219.21M lr=2.73e-05 fp8=False nvfp4=False tok=136677376 tok/s=721 mem=44218MiB
CAT-YOKO-12B B0 step 28580/- nll=11.8825 ppl=144716.0 aux=0.0000 gate=0.005 gn=0.10 moe_cv=0.77 trainable=219.21M lr=2.74e-05 fp8=False nvfp4=False tok=136759296 tok/s=719 mem=44218MiB
CAT-YOKO-12B B0 step 28600/- nll=11.8217 ppl=136169.0 aux=0.0000 gate=0.005 gn=0.09 moe_cv=0.78 trainable=219.21M lr=2.74e-05 fp8=False nvfp4=False tok=136841216 tok/s=721 mem=44218MiB
CAT-YOKO-12B B0 step 28620/- nll=11.8206 ppl=136028.4 aux=0.0000 gate=0.005 gn=0.08 moe_cv=0.80 trainable=219.21M lr=2.74e-05 fp8=False nvfp4=False tok=136923136 tok/s=718 mem=44218MiB
CAT-YOKO-12B B0 step 28640/- nll=11.8284 ppl=137086.2 aux=0.0000 gate=0.005 gn=0.09 moe_cv=0.76 trainable=219.21M lr=2.74e-05 fp8=False nvfp4=False tok=137005056 tok/s=718 mem=44218MiB
CAT-YOKO-12B B0 step 28660/- nll=11.8246 ppl=136567.9 aux=0.0000 gate=0.005 gn=0.12 moe_cv=0.70 trainable=219.21M lr=2.74e-05 fp8=False nvfp4=False tok=137086976 tok/s=719 mem=44218MiB
CAT-YOKO-12B B0 step 28680/- nll=11.8190 ppl=135808.0 aux=0.0000 gate=0.005 gn=0.13 moe_cv=0.74 trainable=219.21M lr=2.74e-05 fp8=False nvfp4=False tok=137168896 tok/s=718 mem=44218MiB
CAT-YOKO-12B B0 step 28700/- nll=11.8582 ppl=141237.7 aux=0.0000 gate=0.005 gn=0.12 moe_cv=0.77 trainable=219.21M lr=2.74e-05 fp8=False nvfp4=False tok=137250816 tok/s=678 mem=44218MiB
CAT-YOKO-12B B0 step 28720/- nll=11.8227 ppl=136314.7 aux=0.0000 gate=0.005 gn=0.12 moe_cv=0.78 trainable=219.21M lr=2.75e-05 fp8=False nvfp4=False tok=137332736 tok/s=718 mem=44218MiB
CAT-YOKO-12B B0 step 28740/- nll=11.8166 ppl=135489.4 aux=0.0000 gate=0.005 gn=0.10 moe_cv=0.79 trainable=219.21M lr=2.75e-05 fp8=False nvfp4=False tok=137414656 tok/s=719 mem=44218MiB
CAT-YOKO-12B B0 step 28760/- nll=11.8346 ppl=137941.1 aux=0.0000 gate=0.005 gn=0.12 moe_cv=0.78 trainable=219.21M lr=2.75e-05 fp8=False nvfp4=False tok=137496576 tok/s=717 mem=44218MiB
CAT-YOKO-12B B0 step 28780/- nll=11.8288 ppl=137142.5 aux=0.0000 gate=0.005 gn=0.11 moe_cv=0.75 trainable=219.21M lr=2.75e-05 fp8=False nvfp4=False tok=137578496 tok/s=720 mem=44218MiB
CAT-YOKO-12B B0 step 28800/- nll=11.8197 ppl=135909.8 aux=0.0000 gate=0.005 gn=0.10 moe_cv=0.73 trainable=219.21M lr=2.75e-05 fp8=False nvfp4=False tok=137660416 tok/s=720 mem=44218MiB
CAT-YOKO-12B B0 step 28820/- nll=11.8231 ppl=136361.6 aux=0.0000 gate=0.005 gn=0.09 moe_cv=0.74 trainable=219.21M lr=2.75e-05 fp8=False nvfp4=False tok=137742336 tok/s=719 mem=44218MiB
CAT-YOKO-12B B0 step 28840/- nll=11.8286 ppl=137114.6 aux=0.0000 gate=0.005 gn=0.10 moe_cv=0.75 trainable=219.21M lr=2.76e-05 fp8=False nvfp4=False tok=137824256 tok/s=715 mem=44218MiB
CAT-YOKO-12B B0 step 28860/- nll=11.8242 ppl=136517.8 aux=0.0000 gate=0.005 gn=0.10 moe_cv=0.76 trainable=219.21M lr=2.76e-05 fp8=False nvfp4=False tok=137906176 tok/s=718 mem=44218MiB
CAT-YOKO-12B B0 step 28880/- nll=11.8141 ppl=135150.8 aux=0.0000 gate=0.005 gn=0.10 moe_cv=0.79 trainable=219.21M lr=2.76e-05 fp8=False nvfp4=False tok=137988096 tok/s=720 mem=44218MiB
CAT-YOKO-12B B0 step 28900/- nll=11.8232 ppl=136375.8 aux=0.0000 gate=0.005 gn=0.10 moe_cv=0.73 trainable=219.21M lr=2.76e-05 fp8=False nvfp4=False tok=138070016 tok/s=718 mem=44218MiB
CAT-YOKO-12B B0 step 28920/- nll=11.8198 ppl=135915.1 aux=0.0000 gate=0.005 gn=1.01 moe_cv=0.75 trainable=219.21M lr=2.76e-05 fp8=False nvfp4=False tok=138151936 tok/s=720 mem=44218MiB
CAT-YOKO-12B B0 step 28940/- nll=11.8351 ppl=138017.8 aux=0.0000 gate=0.005 gn=0.09 moe_cv=0.76 trainable=219.21M lr=2.76e-05 fp8=False nvfp4=False tok=138233856 tok/s=721 mem=44218MiB
CAT-YOKO-12B B0 step 28960/- nll=11.8225 ppl=136288.8 aux=0.0000 gate=0.005 gn=0.17 moe_cv=0.77 trainable=219.21M lr=2.77e-05 fp8=False nvfp4=False tok=138315776 tok/s=720 mem=44218MiB
CAT-YOKO-12B B0 step 28980/- nll=11.8232 ppl=136385.4 aux=0.0000 gate=0.005 gn=0.12 moe_cv=0.75 trainable=219.21M lr=2.77e-05 fp8=False nvfp4=False tok=138397696 tok/s=719 mem=44218MiB
CAT-YOKO-12B B0 step 29000/- nll=11.8228 ppl=136330.9 aux=0.0000 gate=0.005 gn=0.09 moe_cv=0.73 trainable=219.21M lr=2.77e-05 fp8=False nvfp4=False tok=138479616 tok/s=720 mem=44218MiB
CAT-YOKO-12B B0 step 29020/- nll=11.8153 ppl=135300.4 aux=0.0000 gate=0.005 gn=0.15 moe_cv=0.75 trainable=219.21M lr=2.77e-05 fp8=False nvfp4=False tok=138561536 tok/s=715 mem=44218MiB
CAT-YOKO-12B B0 step 29040/- nll=11.8282 ppl=137063.7 aux=0.0000 gate=0.005 gn=0.09 moe_cv=0.81 trainable=219.21M lr=2.77e-05 fp8=False nvfp4=False tok=138643456 tok/s=716 mem=44218MiB
CAT-YOKO-12B B0 step 29060/- nll=11.8257 ppl=136725.0 aux=0.0000 gate=0.005 gn=0.10 moe_cv=0.75 trainable=219.21M lr=2.77e-05 fp8=False nvfp4=False tok=138725376 tok/s=716 mem=44218MiB
CAT-YOKO-12B B0 step 29080/- nll=11.8551 ppl=140796.0 aux=0.0000 gate=0.005 gn=0.09 moe_cv=0.71 trainable=219.21M lr=2.78e-05 fp8=False nvfp4=False tok=138807296 tok/s=719 mem=44218MiB
CAT-YOKO-12B B0 step 29100/- nll=11.8174 ppl=135591.1 aux=0.0000 gate=0.005 gn=0.18 moe_cv=0.77 trainable=219.21M lr=2.78e-05 fp8=False nvfp4=False tok=138889216 tok/s=722 mem=44218MiB
CAT-YOKO-12B B0 step 29120/- nll=11.8170 ppl=135542.5 aux=0.0000 gate=0.005 gn=0.10 moe_cv=0.76 trainable=219.21M lr=2.78e-05 fp8=False nvfp4=False tok=138971136 tok/s=715 mem=44218MiB
CAT-YOKO-12B B0 step 29140/- nll=11.8213 ppl=136115.5 aux=0.0000 gate=0.005 gn=0.11 moe_cv=0.74 trainable=219.21M lr=2.78e-05 fp8=False nvfp4=False tok=139053056 tok/s=722 mem=44218MiB
CAT-YOKO-12B B0 step 29160/- nll=11.8201 ppl=135959.1 aux=0.0000 gate=0.005 gn=0.12 moe_cv=0.73 trainable=219.21M lr=2.78e-05 fp8=False nvfp4=False tok=139134976 tok/s=715 mem=44218MiB
CAT-YOKO-12B B0 step 29180/- nll=11.8190 ppl=135801.9 aux=0.0000 gate=0.005 gn=0.15 moe_cv=0.80 trainable=219.21M lr=2.78e-05 fp8=False nvfp4=False tok=139216896 tok/s=721 mem=44218MiB
CAT-YOKO-12B B0 step 29200/- nll=4.1511 ppl=63.5 aux=0.0000 gate=0.005 gn=0.09 moe_cv=0.79 trainable=219.21M lr=2.79e-05 fp8=False nvfp4=False tok=139298816 tok/s=714 mem=44218MiB
CAT-YOKO-12B B0 step 29220/- nll=11.8293 ppl=137214.4 aux=0.0000 gate=0.005 gn=0.13 moe_cv=0.78 trainable=219.21M lr=2.79e-05 fp8=False nvfp4=False tok=139380736 tok/s=718 mem=44218MiB
CAT-YOKO-12B B0 step 29240/- nll=11.8137 ppl=135096.3 aux=0.0000 gate=0.005 gn=0.09 moe_cv=0.79 trainable=219.21M lr=2.79e-05 fp8=False nvfp4=False tok=139462656 tok/s=721 mem=44218MiB
CAT-YOKO-12B B0 step 29260/- nll=11.8192 ppl=135834.1 aux=0.0000 gate=0.005 gn=0.10 moe_cv=0.77 trainable=219.21M lr=2.79e-05 fp8=False nvfp4=False tok=139544576 tok/s=714 mem=44218MiB
CAT-YOKO-12B B0 step 29280/- nll=11.8395 ppl=138625.6 aux=0.0000 gate=0.005 gn=0.11 moe_cv=0.78 trainable=219.21M lr=2.79e-05 fp8=False nvfp4=False tok=139626496 tok/s=716 mem=44218MiB
CAT-YOKO-12B B0 step 29300/- nll=11.8125 ppl=134925.5 aux=0.0000 gate=0.005 gn=0.08 moe_cv=0.76 trainable=219.21M lr=2.79e-05 fp8=False nvfp4=False tok=139708416 tok/s=712 mem=44218MiB
CAT-YOKO-12B B0 step 29320/- nll=11.8223 ppl=136260.4 aux=0.0000 gate=0.005 gn=0.09 moe_cv=0.71 trainable=219.21M lr=2.80e-05 fp8=False nvfp4=False tok=139790336 tok/s=710 mem=44218MiB
CAT-YOKO-12B B0 step 29340/- nll=11.8180 ppl=135673.7 aux=0.0000 gate=0.005 gn=0.09 moe_cv=0.74 trainable=219.21M lr=2.80e-05 fp8=False nvfp4=False tok=139872256 tok/s=706 mem=44218MiB
CAT-YOKO-12B B0 step 29360/- nll=11.8187 ppl=135773.6 aux=0.0000 gate=0.005 gn=0.09 moe_cv=0.77 trainable=219.21M lr=2.80e-05 fp8=False nvfp4=False tok=139954176 tok/s=707 mem=44218MiB
CAT-YOKO-12B B0 step 29380/- nll=11.8273 ppl=136943.2 aux=0.0000 gate=0.005 gn=0.12 moe_cv=0.80 trainable=219.21M lr=2.80e-05 fp8=False nvfp4=False tok=140036096 tok/s=711 mem=44218MiB
CAT-YOKO-12B B0 step 29400/- nll=11.8160 ppl=135395.7 aux=0.0000 gate=0.005 gn=0.12 moe_cv=0.82 trainable=219.21M lr=2.80e-05 fp8=False nvfp4=False tok=140118016 tok/s=716 mem=44218MiB
scripts/run_b0_ampere_3090.sh: line 177: 30521 Killed                  "$PY" -m cat_yoko.b0 --backend deepspeed --zero 3 --zero-offload --zero-offload-param --no-nvfp4 --device cuda --dtype bf16 --seq-len "$SEQ" --micro-batch 1 --grad-ckpt "${MORE_ARGS[@]}" --save-dir "$SAVE" --save-every "$SAVE_EVERY" --keep-last "$KEEP_LAST" --log-every "$LOG_EVERY" --resume "$RESUME" --upcycle-hf "$LOCAL" --log "$SAVE/metrics.jsonl"
=== B0 Ampere 3090 BF16 2026-09-20T06:35:26Z ===
NVIDIA GeForce RTX 3090, 8.6, 49152 MiB, 0 MiB
Filesystem      Size  Used Avail Use% Mounted on
overlay          30G  448M   30G   2% /
/dev/md0         50G  6.8G   44G  14% /root/autodl-tmp
torch 2.8.0+cu128 cuda 12.8 cap (8, 6)
DeepSpeedCPUAdam op ready
Hub overlay copy ok sha256=7eebc9a4da78d79be71bbe52881f2a0eaffd899f58ada3a3325f410eca181955 (read-only; will not write this file)
resume (sibling overlay, not Hub) /root/autodl-tmp/b0-3090-bf16
save (new overlay, not Hub) /root/autodl-tmp/b0-3090-bf16
B0 Ampere argv seq=4096 more-steps=unlimited (8e9 envelope) save-every=200 no-nvfp4 zero-3
B0 argv: --config 12b --phase B0 --device cuda --dtype bf16 --seed 0 --save-dir /root/autodl-tmp/b0-3090-bf16 --keep-last 2 --no-save-full --save-trainable --no-save-optim --micro-batch 1 --accum 1 --grad-ckpt --no-offload-encoder --no-offload-blocks --no-optim-cpu --backend deepspeed --zero 3 --zero-offload --zero-offload-param --seq-len 4096 --tokens 8000000000.0 --save-every 200 --log-every 20 --log /root/autodl-tmp/b0-3090-bf16/metrics.jsonl --resume /root/autodl-tmp/b0-3090-bf16 --upcycle-hf /root/autodl-tmp/hf/MiniCPM5-2B-Base --no-nvfp4 --dtype bf16
[transformers] `torch_dtype` is deprecated! Use `dtype` instead!
Loading weights:   0%|          | 0/381 [00:00<?, ?it/s]Loading weights: 100%|██████████| 381/381 [00:00<00:00, 5975.69it/s]
overlay resume /root/autodl-tmp/b0-3090-bf16/trainable_step_29400.pt: 132 tensors ckpt_phase=B0 cli_phase=B0
built CAT-YOKO-12B on cuda:0 dtype=bf16 params=0 alloc=0.93GiB grad_ckpt=True seq=4096 offload_enc=False offload_blocks=False optim_cpu=False adam=ds-cpuadam zero=3 ds=True zero_offload=True zero_offload_param=True trainable=219.21M reuse=False nvfp4=False nvfp4_n=0 nvfp4_family=other te_linear=False grouped_mm=False te=False te_nvfp4=False return_logits=False sparse=window loss=ce PYTORCH_CUDA_ALLOC_CONF=expandable_segments:True
[2026-09-20 14:36:31,415] [WARNING] [torch_autocast.py:122:autocast_if_enabled] torch.autocast is enabled outside DeepSpeed but disabled within the DeepSpeed engine. If you are using DeepSpeed's built-in mixed precision, the engine will follow the settings in bf16/fp16 section. To use torch's native autocast instead, configure the `torch_autocast` section in the DeepSpeed config.
ZeRO warmup fwd+bwd (no Adam step)
[2026-09-20 14:36:46,106] [WARNING] [stage3.py:2664:step] 1 pytorch allocator cache flushes since last step. this happens when there is high memory pressure and is detrimental to performance. if this is happening frequently consider adjusting settings to reduce memory consumption. If you are unable to make the cache flushes go away consider adding get_accelerator().empty_cache() calls in your training loop to ensure that all ranks flush their caches at the same time
CAT-YOKO-12B B0 step 29420/- nll=11.8202 ppl=135966.9 aux=0.0000 gate=0.005 gn=0.15 moe_cv=0.75 trainable=219.21M lr=2.80e-05 fp8=False nvfp4=False tok=140199936 tok/s=710 mem=44218MiB
CAT-YOKO-12B B0 step 29440/- nll=11.8163 ppl=135437.3 aux=0.0000 gate=0.005 gn=0.08 moe_cv=0.81 trainable=219.21M lr=2.81e-05 fp8=False nvfp4=False tok=140281856 tok/s=705 mem=44218MiB
CAT-YOKO-12B B0 step 29460/- nll=3.9529 ppl=52.1 aux=0.0000 gate=0.005 gn=0.10 moe_cv=0.79 trainable=219.21M lr=2.81e-05 fp8=False nvfp4=False tok=140363776 tok/s=705 mem=44218MiB
CAT-YOKO-12B B0 step 29480/- nll=11.8210 ppl=136076.1 aux=0.0000 gate=0.005 gn=0.09 moe_cv=0.75 trainable=219.21M lr=2.81e-05 fp8=False nvfp4=False tok=140445696 tok/s=708 mem=44218MiB
CAT-YOKO-12B B0 step 29500/- nll=11.8167 ppl=135502.7 aux=0.0000 gate=0.005 gn=0.12 moe_cv=0.77 trainable=219.21M lr=2.81e-05 fp8=False nvfp4=False tok=140527616 tok/s=703 mem=44218MiB
CAT-YOKO-12B B0 step 29520/- nll=11.8031 ppl=133662.2 aux=0.0000 gate=0.005 gn=0.11 moe_cv=0.72 trainable=219.21M lr=2.81e-05 fp8=False nvfp4=False tok=140609536 tok/s=710 mem=44218MiB
CAT-YOKO-12B B0 step 29540/- nll=11.8211 ppl=136092.0 aux=0.0000 gate=0.005 gn=0.09 moe_cv=0.78 trainable=219.21M lr=2.81e-05 fp8=False nvfp4=False tok=140691456 tok/s=707 mem=44218MiB
CAT-YOKO-12B B0 step 29560/- nll=11.8186 ppl=135755.2 aux=0.0000 gate=0.005 gn=0.11 moe_cv=0.79 trainable=219.21M lr=2.82e-05 fp8=False nvfp4=False tok=140773376 tok/s=704 mem=44218MiB
CAT-YOKO-12B B0 step 29580/- nll=11.8437 ppl=139207.4 aux=0.0000 gate=0.005 gn=0.11 moe_cv=0.75 trainable=219.21M lr=2.82e-05 fp8=False nvfp4=False tok=140855296 tok/s=705 mem=44218MiB
CAT-YOKO-12B B0 step 29600/- nll=11.8232 ppl=136384.9 aux=0.0000 gate=0.005 gn=0.10 moe_cv=0.78 trainable=219.21M lr=2.82e-05 fp8=False nvfp4=False tok=140937216 tok/s=707 mem=44218MiB
CAT-YOKO-12B B0 step 29620/- nll=11.8225 ppl=136278.0 aux=0.0000 gate=0.005 gn=0.11 moe_cv=0.81 trainable=219.21M lr=2.82e-05 fp8=False nvfp4=False tok=141019136 tok/s=710 mem=44218MiB
CAT-YOKO-12B B0 step 29640/- nll=11.8308 ppl=137413.5 aux=0.0000 gate=0.005 gn=0.12 moe_cv=0.80 trainable=219.21M lr=2.82e-05 fp8=False nvfp4=False tok=141101056 tok/s=707 mem=44218MiB
CAT-YOKO-12B B0 step 29660/- nll=11.8422 ppl=138995.9 aux=0.0000 gate=0.005 gn=0.09 moe_cv=0.75 trainable=219.21M lr=2.82e-05 fp8=False nvfp4=False tok=141182976 tok/s=708 mem=44218MiB
CAT-YOKO-12B B0 step 29680/- nll=11.8326 ppl=137662.3 aux=0.0000 gate=0.005 gn=0.08 moe_cv=0.73 trainable=219.21M lr=2.83e-05 fp8=False nvfp4=False tok=141264896 tok/s=704 mem=44218MiB
CAT-YOKO-12B B0 step 29700/- nll=11.8166 ppl=135483.6 aux=0.0000 gate=0.005 gn=0.09 moe_cv=0.73 trainable=219.21M lr=2.83e-05 fp8=False nvfp4=False tok=141346816 tok/s=675 mem=44218MiB
CAT-YOKO-12B B0 step 29720/- nll=11.8075 ppl=134254.7 aux=0.0000 gate=0.005 gn=0.09 moe_cv=0.73 trainable=219.21M lr=2.83e-05 fp8=False nvfp4=False tok=141428736 tok/s=714 mem=44218MiB
CAT-YOKO-12B B0 step 29740/- nll=4.3728 ppl=79.3 aux=0.0000 gate=0.005 gn=0.10 moe_cv=0.82 trainable=219.21M lr=2.83e-05 fp8=False nvfp4=False tok=141510656 tok/s=713 mem=44218MiB
CAT-YOKO-12B B0 step 29760/- nll=11.8298 ppl=137283.2 aux=0.0000 gate=0.005 gn=0.10 moe_cv=0.73 trainable=219.21M lr=2.83e-05 fp8=False nvfp4=False tok=141592576 tok/s=717 mem=44218MiB
CAT-YOKO-12B B0 step 29780/- nll=11.8165 ppl=135474.9 aux=0.0000 gate=0.005 gn=0.13 moe_cv=0.76 trainable=219.21M lr=2.83e-05 fp8=False nvfp4=False tok=141674496 tok/s=716 mem=44218MiB
CAT-YOKO-12B B0 step 29800/- nll=11.8208 ppl=136057.4 aux=0.0000 gate=0.005 gn=0.10 moe_cv=0.74 trainable=219.21M lr=2.84e-05 fp8=False nvfp4=False tok=141756416 tok/s=716 mem=44218MiB
scripts/run_b0_ampere_3090.sh: line 177: 36093 Killed                  "$PY" -m cat_yoko.b0 --backend deepspeed --zero 3 --zero-offload --zero-offload-param --no-nvfp4 --device cuda --dtype bf16 --seq-len "$SEQ" --micro-batch 1 --grad-ckpt "${MORE_ARGS[@]}" --save-dir "$SAVE" --save-every "$SAVE_EVERY" --keep-last "$KEEP_LAST" --log-every "$LOG_EVERY" --resume "$RESUME" --upcycle-hf "$LOCAL" --log "$SAVE/metrics.jsonl"
=== B0 Ampere 3090 BF16 2026-09-20T07:15:52Z ===
NVIDIA GeForce RTX 3090, 8.6, 49152 MiB, 0 MiB
Filesystem      Size  Used Avail Use% Mounted on
overlay          30G  448M   30G   2% /
/dev/md0         50G  6.8G   44G  14% /root/autodl-tmp
torch 2.8.0+cu128 cuda 12.8 cap (8, 6)
DeepSpeedCPUAdam op ready
Hub overlay copy ok sha256=7eebc9a4da78d79be71bbe52881f2a0eaffd899f58ada3a3325f410eca181955 (read-only; will not write this file)
resume (sibling overlay, not Hub) /root/autodl-tmp/b0-3090-bf16
save (new overlay, not Hub) /root/autodl-tmp/b0-3090-bf16
B0 Ampere argv seq=4096 more-steps=unlimited (8e9 envelope) save-every=200 no-nvfp4 zero-3
B0 argv: --config 12b --phase B0 --device cuda --dtype bf16 --seed 0 --save-dir /root/autodl-tmp/b0-3090-bf16 --keep-last 2 --no-save-full --save-trainable --no-save-optim --micro-batch 1 --accum 1 --grad-ckpt --no-offload-encoder --no-offload-blocks --no-optim-cpu --backend deepspeed --zero 3 --zero-offload --zero-offload-param --seq-len 4096 --tokens 8000000000.0 --save-every 200 --log-every 20 --log /root/autodl-tmp/b0-3090-bf16/metrics.jsonl --resume /root/autodl-tmp/b0-3090-bf16 --upcycle-hf /root/autodl-tmp/hf/MiniCPM5-2B-Base --no-nvfp4 --dtype bf16
[transformers] `torch_dtype` is deprecated! Use `dtype` instead!
Loading weights:   0%|          | 0/381 [00:00<?, ?it/s]Loading weights: 100%|██████████| 381/381 [00:00<00:00, 6069.90it/s]
overlay resume /root/autodl-tmp/b0-3090-bf16/trainable_step_29800.pt: 132 tensors ckpt_phase=B0 cli_phase=B0
built CAT-YOKO-12B on cuda:0 dtype=bf16 params=0 alloc=0.93GiB grad_ckpt=True seq=4096 offload_enc=False offload_blocks=False optim_cpu=False adam=ds-cpuadam zero=3 ds=True zero_offload=True zero_offload_param=True trainable=219.21M reuse=False nvfp4=False nvfp4_n=0 nvfp4_family=other te_linear=False grouped_mm=False te=False te_nvfp4=False return_logits=False sparse=window loss=ce PYTORCH_CUDA_ALLOC_CONF=expandable_segments:True
[2026-09-20 15:16:53,755] [WARNING] [torch_autocast.py:122:autocast_if_enabled] torch.autocast is enabled outside DeepSpeed but disabled within the DeepSpeed engine. If you are using DeepSpeed's built-in mixed precision, the engine will follow the settings in bf16/fp16 section. To use torch's native autocast instead, configure the `torch_autocast` section in the DeepSpeed config.
ZeRO warmup fwd+bwd (no Adam step)
CAT-YOKO-12B B0 step 29820/- nll=3.5597 ppl=35.2 aux=0.0000 gate=0.005 gn=0.98 moe_cv=0.77 trainable=219.21M lr=2.84e-05 fp8=False nvfp4=False tok=141838336 tok/s=749 mem=44105MiB
CAT-YOKO-12B B0 step 29840/- nll=4.2290 ppl=68.6 aux=0.0000 gate=0.005 gn=0.10 moe_cv=0.79 trainable=219.21M lr=2.84e-05 fp8=False nvfp4=False tok=141920256 tok/s=753 mem=44105MiB
CAT-YOKO-12B B0 step 29860/- nll=11.8212 ppl=136102.2 aux=0.0000 gate=0.005 gn=0.09 moe_cv=0.81 trainable=219.21M lr=2.84e-05 fp8=False nvfp4=False tok=142002176 tok/s=754 mem=44105MiB
CAT-YOKO-12B B0 step 29880/- nll=11.8224 ppl=136264.5 aux=0.0000 gate=0.005 gn=0.10 moe_cv=0.78 trainable=219.21M lr=2.84e-05 fp8=False nvfp4=False tok=142084096 tok/s=752 mem=44105MiB
CAT-YOKO-12B B0 step 29900/- nll=11.8156 ppl=135348.7 aux=0.0000 gate=0.005 gn=0.11 moe_cv=0.74 trainable=219.21M lr=2.84e-05 fp8=False nvfp4=False tok=142166016 tok/s=754 mem=44105MiB
CAT-YOKO-12B B0 step 29920/- nll=11.8185 ppl=135742.7 aux=0.0000 gate=0.005 gn=2.90 moe_cv=0.77 trainable=219.21M lr=2.84e-05 fp8=False nvfp4=False tok=142247936 tok/s=718 mem=44105MiB
CAT-YOKO-12B B0 step 29940/- nll=11.8138 ppl=135100.5 aux=0.0000 gate=0.005 gn=0.10 moe_cv=0.80 trainable=219.21M lr=2.85e-05 fp8=False nvfp4=False tok=142329856 tok/s=752 mem=44105MiB
CAT-YOKO-12B B0 step 29960/- nll=11.8380 ppl=138414.9 aux=0.0000 gate=0.005 gn=0.10 moe_cv=0.81 trainable=219.21M lr=2.85e-05 fp8=False nvfp4=False tok=142411776 tok/s=754 mem=44105MiB
CAT-YOKO-12B B0 step 29980/- nll=11.8105 ppl=134661.1 aux=0.0000 gate=0.005 gn=0.12 moe_cv=0.71 trainable=219.21M lr=2.85e-05 fp8=False nvfp4=False tok=142493696 tok/s=756 mem=44105MiB
CAT-YOKO-12B B0 step 30000/- nll=11.8225 ppl=136288.6 aux=0.0000 gate=0.005 gn=1.16 moe_cv=0.77 trainable=219.21M lr=2.85e-05 fp8=False nvfp4=False tok=142575616 tok/s=749 mem=44105MiB
CAT-YOKO-12B B0 step 30020/- nll=11.8130 ppl=135002.5 aux=0.0000 gate=0.005 gn=0.09 moe_cv=0.81 trainable=219.21M lr=2.85e-05 fp8=False nvfp4=False tok=142657536 tok/s=759 mem=44105MiB
=== B0 Ampere 3090 BF16 2026-09-20T07:37:44Z ===
NVIDIA GeForce RTX 3090, 8.6, 49152 MiB, 0 MiB
Filesystem      Size  Used Avail Use% Mounted on
overlay          30G  449M   30G   2% /
/dev/md0         50G  6.8G   44G  14% /root/autodl-tmp
torch 2.8.0+cu128 cuda 12.8 cap (8, 6)
DeepSpeedCPUAdam op ready
Hub overlay copy ok sha256=7eebc9a4da78d79be71bbe52881f2a0eaffd899f58ada3a3325f410eca181955 (read-only; will not write this file)
resume (sibling overlay, not Hub) /root/autodl-tmp/b0-3090-bf16
save (new overlay, not Hub) /root/autodl-tmp/b0-3090-bf16
B0 Ampere argv seq=4096 more-steps=unlimited (8e9 envelope) save-every=200 no-nvfp4 zero-3
B0 argv: --config 12b --phase B0 --device cuda --dtype bf16 --seed 0 --save-dir /root/autodl-tmp/b0-3090-bf16 --keep-last 2 --no-save-full --save-trainable --no-save-optim --micro-batch 1 --accum 1 --grad-ckpt --no-offload-encoder --no-offload-blocks --no-optim-cpu --backend deepspeed --zero 3 --zero-offload --zero-offload-param --seq-len 4096 --tokens 8000000000.0 --save-every 200 --log-every 40 --log /root/autodl-tmp/b0-3090-bf16/metrics.jsonl --resume /root/autodl-tmp/b0-3090-bf16 --upcycle-hf /root/autodl-tmp/hf/MiniCPM5-2B-Base --no-nvfp4 --dtype bf16
[transformers] `torch_dtype` is deprecated! Use `dtype` instead!
Loading weights:   0%|          | 0/381 [00:00<?, ?it/s]Loading weights: 100%|██████████| 381/381 [00:00<00:00, 5943.84it/s]
overlay resume /root/autodl-tmp/b0-3090-bf16/trainable_step_30000.pt: 132 tensors ckpt_phase=B0 cli_phase=B0
ZeRO prefetch overlap max_ongoing_fetch_events=8
built CAT-YOKO-12B on cuda:0 dtype=bf16 params=0 alloc=0.93GiB grad_ckpt=True seq=4096 offload_enc=False offload_blocks=False optim_cpu=False adam=ds-cpuadam zero=3 ds=True zero_offload=True zero_offload_param=True trainable=219.21M reuse=False nvfp4=False nvfp4_n=0 nvfp4_family=other te_linear=False grouped_mm=False te=False te_nvfp4=False return_logits=False sparse=window loss=ce PYTORCH_CUDA_ALLOC_CONF=expandable_segments:True
[2026-09-20 15:38:50,480] [WARNING] [torch_autocast.py:122:autocast_if_enabled] torch.autocast is enabled outside DeepSpeed but disabled within the DeepSpeed engine. If you are using DeepSpeed's built-in mixed precision, the engine will follow the settings in bf16/fp16 section. To use torch's native autocast instead, configure the `torch_autocast` section in the DeepSpeed config.
ZeRO warmup fwd+bwd (no Adam step)
CAT-YOKO-12B B0 step 30040/- nll=11.8191 ppl=135816.0 aux=0.0000 gate=0.005 gn=0.10 moe_cv=0.80 trainable=219.21M lr=2.85e-05 fp8=False nvfp4=False tok=142739456 tok/s=724 mem=44204MiB
CAT-YOKO-12B B0 step 30080/- nll=11.8127 ppl=134957.7 aux=0.0000 gate=0.005 gn=0.09 moe_cv=0.79 trainable=219.21M lr=2.86e-05 fp8=False nvfp4=False tok=142903296 tok/s=722 mem=44204MiB
CAT-YOKO-12B B0 step 30120/- nll=11.8128 ppl=134965.4 aux=0.0000 gate=0.005 gn=0.09 moe_cv=0.77 trainable=219.21M lr=2.86e-05 fp8=False nvfp4=False tok=143067136 tok/s=725 mem=44204MiB
CAT-YOKO-12B B0 step 30160/- nll=11.8161 ppl=135411.7 aux=0.0000 gate=0.005 gn=0.10 moe_cv=0.73 trainable=219.21M lr=2.86e-05 fp8=False nvfp4=False tok=143230976 tok/s=722 mem=44204MiB
CAT-YOKO-12B B0 step 30200/- nll=11.8180 ppl=135666.4 aux=0.0000 gate=0.005 gn=0.10 moe_cv=0.77 trainable=219.21M lr=2.87e-05 fp8=False nvfp4=False tok=143394816 tok/s=721 mem=44204MiB
=== B0 Ampere 3090 BF16 2026-09-20T07:58:55Z ===
NVIDIA GeForce RTX 3090, 8.6, 49152 MiB, 0 MiB
Filesystem      Size  Used Avail Use% Mounted on
overlay          30G  448M   30G   2% /
/dev/md0         50G  6.8G   44G  14% /root/autodl-tmp
torch 2.8.0+cu128 cuda 12.8 cap (8, 6)
DeepSpeedCPUAdam op ready
Hub overlay copy ok sha256=7eebc9a4da78d79be71bbe52881f2a0eaffd899f58ada3a3325f410eca181955 (read-only; will not write this file)
resume (sibling overlay, not Hub) /root/autodl-tmp/b0-3090-bf16
save (new overlay, not Hub) /root/autodl-tmp/b0-3090-bf16
B0 Ampere argv seq=4096 more-steps=unlimited (8e9 envelope) save-every=200 no-nvfp4 zero-3
B0 argv: --config 12b --phase B0 --device cuda --dtype bf16 --seed 0 --save-dir /root/autodl-tmp/b0-3090-bf16 --keep-last 2 --no-save-full --save-trainable --no-save-optim --micro-batch 1 --accum 1 --grad-ckpt --no-offload-encoder --no-offload-blocks --no-optim-cpu --backend deepspeed --zero 3 --zero-offload --zero-offload-param --seq-len 4096 --tokens 8000000000.0 --save-every 200 --log-every 40 --log /root/autodl-tmp/b0-3090-bf16/metrics.jsonl --resume /root/autodl-tmp/b0-3090-bf16 --upcycle-hf /root/autodl-tmp/hf/MiniCPM5-2B-Base --no-nvfp4 --dtype bf16
[transformers] `torch_dtype` is deprecated! Use `dtype` instead!
Loading weights:   0%|          | 0/381 [00:00<?, ?it/s]Loading weights: 100%|██████████| 381/381 [00:00<00:00, 5952.98it/s]
overlay resume /root/autodl-tmp/b0-3090-bf16/trainable_step_30200.pt: 132 tensors ckpt_phase=B0 cli_phase=B0
ZeRO prefetch overlap max_ongoing_fetch_events=8
built CAT-YOKO-12B on cuda:0 dtype=bf16 params=0 alloc=0.93GiB grad_ckpt=True seq=4096 offload_enc=False offload_blocks=False optim_cpu=False adam=ds-cpuadam zero=3 ds=True zero_offload=True zero_offload_param=True trainable=219.21M reuse=False nvfp4=False nvfp4_n=0 nvfp4_family=other te_linear=False grouped_mm=False te=False te_nvfp4=False return_logits=False sparse=window loss=ce PYTORCH_CUDA_ALLOC_CONF=expandable_segments:True
[2026-09-20 15:59:58,265] [WARNING] [torch_autocast.py:122:autocast_if_enabled] torch.autocast is enabled outside DeepSpeed but disabled within the DeepSpeed engine. If you are using DeepSpeed's built-in mixed precision, the engine will follow the settings in bf16/fp16 section. To use torch's native autocast instead, configure the `torch_autocast` section in the DeepSpeed config.
ZeRO warmup fwd+bwd (no Adam step)
CAT-YOKO-12B B0 step 30240/- nll=11.8150 ppl=135267.8 aux=0.0000 gate=0.005 gn=0.11 moe_cv=0.75 trainable=219.21M lr=2.87e-05 fp8=False nvfp4=False tok=143558656 tok/s=763 mem=44105MiB
CAT-YOKO-12B B0 step 30280/- nll=11.8121 ppl=134877.9 aux=0.0000 gate=0.005 gn=0.11 moe_cv=0.78 trainable=219.21M lr=2.87e-05 fp8=False nvfp4=False tok=143722496 tok/s=763 mem=44105MiB
CAT-YOKO-12B B0 step 30320/- nll=11.8232 ppl=136379.2 aux=0.0000 gate=0.005 gn=0.09 moe_cv=0.79 trainable=219.21M lr=2.88e-05 fp8=False nvfp4=False tok=143886336 tok/s=754 mem=44105MiB
=== B0 Ampere 3090 BF16 2026-09-20T08:12:57Z ===
NVIDIA GeForce RTX 3090, 8.6, 49152 MiB, 0 MiB
Filesystem      Size  Used Avail Use% Mounted on
overlay          30G  448M   30G   2% /
/dev/md0         50G  6.8G   44G  14% /root/autodl-tmp
torch 2.8.0+cu128 cuda 12.8 cap (8, 6)
DeepSpeedCPUAdam op ready
Hub overlay copy ok sha256=7eebc9a4da78d79be71bbe52881f2a0eaffd899f58ada3a3325f410eca181955 (read-only; will not write this file)
resume (sibling overlay, not Hub) /root/autodl-tmp/b0-3090-bf16
save (new overlay, not Hub) /root/autodl-tmp/b0-3090-bf16
B0 Ampere argv seq=4096 more-steps=unlimited (8e9 envelope) save-every=200 no-nvfp4 zero-3
B0 argv: --config 12b --phase B0 --device cuda --dtype bf16 --seed 0 --save-dir /root/autodl-tmp/b0-3090-bf16 --keep-last 2 --no-save-full --save-trainable --no-save-optim --micro-batch 1 --accum 1 --grad-ckpt --no-offload-encoder --no-offload-blocks --no-optim-cpu --backend deepspeed --zero 3 --zero-offload --zero-offload-param --seq-len 4096 --tokens 8000000000.0 --save-every 200 --log-every 40 --log /root/autodl-tmp/b0-3090-bf16/metrics.jsonl --resume /root/autodl-tmp/b0-3090-bf16 --upcycle-hf /root/autodl-tmp/hf/MiniCPM5-2B-Base --no-nvfp4 --dtype bf16
[transformers] `torch_dtype` is deprecated! Use `dtype` instead!
Loading weights:   0%|          | 0/381 [00:00<?, ?it/s]Loading weights: 100%|██████████| 381/381 [00:00<00:00, 5611.36it/s]
overlay resume /root/autodl-tmp/b0-3090-bf16/trainable_step_30200.pt: 132 tensors ckpt_phase=B0 cli_phase=B0
built CAT-YOKO-12B on cuda:0 dtype=bf16 params=0 alloc=0.93GiB grad_ckpt=True seq=4096 offload_enc=False offload_blocks=False optim_cpu=False adam=ds-cpuadam zero=3 ds=True zero_offload=True zero_offload_param=True trainable=219.21M reuse=False nvfp4=False nvfp4_n=0 nvfp4_family=other te_linear=False grouped_mm=False te=False te_nvfp4=False return_logits=False sparse=window loss=ce PYTORCH_CUDA_ALLOC_CONF=expandable_segments:True
[2026-09-20 16:14:04,633] [WARNING] [torch_autocast.py:122:autocast_if_enabled] torch.autocast is enabled outside DeepSpeed but disabled within the DeepSpeed engine. If you are using DeepSpeed's built-in mixed precision, the engine will follow the settings in bf16/fp16 section. To use torch's native autocast instead, configure the `torch_autocast` section in the DeepSpeed config.
ZeRO warmup fwd+bwd (no Adam step)
CAT-YOKO-12B B0 step 30240/- nll=11.8148 ppl=135241.6 aux=0.0000 gate=0.005 gn=0.11 moe_cv=0.75 trainable=219.21M lr=2.87e-05 fp8=False nvfp4=False tok=143558656 tok/s=750 mem=44105MiB
CAT-YOKO-12B B0 step 30280/- nll=11.8122 ppl=134887.8 aux=0.0000 gate=0.005 gn=0.11 moe_cv=0.78 trainable=219.21M lr=2.87e-05 fp8=False nvfp4=False tok=143722496 tok/s=748 mem=44105MiB
CAT-YOKO-12B B0 step 30320/- nll=11.8230 ppl=136353.1 aux=0.0000 gate=0.005 gn=0.09 moe_cv=0.79 trainable=219.21M lr=2.88e-05 fp8=False nvfp4=False tok=143886336 tok/s=751 mem=44105MiB
CAT-YOKO-12B B0 step 30360/- nll=11.8184 ppl=135721.7 aux=0.0000 gate=0.005 gn=0.10 moe_cv=0.78 trainable=219.21M lr=2.88e-05 fp8=False nvfp4=False tok=144050176 tok/s=753 mem=44105MiB
CAT-YOKO-12B B0 step 30400/- nll=11.8189 ppl=135791.8 aux=0.0000 gate=0.005 gn=0.10 moe_cv=0.83 trainable=219.21M lr=2.88e-05 fp8=False nvfp4=False tok=144214016 tok/s=744 mem=44105MiB
CAT-YOKO-12B B0 step 30440/- nll=11.8104 ppl=134649.2 aux=0.0000 gate=0.005 gn=0.09 moe_cv=0.79 trainable=219.21M lr=2.89e-05 fp8=False nvfp4=False tok=144377856 tok/s=747 mem=44105MiB
CAT-YOKO-12B B0 step 30480/- nll=11.8133 ppl=135031.2 aux=0.0000 gate=0.005 gn=0.10 moe_cv=0.80 trainable=219.21M lr=2.89e-05 fp8=False nvfp4=False tok=144541696 tok/s=745 mem=44105MiB
CAT-YOKO-12B B0 step 30520/- nll=11.8106 ppl=134676.4 aux=0.0000 gate=0.005 gn=0.13 moe_cv=0.78 trainable=219.21M lr=2.89e-05 fp8=False nvfp4=False tok=144705536 tok/s=750 mem=44105MiB
CAT-YOKO-12B B0 step 30560/- nll=11.8197 ppl=135897.4 aux=0.0000 gate=0.005 gn=0.09 moe_cv=0.71 trainable=219.21M lr=2.90e-05 fp8=False nvfp4=False tok=144869376 tok/s=750 mem=44105MiB
CAT-YOKO-12B B0 step 30600/- nll=11.8044 ppl=133840.4 aux=0.0000 gate=0.005 gn=1.27 moe_cv=0.81 trainable=219.21M lr=2.90e-05 fp8=False nvfp4=False tok=145033216 tok/s=744 mem=44105MiB
CAT-YOKO-12B B0 step 30640/- nll=11.8164 ppl=135450.2 aux=0.0000 gate=0.005 gn=0.13 moe_cv=0.82 trainable=219.21M lr=2.90e-05 fp8=False nvfp4=False tok=145197056 tok/s=751 mem=44105MiB
CAT-YOKO-12B B0 step 30680/- nll=11.8357 ppl=138092.1 aux=0.0000 gate=0.005 gn=0.09 moe_cv=0.77 trainable=219.21M lr=2.91e-05 fp8=False nvfp4=False tok=145360896 tok/s=755 mem=44105MiB
CAT-YOKO-12B B0 step 30720/- nll=11.8195 ppl=135869.5 aux=0.0000 gate=0.005 gn=0.10 moe_cv=0.78 trainable=219.21M lr=2.91e-05 fp8=False nvfp4=False tok=145524736 tok/s=750 mem=44105MiB
CAT-YOKO-12B B0 step 30760/- nll=11.8168 ppl=135512.3 aux=0.0000 gate=0.005 gn=0.11 moe_cv=0.73 trainable=219.21M lr=2.91e-05 fp8=False nvfp4=False tok=145688576 tok/s=748 mem=44105MiB
CAT-YOKO-12B B0 step 30800/- nll=11.8087 ppl=134413.5 aux=0.0000 gate=0.005 gn=0.15 moe_cv=0.78 trainable=219.21M lr=2.92e-05 fp8=False nvfp4=False tok=145852416 tok/s=754 mem=44105MiB
CAT-YOKO-12B B0 step 30840/- nll=11.8119 ppl=134849.6 aux=0.0000 gate=0.005 gn=0.71 moe_cv=0.80 trainable=219.21M lr=2.92e-05 fp8=False nvfp4=False tok=146016256 tok/s=744 mem=44105MiB
CAT-YOKO-12B B0 step 30880/- nll=11.8095 ppl=134520.9 aux=0.0000 gate=0.005 gn=0.09 moe_cv=0.76 trainable=219.21M lr=2.92e-05 fp8=False nvfp4=False tok=146180096 tok/s=746 mem=44105MiB
CAT-YOKO-12B B0 step 30920/- nll=11.8169 ppl=135522.0 aux=0.0000 gate=0.005 gn=0.09 moe_cv=0.81 trainable=219.21M lr=2.93e-05 fp8=False nvfp4=False tok=146343936 tok/s=752 mem=44105MiB
CAT-YOKO-12B B0 step 30960/- nll=11.8040 ppl=133792.6 aux=0.0000 gate=0.005 gn=0.09 moe_cv=0.77 trainable=219.21M lr=2.93e-05 fp8=False nvfp4=False tok=146507776 tok/s=752 mem=44105MiB
CAT-YOKO-12B B0 step 31000/- nll=11.8032 ppl=133685.7 aux=0.0000 gate=0.006 gn=0.08 moe_cv=0.76 trainable=219.21M lr=2.93e-05 fp8=False nvfp4=False tok=146671616 tok/s=744 mem=44105MiB
CAT-YOKO-12B B0 step 31040/- nll=11.8054 ppl=133967.5 aux=0.0000 gate=0.006 gn=0.12 moe_cv=0.76 trainable=219.21M lr=2.94e-05 fp8=False nvfp4=False tok=146835456 tok/s=753 mem=44105MiB
CAT-YOKO-12B B0 step 31080/- nll=11.8328 ppl=137698.1 aux=0.0000 gate=0.006 gn=0.09 moe_cv=0.79 trainable=219.21M lr=2.94e-05 fp8=False nvfp4=False tok=146999296 tok/s=762 mem=44105MiB
CAT-YOKO-12B B0 step 31120/- nll=11.8109 ppl=134719.2 aux=0.0000 gate=0.006 gn=0.09 moe_cv=0.76 trainable=219.21M lr=2.94e-05 fp8=False nvfp4=False tok=147163136 tok/s=761 mem=44105MiB
CAT-YOKO-12B B0 step 31160/- nll=3.7941 ppl=44.4 aux=0.0000 gate=0.006 gn=0.10 moe_cv=0.78 trainable=219.21M lr=2.95e-05 fp8=False nvfp4=False tok=147326976 tok/s=760 mem=44105MiB
CAT-YOKO-12B B0 step 31200/- nll=11.8100 ppl=134585.6 aux=0.0000 gate=0.006 gn=0.11 moe_cv=0.81 trainable=219.21M lr=2.95e-05 fp8=False nvfp4=False tok=147490816 tok/s=763 mem=44105MiB
CAT-YOKO-12B B0 step 31240/- nll=11.8041 ppl=133804.0 aux=0.0000 gate=0.006 gn=0.77 moe_cv=0.77 trainable=219.21M lr=2.95e-05 fp8=False nvfp4=False tok=147654656 tok/s=759 mem=44105MiB
CAT-YOKO-12B B0 step 31280/- nll=11.8057 ppl=134010.7 aux=0.0000 gate=0.006 gn=0.10 moe_cv=0.77 trainable=219.21M lr=2.96e-05 fp8=False nvfp4=False tok=147818496 tok/s=764 mem=44105MiB
CAT-YOKO-12B B0 step 31320/- nll=11.8099 ppl=134574.6 aux=0.0000 gate=0.006 gn=0.11 moe_cv=0.82 trainable=219.21M lr=2.96e-05 fp8=False nvfp4=False tok=147982336 tok/s=764 mem=44105MiB
CAT-YOKO-12B B0 step 31360/- nll=3.3213 ppl=27.7 aux=0.0000 gate=0.006 gn=0.09 moe_cv=0.80 trainable=219.21M lr=2.96e-05 fp8=False nvfp4=False tok=148146176 tok/s=751 mem=44105MiB
CAT-YOKO-12B B0 step 31400/- nll=11.8145 ppl=135199.9 aux=0.0000 gate=0.006 gn=0.10 moe_cv=0.77 trainable=219.21M lr=2.97e-05 fp8=False nvfp4=False tok=148310016 tok/s=754 mem=44105MiB
CAT-YOKO-12B B0 step 31440/- nll=11.8024 ppl=133565.9 aux=0.0000 gate=0.006 gn=0.09 moe_cv=0.75 trainable=219.21M lr=2.97e-05 fp8=False nvfp4=False tok=148473856 tok/s=751 mem=44105MiB
CAT-YOKO-12B B0 step 31480/- nll=11.8083 ppl=134366.8 aux=0.0000 gate=0.006 gn=0.09 moe_cv=0.82 trainable=219.21M lr=2.97e-05 fp8=False nvfp4=False tok=148637696 tok/s=755 mem=44105MiB
CAT-YOKO-12B B0 step 31520/- nll=11.8172 ppl=135557.4 aux=0.0000 gate=0.006 gn=0.09 moe_cv=0.81 trainable=219.21M lr=2.98e-05 fp8=False nvfp4=False tok=148801536 tok/s=748 mem=44105MiB
CAT-YOKO-12B B0 step 31560/- nll=11.8005 ppl=133323.9 aux=0.0000 gate=0.006 gn=0.11 moe_cv=0.74 trainable=219.21M lr=2.98e-05 fp8=False nvfp4=False tok=148965376 tok/s=754 mem=44105MiB
CAT-YOKO-12B B0 step 31600/- nll=11.8177 ppl=135634.9 aux=0.0000 gate=0.006 gn=0.14 moe_cv=0.75 trainable=219.21M lr=2.98e-05 fp8=False nvfp4=False tok=149129216 tok/s=755 mem=44105MiB
CAT-YOKO-12B B0 step 31640/- nll=11.8044 ppl=133846.3 aux=0.0000 gate=0.006 gn=0.10 moe_cv=0.78 trainable=219.21M lr=2.99e-05 fp8=False nvfp4=False tok=149293056 tok/s=752 mem=44105MiB
CAT-YOKO-12B B0 step 31680/- nll=11.8201 ppl=135960.8 aux=0.0000 gate=0.006 gn=0.09 moe_cv=0.81 trainable=219.21M lr=2.99e-05 fp8=False nvfp4=False tok=149456896 tok/s=755 mem=44105MiB
CAT-YOKO-12B B0 step 31720/- nll=11.8045 ppl=133849.5 aux=0.0000 gate=0.006 gn=0.10 moe_cv=0.75 trainable=219.21M lr=2.99e-05 fp8=False nvfp4=False tok=149620736 tok/s=753 mem=44105MiB
CAT-YOKO-12B B0 step 31760/- nll=11.8104 ppl=134647.3 aux=0.0000 gate=0.006 gn=0.11 moe_cv=0.79 trainable=219.21M lr=3.00e-05 fp8=False nvfp4=False tok=149784576 tok/s=739 mem=44105MiB
CAT-YOKO-12B B0 step 31800/- nll=11.8213 ppl=136114.9 aux=0.0000 gate=0.006 gn=0.11 moe_cv=0.78 trainable=219.21M lr=3.00e-05 fp8=False nvfp4=False tok=149948416 tok/s=749 mem=44105MiB
CAT-YOKO-12B B0 step 31840/- nll=11.8006 ppl=133327.8 aux=0.0000 gate=0.006 gn=0.09 moe_cv=0.75 trainable=219.21M lr=3.00e-05 fp8=False nvfp4=False tok=150112256 tok/s=752 mem=44105MiB
CAT-YOKO-12B B0 step 31880/- nll=11.8104 ppl=134641.0 aux=0.0000 gate=0.006 gn=0.09 moe_cv=0.80 trainable=219.21M lr=3.01e-05 fp8=False nvfp4=False tok=150276096 tok/s=753 mem=44105MiB
CAT-YOKO-12B B0 step 31920/- nll=11.8183 ppl=135718.6 aux=0.0000 gate=0.006 gn=0.09 moe_cv=0.74 trainable=219.21M lr=3.01e-05 fp8=False nvfp4=False tok=150439936 tok/s=758 mem=44105MiB
CAT-YOKO-12B B0 step 31960/- nll=3.7938 ppl=44.4 aux=0.0000 gate=0.006 gn=0.09 moe_cv=0.79 trainable=219.21M lr=3.01e-05 fp8=False nvfp4=False tok=150603776 tok/s=714 mem=44105MiB
CAT-YOKO-12B B0 step 32000/- nll=11.8085 ppl=134384.5 aux=0.0000 gate=0.006 gn=0.09 moe_cv=0.81 trainable=219.21M lr=3.02e-05 fp8=False nvfp4=False tok=150767616 tok/s=750 mem=44105MiB
CAT-YOKO-12B B0 step 32040/- nll=11.8170 ppl=135538.5 aux=0.0000 gate=0.006 gn=0.10 moe_cv=0.79 trainable=219.21M lr=3.02e-05 fp8=False nvfp4=False tok=150931456 tok/s=750 mem=44105MiB
CAT-YOKO-12B B0 step 32080/- nll=11.8191 ppl=135818.2 aux=0.0000 gate=0.006 gn=0.11 moe_cv=0.73 trainable=219.21M lr=3.02e-05 fp8=False nvfp4=False tok=151095296 tok/s=749 mem=44105MiB
CAT-YOKO-12B B0 step 32120/- nll=11.8038 ppl=133755.4 aux=0.0000 gate=0.006 gn=0.10 moe_cv=0.78 trainable=219.21M lr=3.03e-05 fp8=False nvfp4=False tok=151259136 tok/s=753 mem=44105MiB
CAT-YOKO-12B B0 step 32160/- nll=11.8116 ppl=134813.6 aux=0.0000 gate=0.006 gn=0.11 moe_cv=0.76 trainable=219.21M lr=3.03e-05 fp8=False nvfp4=False tok=151422976 tok/s=751 mem=44105MiB
CAT-YOKO-12B B0 step 32200/- nll=11.8060 ppl=134060.8 aux=0.0000 gate=0.006 gn=0.10 moe_cv=0.76 trainable=219.21M lr=3.03e-05 fp8=False nvfp4=False tok=151586816 tok/s=762 mem=44105MiB
CAT-YOKO-12B B0 step 32240/- nll=11.8205 ppl=136009.7 aux=0.0000 gate=0.006 gn=0.09 moe_cv=0.75 trainable=219.21M lr=3.03e-05 fp8=False nvfp4=False tok=151750656 tok/s=766 mem=44105MiB
CAT-YOKO-12B B0 step 32280/- nll=11.8069 ppl=134179.9 aux=0.0000 gate=0.006 gn=0.10 moe_cv=0.78 trainable=219.21M lr=3.04e-05 fp8=False nvfp4=False tok=151914496 tok/s=763 mem=44105MiB
CAT-YOKO-12B B0 step 32320/- nll=11.8169 ppl=135518.2 aux=0.0000 gate=0.006 gn=0.08 moe_cv=0.67 trainable=219.21M lr=3.04e-05 fp8=False nvfp4=False tok=152078336 tok/s=765 mem=44105MiB
CAT-YOKO-12B B0 step 32360/- nll=11.8101 ppl=134606.2 aux=0.0000 gate=0.006 gn=0.12 moe_cv=0.75 trainable=219.21M lr=3.04e-05 fp8=False nvfp4=False tok=152242176 tok/s=765 mem=44105MiB
CAT-YOKO-12B B0 step 32400/- nll=11.8107 ppl=134692.5 aux=0.0000 gate=0.006 gn=0.11 moe_cv=0.72 trainable=219.21M lr=3.05e-05 fp8=False nvfp4=False tok=152406016 tok/s=755 mem=44105MiB
CAT-YOKO-12B B0 step 32440/- nll=11.8019 ppl=133509.1 aux=0.0000 gate=0.006 gn=0.10 moe_cv=0.81 trainable=219.21M lr=3.05e-05 fp8=False nvfp4=False tok=152569856 tok/s=765 mem=44105MiB
CAT-YOKO-12B B0 step 32480/- nll=11.8104 ppl=134638.9 aux=0.0000 gate=0.006 gn=0.09 moe_cv=0.74 trainable=219.21M lr=3.05e-05 fp8=False nvfp4=False tok=152733696 tok/s=765 mem=44105MiB
CAT-YOKO-12B B0 step 32520/- nll=11.8039 ppl=133769.0 aux=0.0000 gate=0.006 gn=0.10 moe_cv=0.78 trainable=219.21M lr=3.06e-05 fp8=False nvfp4=False tok=152897536 tok/s=764 mem=44105MiB
CAT-YOKO-12B B0 step 32560/- nll=11.8042 ppl=133807.2 aux=0.0000 gate=0.006 gn=0.09 moe_cv=0.77 trainable=219.21M lr=3.06e-05 fp8=False nvfp4=False tok=153061376 tok/s=765 mem=44105MiB
CAT-YOKO-12B B0 step 32600/- nll=11.8055 ppl=133987.9 aux=0.0000 gate=0.006 gn=0.11 moe_cv=0.78 trainable=219.21M lr=3.06e-05 fp8=False nvfp4=False tok=153225216 tok/s=758 mem=44105MiB
CAT-YOKO-12B B0 step 32640/- nll=11.8059 ppl=134043.5 aux=0.0000 gate=0.006 gn=0.10 moe_cv=0.76 trainable=219.21M lr=3.07e-05 fp8=False nvfp4=False tok=153389056 tok/s=762 mem=44105MiB
CAT-YOKO-12B B0 step 32680/- nll=3.5503 ppl=34.8 aux=0.0000 gate=0.006 gn=0.10 moe_cv=0.79 trainable=219.21M lr=3.07e-05 fp8=False nvfp4=False tok=153552896 tok/s=761 mem=44105MiB
CAT-YOKO-12B B0 step 32720/- nll=11.8074 ppl=134247.6 aux=0.0000 gate=0.006 gn=0.11 moe_cv=0.80 trainable=219.21M lr=3.07e-05 fp8=False nvfp4=False tok=153716736 tok/s=765 mem=44105MiB
CAT-YOKO-12B B0 step 32760/- nll=11.8027 ppl=133608.7 aux=0.0000 gate=0.006 gn=0.12 moe_cv=0.80 trainable=219.21M lr=3.08e-05 fp8=False nvfp4=False tok=153880576 tok/s=761 mem=44105MiB
CAT-YOKO-12B B0 step 32800/- nll=11.8090 ppl=134453.7 aux=0.0000 gate=0.006 gn=0.10 moe_cv=0.80 trainable=219.21M lr=3.08e-05 fp8=False nvfp4=False tok=154044416 tok/s=765 mem=44105MiB
CAT-YOKO-12B B0 step 32840/- nll=11.8026 ppl=133595.5 aux=0.0000 gate=0.006 gn=0.10 moe_cv=0.79 trainable=219.21M lr=3.08e-05 fp8=False nvfp4=False tok=154208256 tok/s=761 mem=44105MiB
CAT-YOKO-12B B0 step 32880/- nll=11.7992 ppl=133145.9 aux=0.0000 gate=0.006 gn=0.09 moe_cv=0.74 trainable=219.21M lr=3.09e-05 fp8=False nvfp4=False tok=154372096 tok/s=764 mem=44105MiB
CAT-YOKO-12B B0 step 32920/- nll=11.8059 ppl=134045.1 aux=0.0000 gate=0.006 gn=0.09 moe_cv=0.77 trainable=219.21M lr=3.09e-05 fp8=False nvfp4=False tok=154535936 tok/s=765 mem=44105MiB
CAT-YOKO-12B B0 step 32960/- nll=11.8138 ppl=135101.4 aux=0.0000 gate=0.006 gn=0.10 moe_cv=0.81 trainable=219.21M lr=3.09e-05 fp8=False nvfp4=False tok=154699776 tok/s=758 mem=44105MiB
CAT-YOKO-12B B0 step 33000/- nll=11.8107 ppl=134679.4 aux=0.0000 gate=0.006 gn=0.10 moe_cv=0.79 trainable=219.21M lr=3.10e-05 fp8=False nvfp4=False tok=154863616 tok/s=760 mem=44105MiB
CAT-YOKO-12B B0 step 33040/- nll=11.8172 ppl=135563.7 aux=0.0000 gate=0.006 gn=0.13 moe_cv=0.79 trainable=219.21M lr=3.10e-05 fp8=False nvfp4=False tok=155027456 tok/s=757 mem=44105MiB
CAT-YOKO-12B B0 step 33080/- nll=11.8099 ppl=134574.2 aux=0.0000 gate=0.006 gn=0.11 moe_cv=0.83 trainable=219.21M lr=3.10e-05 fp8=False nvfp4=False tok=155191296 tok/s=763 mem=44105MiB
CAT-YOKO-12B B0 step 33120/- nll=11.8039 ppl=133777.1 aux=0.0000 gate=0.006 gn=0.09 moe_cv=0.77 trainable=219.21M lr=3.11e-05 fp8=False nvfp4=False tok=155355136 tok/s=764 mem=44105MiB
CAT-YOKO-12B B0 step 33160/- nll=11.8024 ppl=133565.9 aux=0.0000 gate=0.006 gn=0.10 moe_cv=0.81 trainable=219.21M lr=3.11e-05 fp8=False nvfp4=False tok=155518976 tok/s=764 mem=44105MiB
CAT-YOKO-12B B0 step 33200/- nll=11.8066 ppl=134129.6 aux=0.0000 gate=0.006 gn=0.10 moe_cv=0.82 trainable=219.21M lr=3.11e-05 fp8=False nvfp4=False tok=155682816 tok/s=760 mem=44105MiB
CAT-YOKO-12B B0 step 33240/- nll=11.7999 ppl=133237.2 aux=0.0000 gate=0.006 gn=0.11 moe_cv=0.83 trainable=219.21M lr=3.12e-05 fp8=False nvfp4=False tok=155846656 tok/s=762 mem=44105MiB
CAT-YOKO-12B B0 step 33280/- nll=11.8064 ppl=134110.8 aux=0.0000 gate=0.006 gn=0.10 moe_cv=0.74 trainable=219.21M lr=3.12e-05 fp8=False nvfp4=False tok=156010496 tok/s=764 mem=44105MiB
CAT-YOKO-12B B0 step 33320/- nll=11.8044 ppl=133837.7 aux=0.0000 gate=0.006 gn=0.11 moe_cv=0.77 trainable=219.21M lr=3.12e-05 fp8=False nvfp4=False tok=156174336 tok/s=763 mem=44105MiB
CAT-YOKO-12B B0 step 33360/- nll=11.8002 ppl=133277.4 aux=0.0000 gate=0.006 gn=1.97 moe_cv=0.78 trainable=219.21M lr=3.13e-05 fp8=False nvfp4=False tok=156338176 tok/s=763 mem=44105MiB
CAT-YOKO-12B B0 step 33400/- nll=11.8074 ppl=134237.3 aux=0.0000 gate=0.006 gn=0.09 moe_cv=0.74 trainable=219.21M lr=3.13e-05 fp8=False nvfp4=False tok=156502016 tok/s=758 mem=44105MiB
CAT-YOKO-12B B0 step 33440/- nll=11.8144 ppl=135189.2 aux=0.0000 gate=0.006 gn=0.10 moe_cv=0.76 trainable=219.21M lr=3.13e-05 fp8=False nvfp4=False tok=156665856 tok/s=763 mem=44105MiB
CAT-YOKO-12B B0 step 33480/- nll=11.8642 ppl=142083.8 aux=0.0000 gate=0.006 gn=0.09 moe_cv=0.71 trainable=219.21M lr=3.14e-05 fp8=False nvfp4=False tok=156829696 tok/s=764 mem=44105MiB
CAT-YOKO-12B B0 step 33520/- nll=11.7978 ppl=132953.1 aux=0.0000 gate=0.006 gn=0.10 moe_cv=0.79 trainable=219.21M lr=3.14e-05 fp8=False nvfp4=False tok=156993536 tok/s=761 mem=44105MiB
CAT-YOKO-12B B0 step 33560/- nll=11.8088 ppl=134432.0 aux=0.0000 gate=0.006 gn=0.10 moe_cv=0.74 trainable=219.21M lr=3.14e-05 fp8=False nvfp4=False tok=157157376 tok/s=763 mem=44105MiB
CAT-YOKO-12B B0 step 33600/- nll=3.5906 ppl=36.3 aux=0.0000 gate=0.006 gn=0.12 moe_cv=0.75 trainable=219.21M lr=3.15e-05 fp8=False nvfp4=False tok=157321216 tok/s=756 mem=44105MiB
CAT-YOKO-12B B0 step 33640/- nll=11.8142 ppl=135157.8 aux=0.0000 gate=0.006 gn=0.10 moe_cv=0.79 trainable=219.21M lr=3.15e-05 fp8=False nvfp4=False tok=157485056 tok/s=761 mem=44105MiB
CAT-YOKO-12B B0 step 33680/- nll=11.8069 ppl=134181.4 aux=0.0000 gate=0.006 gn=0.09 moe_cv=0.77 trainable=219.21M lr=3.15e-05 fp8=False nvfp4=False tok=157648896 tok/s=763 mem=44105MiB
CAT-YOKO-12B B0 step 33720/- nll=11.8219 ppl=136201.8 aux=0.0000 gate=0.006 gn=0.09 moe_cv=0.79 trainable=219.21M lr=3.16e-05 fp8=False nvfp4=False tok=157812736 tok/s=764 mem=44105MiB
CAT-YOKO-12B B0 step 33760/- nll=11.8018 ppl=133495.5 aux=0.0000 gate=0.006 gn=0.09 moe_cv=0.80 trainable=219.21M lr=3.16e-05 fp8=False nvfp4=False tok=157976576 tok/s=762 mem=44105MiB
CAT-YOKO-12B B0 step 33800/- nll=11.8087 ppl=134415.9 aux=0.0000 gate=0.006 gn=0.11 moe_cv=0.71 trainable=219.21M lr=3.16e-05 fp8=False nvfp4=False tok=158140416 tok/s=761 mem=44105MiB
CAT-YOKO-12B B0 step 33840/- nll=3.5576 ppl=35.1 aux=0.0000 gate=0.006 gn=0.09 moe_cv=0.78 trainable=219.21M lr=3.17e-05 fp8=False nvfp4=False tok=158304256 tok/s=761 mem=44105MiB
CAT-YOKO-12B B0 step 33880/- nll=11.8037 ppl=133752.7 aux=0.0000 gate=0.006 gn=0.12 moe_cv=0.76 trainable=219.21M lr=3.17e-05 fp8=False nvfp4=False tok=158468096 tok/s=765 mem=44105MiB
CAT-YOKO-12B B0 step 33920/- nll=11.8047 ppl=133885.7 aux=0.0000 gate=0.006 gn=0.09 moe_cv=0.84 trainable=219.21M lr=3.17e-05 fp8=False nvfp4=False tok=158631936 tok/s=765 mem=44105MiB
CAT-YOKO-12B B0 step 33960/- nll=3.6662 ppl=39.1 aux=0.0000 gate=0.006 gn=0.11 moe_cv=0.82 trainable=219.21M lr=3.18e-05 fp8=False nvfp4=False tok=158795776 tok/s=763 mem=44105MiB
