=== B0 published 2026-09-18T16:55:16Z ===
NVIDIA RTX 6000D, 12.0, 85651 MiB, 0 MiB
/dev/md0         50G  7.4G   43G  15% /root/autodl-tmp
torch 2.8.0+cu128 cuda 12.8 cap (12, 0)
resume 32-step overlay /root/autodl-tmp/runs/b0/trainable.pt (same-phase B0 + MiniCPM5 upcycle)
B0 argv seq=4096 tokens=8e9 save-every=20 no-offload-encoder
B0 argv: --config 12b --phase B0 --device cuda --dtype bf16 --grad-ckpt --seed 0 --save-dir /root/autodl-tmp/runs/b0-full --keep-last 2 --no-save-full --save-trainable --no-save-optim --micro-batch 1 --accum 1 --no-offload-encoder --seq-len 4096 --tokens 8000000000.0 --save-every 20 --log-every 1 --log /root/autodl-tmp/runs/b0-full/metrics.jsonl --resume /root/autodl-tmp/runs/b0 --upcycle-hf /root/autodl-tmp/hf/MiniCPM5-2B-Base
[transformers] `torch_dtype` is deprecated! Use `dtype` instead!
Loading weights:   0%|          | 0/381 [00:00<?, ?it/s]Loading weights: 100%|██████████| 381/381 [00:00<00:00, 13692.43it/s]
built CAT-YOKO-12B on cuda dtype=bf16 params=12,250,381,312 alloc=22.82GiB grad_ckpt=True seq=4096 offload_enc=False offload_blocks=False optim_cpu=False adam=gpu trainable=219.21M reuse=False nvfp4=True nvfp4_n=1072 PYTORCH_CUDA_ALLOC_CONF=expandable_segments:True
CAT-YOKO-12B B0 step 33/- nll=17.8268 ppl=55216411.8 aux=0.0000 gate=0.000 gn=0.00 moe_cv=0.61 trainable=219.21M lr=1.00e-07 fp8=False nvfp4=True tok=6144 tok/s=1133 mem=29945MiB
CAT-YOKO-12B B0 step 34/- nll=18.7268 ppl=135814551.1 aux=0.0000 gate=0.000 gn=0.00 moe_cv=0.60 trainable=219.21M lr=1.00e-07 fp8=False nvfp4=True tok=10240 tok/s=1334 mem=30789MiB
CAT-YOKO-12B B0 step 35/- nll=15.5534 ppl=5685310.1 aux=0.0000 gate=0.000 gn=0.00 moe_cv=0.70 trainable=219.21M lr=1.00e-07 fp8=False nvfp4=True tok=14336 tok/s=1296 mem=30789MiB
CAT-YOKO-12B B0 step 36/- nll=16.2087 ppl=10948860.6 aux=0.0000 gate=0.000 gn=0.00 moe_cv=0.64 trainable=219.21M lr=1.00e-07 fp8=False nvfp4=True tok=18432 tok/s=1347 mem=30789MiB
CAT-YOKO-12B B0 step 37/- nll=17.1145 ppl=27086081.7 aux=0.0000 gate=0.000 gn=0.00 moe_cv=0.61 trainable=219.21M lr=1.00e-07 fp8=False nvfp4=True tok=22528 tok/s=1346 mem=30789MiB
CAT-YOKO-12B B0 step 38/- nll=17.8587 ppl=57005255.4 aux=0.0000 gate=0.000 gn=0.00 moe_cv=0.61 trainable=219.21M lr=1.00e-07 fp8=False nvfp4=True tok=26624 tok/s=1298 mem=30789MiB
CAT-YOKO-12B B0 step 39/- nll=17.5198 ppl=40621955.7 aux=0.0000 gate=0.000 gn=0.00 moe_cv=0.66 trainable=219.21M lr=1.00e-07 fp8=False nvfp4=True tok=30720 tok/s=1349 mem=30789MiB
CAT-YOKO-12B B0 step 40/- nll=17.6778 ppl=47574561.9 aux=0.0000 gate=0.000 gn=0.00 moe_cv=0.64 trainable=219.21M lr=1.00e-07 fp8=False nvfp4=True tok=34816 tok/s=1335 mem=30789MiB
CAT-YOKO-12B B0 step 41/- nll=15.7431 ppl=6872825.5 aux=0.0000 gate=0.000 gn=0.00 moe_cv=0.67 trainable=219.21M lr=1.00e-07 fp8=False nvfp4=True tok=38912 tok/s=1312 mem=30789MiB
CAT-YOKO-12B B0 step 42/- nll=17.3116 ppl=32987454.4 aux=0.0000 gate=0.000 gn=0.00 moe_cv=0.54 trainable=219.21M lr=1.00e-07 fp8=False nvfp4=True tok=43008 tok/s=1324 mem=30789MiB
CAT-YOKO-12B B0 step 43/- nll=17.1946 ppl=29344854.2 aux=0.0000 gate=0.000 gn=0.00 moe_cv=0.66 trainable=219.21M lr=1.00e-07 fp8=False nvfp4=True tok=47104 tok/s=1362 mem=30789MiB
CAT-YOKO-12B B0 step 44/- nll=17.0031 ppl=24229519.8 aux=0.0000 gate=0.000 gn=0.00 moe_cv=0.59 trainable=219.21M lr=1.00e-07 fp8=False nvfp4=True tok=51200 tok/s=1294 mem=30789MiB
CAT-YOKO-12B B0 step 45/- nll=17.0601 ppl=25650310.2 aux=0.0000 gate=0.000 gn=0.00 moe_cv=0.56 trainable=219.21M lr=1.00e-07 fp8=False nvfp4=True tok=55296 tok/s=1329 mem=30789MiB
CAT-YOKO-12B B0 step 46/- nll=18.0002 ppl=65671992.9 aux=0.0000 gate=0.000 gn=0.00 moe_cv=0.67 trainable=219.21M lr=1.00e-07 fp8=False nvfp4=True tok=59392 tok/s=1385 mem=30789MiB
CAT-YOKO-12B B0 step 47/- nll=17.4372 ppl=37402219.3 aux=0.0000 gate=0.000 gn=0.00 moe_cv=0.60 trainable=219.21M lr=1.00e-07 fp8=False nvfp4=True tok=63488 tok/s=1289 mem=30789MiB
CAT-YOKO-12B B0 step 48/- nll=18.2860 ppl=87396594.3 aux=0.0000 gate=0.000 gn=0.00 moe_cv=0.61 trainable=219.21M lr=1.00e-07 fp8=False nvfp4=True tok=67584 tok/s=1332 mem=30789MiB
CAT-YOKO-12B B0 step 49/- nll=17.9025 ppl=59561911.3 aux=0.0000 gate=0.000 gn=0.00 moe_cv=0.61 trainable=219.21M lr=1.00e-07 fp8=False nvfp4=True tok=71680 tok/s=1351 mem=30789MiB
CAT-YOKO-12B B0 step 50/- nll=17.8894 ppl=58782497.4 aux=0.0000 gate=0.000 gn=0.00 moe_cv=0.61 trainable=219.21M lr=1.00e-07 fp8=False nvfp4=True tok=75776 tok/s=1291 mem=30789MiB
CAT-YOKO-12B B0 step 51/- nll=16.8886 ppl=21607720.7 aux=0.0000 gate=0.000 gn=0.00 moe_cv=0.64 trainable=219.21M lr=1.00e-07 fp8=False nvfp4=True tok=79872 tok/s=1357 mem=30789MiB
CAT-YOKO-12B B0 step 52/- nll=16.1405 ppl=10226875.2 aux=0.0000 gate=0.000 gn=0.00 moe_cv=0.66 trainable=219.21M lr=1.00e-07 fp8=False nvfp4=True tok=83968 tok/s=1374 mem=30789MiB
CAT-YOKO-12B B0 step 53/- nll=17.2584 ppl=31278691.7 aux=0.0000 gate=0.000 gn=0.00 moe_cv=0.62 trainable=219.21M lr=1.00e-07 fp8=False nvfp4=True tok=88064 tok/s=1304 mem=30789MiB
CAT-YOKO-12B B0 step 54/- nll=17.3511 ppl=34316249.0 aux=0.0000 gate=0.000 gn=0.00 moe_cv=0.57 trainable=219.21M lr=1.00e-07 fp8=False nvfp4=True tok=92160 tok/s=1342 mem=30789MiB
CAT-YOKO-12B B0 step 55/- nll=18.0361 ppl=68070767.9 aux=0.0000 gate=0.000 gn=0.00 moe_cv=0.57 trainable=219.21M lr=1.00e-07 fp8=False nvfp4=True tok=96256 tok/s=1351 mem=30789MiB
CAT-YOKO-12B B0 step 56/- nll=17.8354 ppl=55694183.6 aux=0.0000 gate=0.000 gn=0.00 moe_cv=0.57 trainable=219.21M lr=1.00e-07 fp8=False nvfp4=True tok=100352 tok/s=1305 mem=30789MiB
CAT-YOKO-12B B0 step 57/- nll=17.0689 ppl=25878967.1 aux=0.0000 gate=0.000 gn=0.00 moe_cv=0.59 trainable=219.21M lr=1.00e-07 fp8=False nvfp4=True tok=104448 tok/s=1355 mem=30789MiB
CAT-YOKO-12B B0 step 58/- nll=16.2782 ppl=11735954.5 aux=0.0000 gate=0.000 gn=0.00 moe_cv=0.65 trainable=219.21M lr=1.00e-07 fp8=False nvfp4=True tok=108544 tok/s=1359 mem=30789MiB
CAT-YOKO-12B B0 step 59/- nll=17.8983 ppl=59309222.5 aux=0.0000 gate=0.000 gn=0.00 moe_cv=0.61 trainable=219.21M lr=1.00e-07 fp8=False nvfp4=True tok=112640 tok/s=1297 mem=30789MiB
CAT-YOKO-12B B0 step 60/- nll=17.4186 ppl=36711410.4 aux=0.0000 gate=0.000 gn=0.00 moe_cv=0.58 trainable=219.21M lr=1.00e-07 fp8=False nvfp4=True tok=116736 tok/s=1355 mem=30789MiB
CAT-YOKO-12B B0 step 61/- nll=17.6310 ppl=45399600.8 aux=0.0000 gate=0.000 gn=0.00 moe_cv=0.62 trainable=219.21M lr=1.00e-07 fp8=False nvfp4=True tok=120832 tok/s=1354 mem=30789MiB
CAT-YOKO-12B B0 step 62/- nll=17.5552 ppl=42085424.2 aux=0.0000 gate=0.000 gn=0.00 moe_cv=0.58 trainable=219.21M lr=1.00e-07 fp8=False nvfp4=True tok=124928 tok/s=1313 mem=30789MiB
CAT-YOKO-12B B0 step 63/- nll=17.6579 ppl=46635258.4 aux=0.0000 gate=0.000 gn=0.00 moe_cv=0.62 trainable=219.21M lr=1.00e-07 fp8=False nvfp4=True tok=129024 tok/s=1373 mem=30789MiB
CAT-YOKO-12B B0 step 64/- nll=16.4449 ppl=13865546.9 aux=0.0000 gate=0.000 gn=0.00 moe_cv=0.60 trainable=219.21M lr=1.00e-07 fp8=False nvfp4=True tok=133120 tok/s=1357 mem=30789MiB
CAT-YOKO-12B B0 step 65/- nll=18.3326 ppl=91568835.4 aux=0.0000 gate=0.000 gn=0.00 moe_cv=0.67 trainable=219.21M lr=1.00e-07 fp8=False nvfp4=True tok=137216 tok/s=1305 mem=30789MiB
CAT-YOKO-12B B0 step 66/- nll=17.6898 ppl=48146833.5 aux=0.0000 gate=0.000 gn=0.00 moe_cv=0.64 trainable=219.21M lr=1.00e-07 fp8=False nvfp4=True tok=141312 tok/s=1360 mem=30789MiB
CAT-YOKO-12B B0 step 67/- nll=17.5133 ppl=40356527.1 aux=0.0000 gate=0.000 gn=0.00 moe_cv=0.62 trainable=219.21M lr=1.00e-07 fp8=False nvfp4=True tok=145408 tok/s=1355 mem=30789MiB
CAT-YOKO-12B B0 step 68/- nll=17.1782 ppl=28866440.0 aux=0.0000 gate=0.000 gn=0.00 moe_cv=0.69 trainable=219.21M lr=1.00e-07 fp8=False nvfp4=True tok=149504 tok/s=1316 mem=30789MiB
CAT-YOKO-12B B0 step 69/- nll=17.5532 ppl=42000101.9 aux=0.0000 gate=0.000 gn=0.00 moe_cv=0.62 trainable=219.21M lr=1.00e-07 fp8=False nvfp4=True tok=153600 tok/s=1350 mem=30789MiB
CAT-YOKO-12B B0 step 70/- nll=17.8499 ppl=56507613.6 aux=0.0000 gate=0.000 gn=0.00 moe_cv=0.65 trainable=219.21M lr=1.00e-07 fp8=False nvfp4=True tok=157696 tok/s=1361 mem=30789MiB
CAT-YOKO-12B B0 step 71/- nll=17.2585 ppl=31278930.3 aux=0.0000 gate=0.000 gn=0.00 moe_cv=0.65 trainable=219.21M lr=1.00e-07 fp8=False nvfp4=True tok=161792 tok/s=1331 mem=30789MiB
CAT-YOKO-12B B0 step 72/- nll=16.9155 ppl=22196672.7 aux=0.0000 gate=0.000 gn=0.00 moe_cv=0.63 trainable=219.21M lr=1.00e-07 fp8=False nvfp4=True tok=165888 tok/s=1357 mem=30789MiB
CAT-YOKO-12B B0 step 73/- nll=17.3358 ppl=33795439.0 aux=0.0000 gate=0.000 gn=0.00 moe_cv=0.63 trainable=219.21M lr=1.00e-07 fp8=False nvfp4=True tok=169984 tok/s=1351 mem=30789MiB
CAT-YOKO-12B B0 step 74/- nll=17.8695 ppl=57628061.6 aux=0.0000 gate=0.000 gn=0.00 moe_cv=0.65 trainable=219.21M lr=1.00e-07 fp8=False nvfp4=True tok=174080 tok/s=1320 mem=30789MiB
CAT-YOKO-12B B0 step 75/- nll=18.1321 ppl=74930136.7 aux=0.0000 gate=0.000 gn=0.00 moe_cv=0.61 trainable=219.21M lr=1.00e-07 fp8=False nvfp4=True tok=178176 tok/s=1345 mem=30789MiB
CAT-YOKO-12B B0 step 76/- nll=17.3229 ppl=33362616.0 aux=0.0000 gate=0.000 gn=0.00 moe_cv=0.59 trainable=219.21M lr=1.00e-07 fp8=False nvfp4=True tok=182272 tok/s=1349 mem=30789MiB
CAT-YOKO-12B B0 step 77/- nll=17.6690 ppl=47156369.3 aux=0.0000 gate=0.000 gn=0.00 moe_cv=0.65 trainable=219.21M lr=1.00e-07 fp8=False nvfp4=True tok=186368 tok/s=1318 mem=30789MiB
CAT-YOKO-12B B0 step 78/- nll=18.0823 ppl=71291033.0 aux=0.0000 gate=0.000 gn=0.00 moe_cv=0.66 trainable=219.21M lr=1.00e-07 fp8=False nvfp4=True tok=190464 tok/s=1351 mem=30789MiB
CAT-YOKO-12B B0 step 79/- nll=17.5639 ppl=42452492.2 aux=0.0000 gate=0.000 gn=0.00 moe_cv=0.61 trainable=219.21M lr=1.00e-07 fp8=False nvfp4=True tok=194560 tok/s=1349 mem=30789MiB
CAT-YOKO-12B B0 step 80/- nll=17.6822 ppl=47782996.1 aux=0.0000 gate=0.000 gn=0.00 moe_cv=0.70 trainable=219.21M lr=1.00e-07 fp8=False nvfp4=True tok=198656 tok/s=1332 mem=30789MiB
CAT-YOKO-12B B0 step 81/- nll=17.9087 ppl=59931589.5 aux=0.0000 gate=0.000 gn=0.00 moe_cv=0.62 trainable=219.21M lr=1.00e-07 fp8=False nvfp4=True tok=202752 tok/s=1346 mem=30789MiB
CAT-YOKO-12B B0 step 82/- nll=18.0956 ppl=72244981.7 aux=0.0000 gate=0.000 gn=0.00 moe_cv=0.63 trainable=219.21M lr=1.00e-07 fp8=False nvfp4=True tok=206848 tok/s=1359 mem=30789MiB
CAT-YOKO-12B B0 step 83/- nll=18.2826 ppl=87106858.3 aux=0.0000 gate=0.000 gn=0.00 moe_cv=0.61 trainable=219.21M lr=1.00e-07 fp8=False nvfp4=True tok=210944 tok/s=1307 mem=30789MiB
CAT-YOKO-12B B0 step 84/- nll=16.4458 ppl=13878141.1 aux=0.0000 gate=0.000 gn=0.01 moe_cv=0.63 trainable=219.21M lr=1.00e-07 fp8=False nvfp4=True tok=215040 tok/s=1338 mem=30789MiB
CAT-YOKO-12B B0 step 85/- nll=16.9867 ppl=23835592.9 aux=0.0000 gate=0.000 gn=0.00 moe_cv=0.61 trainable=219.21M lr=1.00e-07 fp8=False nvfp4=True tok=219136 tok/s=1369 mem=30789MiB
CAT-YOKO-12B B0 step 86/- nll=17.7270 ppl=49972911.8 aux=0.0000 gate=0.000 gn=0.00 moe_cv=0.65 trainable=219.21M lr=1.00e-07 fp8=False nvfp4=True tok=223232 tok/s=1312 mem=30789MiB
CAT-YOKO-12B B0 step 87/- nll=17.0144 ppl=24504938.4 aux=0.0000 gate=0.000 gn=0.00 moe_cv=0.65 trainable=219.21M lr=1.00e-07 fp8=False nvfp4=True tok=227328 tok/s=1364 mem=30789MiB
CAT-YOKO-12B B0 step 88/- nll=19.2245 ppl=223401594.6 aux=0.0000 gate=0.000 gn=0.00 moe_cv=0.60 trainable=219.21M lr=1.00e-07 fp8=False nvfp4=True tok=231424 tok/s=1341 mem=30789MiB
CAT-YOKO-12B B0 step 89/- nll=18.4137 ppl=99304556.2 aux=0.0000 gate=0.000 gn=0.00 moe_cv=0.62 trainable=219.21M lr=1.00e-07 fp8=False nvfp4=True tok=235520 tok/s=1304 mem=30789MiB
CAT-YOKO-12B B0 step 90/- nll=17.2344 ppl=30534837.9 aux=0.0000 gate=0.000 gn=0.00 moe_cv=0.62 trainable=219.21M lr=1.00e-07 fp8=False nvfp4=True tok=239616 tok/s=1342 mem=30789MiB
CAT-YOKO-12B B0 step 91/- nll=17.6458 ppl=46073571.0 aux=0.0000 gate=0.000 gn=0.00 moe_cv=0.59 trainable=219.21M lr=1.00e-07 fp8=False nvfp4=True tok=243712 tok/s=1366 mem=30789MiB
CAT-YOKO-12B B0 step 92/- nll=17.7124 ppl=49248664.4 aux=0.0000 gate=0.000 gn=0.00 moe_cv=0.65 trainable=219.21M lr=1.00e-07 fp8=False nvfp4=True tok=247808 tok/s=1317 mem=30789MiB
CAT-YOKO-12B B0 step 93/- nll=17.8460 ppl=56288492.2 aux=0.0000 gate=0.000 gn=0.00 moe_cv=0.59 trainable=219.21M lr=1.00e-07 fp8=False nvfp4=True tok=251904 tok/s=1335 mem=30789MiB
CAT-YOKO-12B B0 step 94/- nll=17.6841 ppl=47875043.8 aux=0.0000 gate=0.000 gn=0.00 moe_cv=0.69 trainable=219.21M lr=1.00e-07 fp8=False nvfp4=True tok=256000 tok/s=1358 mem=30789MiB
CAT-YOKO-12B B0 step 95/- nll=17.7051 ppl=48889926.9 aux=0.0000 gate=0.000 gn=0.00 moe_cv=0.57 trainable=219.21M lr=1.00e-07 fp8=False nvfp4=True tok=260096 tok/s=1314 mem=30789MiB
CAT-YOKO-12B B0 step 96/- nll=17.7425 ppl=50755030.1 aux=0.0000 gate=0.000 gn=0.00 moe_cv=0.66 trainable=219.21M lr=1.00e-07 fp8=False nvfp4=True tok=264192 tok/s=1349 mem=30789MiB
CAT-YOKO-12B B0 step 97/- nll=17.7380 ppl=50528137.8 aux=0.0000 gate=0.000 gn=0.00 moe_cv=0.66 trainable=219.21M lr=1.00e-07 fp8=False nvfp4=True tok=268288 tok/s=1348 mem=30789MiB
CAT-YOKO-12B B0 step 98/- nll=17.5180 ppl=40550040.3 aux=0.0000 gate=0.000 gn=0.00 moe_cv=0.59 trainable=219.21M lr=1.00e-07 fp8=False nvfp4=True tok=272384 tok/s=1298 mem=30789MiB
CAT-YOKO-12B B0 step 99/- nll=17.9639 ppl=63333585.0 aux=0.0000 gate=0.000 gn=0.00 moe_cv=0.57 trainable=219.21M lr=1.00e-07 fp8=False nvfp4=True tok=276480 tok/s=1344 mem=30789MiB
CAT-YOKO-12B B0 step 100/- nll=17.7308 ppl=50165151.3 aux=0.0000 gate=0.000 gn=0.00 moe_cv=0.61 trainable=219.21M lr=1.00e-07 fp8=False nvfp4=True tok=280576 tok/s=1352 mem=30789MiB
CAT-YOKO-12B B0 step 101/- nll=17.7140 ppl=49328761.6 aux=0.0000 gate=0.000 gn=0.00 moe_cv=0.53 trainable=219.21M lr=1.00e-07 fp8=False nvfp4=True tok=284672 tok/s=1299 mem=30789MiB
CAT-YOKO-12B B0 step 102/- nll=17.5138 ppl=40379317.9 aux=0.0000 gate=0.000 gn=0.00 moe_cv=0.65 trainable=219.21M lr=1.00e-07 fp8=False nvfp4=True tok=288768 tok/s=1368 mem=30789MiB
CAT-YOKO-12B B0 step 103/- nll=17.3050 ppl=32768160.3 aux=0.0000 gate=0.000 gn=0.00 moe_cv=0.64 trainable=219.21M lr=1.00e-07 fp8=False nvfp4=True tok=292864 tok/s=1361 mem=30789MiB
CAT-YOKO-12B B0 step 104/- nll=17.6614 ppl=46798588.6 aux=0.0000 gate=0.000 gn=0.00 moe_cv=0.64 trainable=219.21M lr=1.00e-07 fp8=False nvfp4=True tok=296960 tok/s=1310 mem=30789MiB
CAT-YOKO-12B B0 step 105/- nll=17.3832 ppl=35435560.0 aux=0.0000 gate=0.000 gn=0.00 moe_cv=0.56 trainable=219.21M lr=1.00e-07 fp8=False nvfp4=True tok=301056 tok/s=1346 mem=30789MiB
CAT-YOKO-12B B0 step 106/- nll=17.7932 ppl=53393803.7 aux=0.0000 gate=0.000 gn=0.00 moe_cv=0.68 trainable=219.21M lr=1.00e-07 fp8=False nvfp4=True tok=305152 tok/s=1361 mem=30789MiB
CAT-YOKO-12B B0 step 107/- nll=17.4288 ppl=37089004.2 aux=0.0000 gate=0.000 gn=0.00 moe_cv=0.56 trainable=219.21M lr=1.00e-07 fp8=False nvfp4=True tok=309248 tok/s=1301 mem=30789MiB
CAT-YOKO-12B B0 step 108/- nll=18.1757 ppl=78269064.6 aux=0.0000 gate=0.000 gn=0.00 moe_cv=0.60 trainable=219.21M lr=1.00e-07 fp8=False nvfp4=True tok=313344 tok/s=1357 mem=30789MiB
CAT-YOKO-12B B0 step 109/- nll=17.6507 ppl=46302268.9 aux=0.0000 gate=0.000 gn=0.00 moe_cv=0.60 trainable=219.21M lr=1.00e-07 fp8=False nvfp4=True tok=317440 tok/s=1366 mem=30789MiB
CAT-YOKO-12B B0 step 110/- nll=17.8334 ppl=55582543.6 aux=0.0000 gate=0.000 gn=0.00 moe_cv=0.59 trainable=219.21M lr=1.00e-07 fp8=False nvfp4=True tok=321536 tok/s=1302 mem=30789MiB
CAT-YOKO-12B B0 step 111/- nll=17.5931 ppl=43710613.5 aux=0.0000 gate=0.000 gn=0.00 moe_cv=0.59 trainable=219.21M lr=1.00e-07 fp8=False nvfp4=True tok=325632 tok/s=1355 mem=30789MiB
CAT-YOKO-12B B0 step 112/- nll=17.4918 ppl=39498815.2 aux=0.0000 gate=0.000 gn=0.00 moe_cv=0.62 trainable=219.21M lr=1.00e-07 fp8=False nvfp4=True tok=329728 tok/s=1351 mem=30789MiB
CAT-YOKO-12B B0 step 113/- nll=17.6771 ppl=47540455.4 aux=0.0000 gate=0.000 gn=0.00 moe_cv=0.59 trainable=219.21M lr=1.00e-07 fp8=False nvfp4=True tok=333824 tok/s=1306 mem=30789MiB
CAT-YOKO-12B B0 step 114/- nll=17.6883 ppl=48075257.1 aux=0.0000 gate=0.000 gn=0.00 moe_cv=0.65 trainable=219.21M lr=1.00e-07 fp8=False nvfp4=True tok=337920 tok/s=1369 mem=30789MiB
CAT-YOKO-12B B0 step 115/- nll=17.6721 ppl=47301581.6 aux=0.0000 gate=0.000 gn=0.00 moe_cv=0.65 trainable=219.21M lr=1.00e-07 fp8=False nvfp4=True tok=342016 tok/s=1350 mem=30789MiB
CAT-YOKO-12B B0 step 116/- nll=17.5040 ppl=39986373.9 aux=0.0000 gate=0.000 gn=0.01 moe_cv=0.58 trainable=219.21M lr=1.00e-07 fp8=False nvfp4=True tok=346112 tok/s=1307 mem=30789MiB
CAT-YOKO-12B B0 step 117/- nll=16.8936 ppl=21717792.8 aux=0.0000 gate=0.000 gn=0.00 moe_cv=0.64 trainable=219.21M lr=1.00e-07 fp8=False nvfp4=True tok=350208 tok/s=1356 mem=30789MiB
CAT-YOKO-12B B0 step 118/- nll=18.0718 ppl=70545185.6 aux=0.0000 gate=0.000 gn=0.00 moe_cv=0.58 trainable=219.21M lr=1.00e-07 fp8=False nvfp4=True tok=354304 tok/s=1341 mem=30789MiB
CAT-YOKO-12B B0 step 119/- nll=15.6935 ppl=6540183.1 aux=0.0000 gate=0.000 gn=0.01 moe_cv=0.69 trainable=219.21M lr=1.00e-07 fp8=False nvfp4=True tok=358400 tok/s=1335 mem=30789MiB
CAT-YOKO-12B B0 step 120/- nll=16.4139 ppl=13441409.8 aux=0.0000 gate=0.000 gn=0.00 moe_cv=0.64 trainable=219.21M lr=1.00e-07 fp8=False nvfp4=True tok=362496 tok/s=1355 mem=30789MiB
CAT-YOKO-12B B0 step 121/- nll=17.4600 ppl=38262248.5 aux=0.0000 gate=0.000 gn=0.00 moe_cv=0.62 trainable=219.21M lr=1.00e-07 fp8=False nvfp4=True tok=366592 tok/s=1343 mem=30789MiB
CAT-YOKO-12B B0 step 122/- nll=18.6058 ppl=120335351.5 aux=0.0000 gate=0.000 gn=0.01 moe_cv=0.60 trainable=219.21M lr=1.00e-07 fp8=False nvfp4=True tok=370688 tok/s=1307 mem=30789MiB
CAT-YOKO-12B B0 step 123/- nll=16.3814 ppl=13012166.2 aux=0.0000 gate=0.000 gn=0.00 moe_cv=0.68 trainable=219.21M lr=1.00e-07 fp8=False nvfp4=True tok=374784 tok/s=1371 mem=30789MiB
CAT-YOKO-12B B0 step 124/- nll=17.2725 ppl=31721244.2 aux=0.0000 gate=0.000 gn=0.00 moe_cv=0.64 trainable=219.21M lr=1.00e-07 fp8=False nvfp4=True tok=378880 tok/s=1377 mem=30789MiB
CAT-YOKO-12B B0 step 125/- nll=19.0839 ppl=194099852.0 aux=0.0000 gate=0.000 gn=0.01 moe_cv=0.63 trainable=219.21M lr=1.00e-07 fp8=False nvfp4=True tok=382976 tok/s=1331 mem=30789MiB
CAT-YOKO-12B B0 step 126/- nll=17.3324 ppl=33680124.4 aux=0.0000 gate=0.000 gn=0.00 moe_cv=0.62 trainable=219.21M lr=1.00e-07 fp8=False nvfp4=True tok=387072 tok/s=1352 mem=30789MiB
CAT-YOKO-12B B0 step 127/- nll=17.3276 ppl=33518309.1 aux=0.0000 gate=0.000 gn=0.01 moe_cv=0.63 trainable=219.21M lr=1.00e-07 fp8=False nvfp4=True tok=391168 tok/s=1353 mem=30789MiB
CAT-YOKO-12B B0 step 128/- nll=16.9896 ppl=23904295.1 aux=0.0000 gate=0.000 gn=0.01 moe_cv=0.63 trainable=219.21M lr=1.00e-07 fp8=False nvfp4=True tok=395264 tok/s=1314 mem=30789MiB
CAT-YOKO-12B B0 step 129/- nll=17.4737 ppl=38790585.2 aux=0.0000 gate=0.000 gn=0.00 moe_cv=0.63 trainable=219.21M lr=1.00e-07 fp8=False nvfp4=True tok=399360 tok/s=1345 mem=30789MiB
CAT-YOKO-12B B0 step 130/- nll=17.8525 ppl=56655248.8 aux=0.0000 gate=0.000 gn=0.01 moe_cv=0.59 trainable=219.21M lr=1.00e-07 fp8=False nvfp4=True tok=403456 tok/s=1342 mem=30789MiB
CAT-YOKO-12B B0 step 131/- nll=16.6722 ppl=17404200.4 aux=0.0000 gate=0.000 gn=0.01 moe_cv=0.61 trainable=219.21M lr=1.00e-07 fp8=False nvfp4=True tok=407552 tok/s=1314 mem=30789MiB
CAT-YOKO-12B B0 step 132/- nll=17.3730 ppl=35076405.2 aux=0.0000 gate=0.000 gn=0.00 moe_cv=0.64 trainable=219.21M lr=1.00e-07 fp8=False nvfp4=True tok=411648 tok/s=1357 mem=30789MiB
CAT-YOKO-12B B0 step 133/- nll=17.2949 ppl=32440990.5 aux=0.0000 gate=0.000 gn=0.00 moe_cv=0.65 trainable=219.21M lr=1.00e-07 fp8=False nvfp4=True tok=415744 tok/s=1354 mem=30789MiB
CAT-YOKO-12B B0 step 134/- nll=17.5826 ppl=43254055.1 aux=0.0000 gate=0.000 gn=0.00 moe_cv=0.64 trainable=219.21M lr=1.00e-07 fp8=False nvfp4=True tok=419840 tok/s=1308 mem=30789MiB
CAT-YOKO-12B B0 step 135/- nll=15.0248 ppl=3351183.6 aux=0.0000 gate=0.000 gn=0.01 moe_cv=0.70 trainable=219.21M lr=1.00e-07 fp8=False nvfp4=True tok=423936 tok/s=1373 mem=30789MiB
CAT-YOKO-12B B0 step 136/- nll=18.4082 ppl=98760367.1 aux=0.0000 gate=0.000 gn=0.00 moe_cv=0.56 trainable=219.21M lr=1.00e-07 fp8=False nvfp4=True tok=428032 tok/s=1347 mem=30789MiB
CAT-YOKO-12B B0 step 137/- nll=15.8335 ppl=7523190.4 aux=0.0000 gate=0.000 gn=0.01 moe_cv=0.62 trainable=219.21M lr=1.00e-07 fp8=False nvfp4=True tok=432128 tok/s=1308 mem=30789MiB
CAT-YOKO-12B B0 step 138/- nll=17.2464 ppl=30902905.9 aux=0.0000 gate=0.000 gn=0.01 moe_cv=0.60 trainable=219.21M lr=1.00e-07 fp8=False nvfp4=True tok=436224 tok/s=1336 mem=30789MiB
CAT-YOKO-12B B0 step 139/- nll=17.5722 ppl=42804469.9 aux=0.0000 gate=0.000 gn=0.00 moe_cv=0.65 trainable=219.21M lr=1.00e-07 fp8=False nvfp4=True tok=440320 tok/s=1340 mem=30789MiB
CAT-YOKO-12B B0 step 140/- nll=17.2582 ppl=31271175.5 aux=0.0000 gate=0.000 gn=0.00 moe_cv=0.61 trainable=219.21M lr=1.00e-07 fp8=False nvfp4=True tok=444416 tok/s=1297 mem=30789MiB
CAT-YOKO-12B B0 step 141/- nll=16.2963 ppl=11950774.1 aux=0.0000 gate=0.000 gn=0.02 moe_cv=0.67 trainable=219.21M lr=1.00e-07 fp8=False nvfp4=True tok=448512 tok/s=1360 mem=30789MiB
CAT-YOKO-12B B0 step 142/- nll=17.5077 ppl=40132311.3 aux=0.0000 gate=0.000 gn=0.01 moe_cv=0.64 trainable=219.21M lr=1.00e-07 fp8=False nvfp4=True tok=452608 tok/s=1355 mem=30789MiB
CAT-YOKO-12B B0 step 143/- nll=17.0020 ppl=24203469.1 aux=0.0000 gate=0.000 gn=0.00 moe_cv=0.58 trainable=219.21M lr=1.00e-07 fp8=False nvfp4=True tok=456704 tok/s=1301 mem=30789MiB
CAT-YOKO-12B B0 step 144/- nll=16.9626 ppl=23267149.3 aux=0.0000 gate=0.000 gn=0.00 moe_cv=0.62 trainable=219.21M lr=1.00e-07 fp8=False nvfp4=True tok=460800 tok/s=1377 mem=30789MiB
CAT-YOKO-12B B0 step 145/- nll=16.2665 ppl=11599536.3 aux=0.0000 gate=0.000 gn=0.01 moe_cv=0.62 trainable=219.21M lr=1.00e-07 fp8=False nvfp4=True tok=464896 tok/s=1351 mem=30789MiB
CAT-YOKO-12B B0 step 146/- nll=17.4843 ppl=39203021.2 aux=0.0000 gate=0.000 gn=0.01 moe_cv=0.68 trainable=219.21M lr=1.00e-07 fp8=False nvfp4=True tok=468992 tok/s=1346 mem=30789MiB
CAT-YOKO-12B B0 step 147/- nll=16.4446 ppl=13860575.8 aux=0.0000 gate=0.000 gn=0.00 moe_cv=0.60 trainable=219.21M lr=1.00e-07 fp8=False nvfp4=True tok=473088 tok/s=1359 mem=30789MiB
CAT-YOKO-12B B0 step 148/- nll=20.0307 ppl=- aux=0.0000 gate=0.000 gn=0.01 moe_cv=0.59 trainable=219.21M lr=1.00e-07 fp8=False nvfp4=True tok=477184 tok/s=1336 mem=30789MiB
CAT-YOKO-12B B0 step 149/- nll=17.6389 ppl=45759252.6 aux=0.0000 gate=0.000 gn=0.01 moe_cv=0.61 trainable=219.21M lr=1.00e-07 fp8=False nvfp4=True tok=481280 tok/s=1306 mem=30789MiB
CAT-YOKO-12B B0 step 150/- nll=17.5315 ppl=41099618.6 aux=0.0000 gate=0.000 gn=0.00 moe_cv=0.62 trainable=219.21M lr=1.00e-07 fp8=False nvfp4=True tok=485376 tok/s=1357 mem=30789MiB
CAT-YOKO-12B B0 step 151/- nll=17.5232 ppl=40758705.5 aux=0.0000 gate=0.000 gn=0.00 moe_cv=0.62 trainable=219.21M lr=1.00e-07 fp8=False nvfp4=True tok=489472 tok/s=1365 mem=30789MiB
CAT-YOKO-12B B0 step 152/- nll=17.1181 ppl=27182344.8 aux=0.0000 gate=0.000 gn=0.00 moe_cv=0.59 trainable=219.21M lr=1.00e-07 fp8=False nvfp4=True tok=493568 tok/s=1311 mem=30789MiB
CAT-YOKO-12B B0 step 153/- nll=16.6459 ppl=16951588.7 aux=0.0000 gate=0.000 gn=0.00 moe_cv=0.65 trainable=219.21M lr=1.00e-07 fp8=False nvfp4=True tok=497664 tok/s=1374 mem=30789MiB
CAT-YOKO-12B B0 step 154/- nll=18.3957 ppl=97532541.6 aux=0.0000 gate=0.000 gn=0.01 moe_cv=0.68 trainable=219.21M lr=1.00e-07 fp8=False nvfp4=True tok=501760 tok/s=1361 mem=30789MiB
CAT-YOKO-12B B0 step 155/- nll=19.0345 ppl=184750233.4 aux=0.0000 gate=0.000 gn=0.01 moe_cv=0.57 trainable=219.21M lr=1.00e-07 fp8=False nvfp4=True tok=505856 tok/s=1301 mem=30789MiB
CAT-YOKO-12B B0 step 156/- nll=17.2379 ppl=30642539.5 aux=0.0000 gate=0.000 gn=0.00 moe_cv=0.59 trainable=219.21M lr=1.01e-07 fp8=False nvfp4=True tok=509952 tok/s=1354 mem=30789MiB
CAT-YOKO-12B B0 step 157/- nll=17.5204 ppl=40646757.0 aux=0.0000 gate=0.000 gn=0.00 moe_cv=0.62 trainable=219.21M lr=1.02e-07 fp8=False nvfp4=True tok=514048 tok/s=1342 mem=30789MiB
CAT-YOKO-12B B0 step 158/- nll=17.2099 ppl=29797077.7 aux=0.0000 gate=0.000 gn=0.00 moe_cv=0.57 trainable=219.21M lr=1.03e-07 fp8=False nvfp4=True tok=518144 tok/s=1310 mem=30789MiB
CAT-YOKO-12B B0 step 159/- nll=17.3847 ppl=35486151.9 aux=0.0000 gate=0.000 gn=0.00 moe_cv=0.60 trainable=219.21M lr=1.04e-07 fp8=False nvfp4=True tok=522240 tok/s=1348 mem=30789MiB
CAT-YOKO-12B B0 step 160/- nll=17.5233 ppl=40765391.8 aux=0.0000 gate=0.000 gn=0.00 moe_cv=0.62 trainable=219.21M lr=1.04e-07 fp8=False nvfp4=True tok=526336 tok/s=1341 mem=30789MiB
CAT-YOKO-12B B0 step 161/- nll=16.8731 ppl=21276213.7 aux=0.0000 gate=0.000 gn=0.00 moe_cv=0.58 trainable=219.21M lr=1.05e-07 fp8=False nvfp4=True tok=530432 tok/s=1302 mem=30789MiB
CAT-YOKO-12B B0 step 162/- nll=19.3414 ppl=251119202.2 aux=0.0000 gate=0.000 gn=0.01 moe_cv=0.65 trainable=219.21M lr=1.06e-07 fp8=False nvfp4=True tok=534528 tok/s=1361 mem=30789MiB
CAT-YOKO-12B B0 step 163/- nll=18.2197 ppl=81791870.6 aux=0.0000 gate=0.000 gn=0.00 moe_cv=0.59 trainable=219.21M lr=1.07e-07 fp8=False nvfp4=True tok=538624 tok/s=1347 mem=30789MiB
CAT-YOKO-12B B0 step 164/- nll=17.5819 ppl=43224612.5 aux=0.0000 gate=0.000 gn=0.00 moe_cv=0.57 trainable=219.21M lr=1.08e-07 fp8=False nvfp4=True tok=542720 tok/s=1312 mem=30789MiB
CAT-YOKO-12B B0 step 165/- nll=18.2224 ppl=82009944.7 aux=0.0000 gate=0.000 gn=0.00 moe_cv=0.55 trainable=219.21M lr=1.09e-07 fp8=False nvfp4=True tok=546816 tok/s=1343 mem=30789MiB
CAT-YOKO-12B B0 step 166/- nll=18.0245 ppl=67291322.9 aux=0.0000 gate=0.000 gn=0.00 moe_cv=0.62 trainable=219.21M lr=1.09e-07 fp8=False nvfp4=True tok=550912 tok/s=1358 mem=30789MiB
CAT-YOKO-12B B0 step 167/- nll=17.9462 ppl=62217921.3 aux=0.0000 gate=0.000 gn=0.01 moe_cv=0.63 trainable=219.21M lr=1.10e-07 fp8=False nvfp4=True tok=555008 tok/s=1312 mem=30789MiB
CAT-YOKO-12B B0 step 168/- nll=18.0527 ppl=69211601.8 aux=0.0000 gate=0.000 gn=0.01 moe_cv=0.67 trainable=219.21M lr=1.11e-07 fp8=False nvfp4=True tok=559104 tok/s=1375 mem=30789MiB
CAT-YOKO-12B B0 step 169/- nll=16.4832 ppl=14406039.9 aux=0.0000 gate=0.000 gn=0.00 moe_cv=0.63 trainable=219.21M lr=1.12e-07 fp8=False nvfp4=True tok=563200 tok/s=1358 mem=30789MiB
CAT-YOKO-12B B0 step 170/- nll=17.6042 ppl=44196936.3 aux=0.0000 gate=0.000 gn=0.01 moe_cv=0.61 trainable=219.21M lr=1.13e-07 fp8=False nvfp4=True tok=567296 tok/s=1296 mem=30789MiB
CAT-YOKO-12B B0 step 171/- nll=17.4711 ppl=38690462.0 aux=0.0000 gate=0.000 gn=0.01 moe_cv=0.69 trainable=219.21M lr=1.13e-07 fp8=False nvfp4=True tok=571392 tok/s=1371 mem=30789MiB
CAT-YOKO-12B B0 step 172/- nll=16.8105 ppl=19985628.3 aux=0.0000 gate=0.000 gn=0.01 moe_cv=0.62 trainable=219.21M lr=1.14e-07 fp8=False nvfp4=True tok=575488 tok/s=1359 mem=30789MiB
CAT-YOKO-12B B0 step 173/- nll=16.7284 ppl=18410394.5 aux=0.0000 gate=0.000 gn=0.00 moe_cv=0.67 trainable=219.21M lr=1.15e-07 fp8=False nvfp4=True tok=579584 tok/s=1316 mem=30789MiB
CAT-YOKO-12B B0 step 174/- nll=17.4215 ppl=36817435.7 aux=0.0000 gate=0.000 gn=0.00 moe_cv=0.64 trainable=219.21M lr=1.16e-07 fp8=False nvfp4=True tok=583680 tok/s=1363 mem=30789MiB
CAT-YOKO-12B B0 step 175/- nll=17.8135 ppl=54487210.5 aux=0.0000 gate=0.000 gn=0.00 moe_cv=0.61 trainable=219.21M lr=1.17e-07 fp8=False nvfp4=True tok=587776 tok/s=1363 mem=30789MiB
CAT-YOKO-12B B0 step 176/- nll=17.4060 ppl=36252856.9 aux=0.0000 gate=0.000 gn=0.00 moe_cv=0.61 trainable=219.21M lr=1.18e-07 fp8=False nvfp4=True tok=591872 tok/s=1316 mem=30789MiB
CAT-YOKO-12B B0 step 177/- nll=14.8992 ppl=2955537.0 aux=0.0000 gate=0.000 gn=0.01 moe_cv=0.68 trainable=219.21M lr=1.18e-07 fp8=False nvfp4=True tok=595968 tok/s=1374 mem=30789MiB
CAT-YOKO-12B B0 step 178/- nll=17.0186 ppl=24607605.8 aux=0.0000 gate=0.000 gn=0.01 moe_cv=0.59 trainable=219.21M lr=1.19e-07 fp8=False nvfp4=True tok=600064 tok/s=1353 mem=30789MiB
CAT-YOKO-12B B0 step 179/- nll=17.8962 ppl=59183562.7 aux=0.0000 gate=0.000 gn=0.01 moe_cv=0.59 trainable=219.21M lr=1.20e-07 fp8=False nvfp4=True tok=604160 tok/s=1303 mem=30789MiB
CAT-YOKO-12B B0 step 180/- nll=17.3093 ppl=32909276.5 aux=0.0000 gate=0.000 gn=0.00 moe_cv=0.64 trainable=219.21M lr=1.21e-07 fp8=False nvfp4=True tok=608256 tok/s=1364 mem=30789MiB
CAT-YOKO-12B B0 step 181/- nll=17.5630 ppl=42415908.8 aux=0.0000 gate=0.000 gn=0.00 moe_cv=0.64 trainable=219.21M lr=1.22e-07 fp8=False nvfp4=True tok=612352 tok/s=1357 mem=30789MiB
CAT-YOKO-12B B0 step 182/- nll=17.9481 ppl=62339559.5 aux=0.0000 gate=0.000 gn=0.01 moe_cv=0.61 trainable=219.21M lr=1.22e-07 fp8=False nvfp4=True tok=616448 tok/s=1287 mem=30789MiB
CAT-YOKO-12B B0 step 183/- nll=17.2443 ppl=30840431.0 aux=0.0000 gate=0.000 gn=0.00 moe_cv=0.65 trainable=219.21M lr=1.23e-07 fp8=False nvfp4=True tok=620544 tok/s=1380 mem=30789MiB
CAT-YOKO-12B B0 step 184/- nll=17.3029 ppl=32700729.5 aux=0.0000 gate=0.000 gn=0.00 moe_cv=0.59 trainable=219.21M lr=1.24e-07 fp8=False nvfp4=True tok=624640 tok/s=1352 mem=30789MiB
CAT-YOKO-12B B0 step 185/- nll=18.6508 ppl=125873179.5 aux=0.0000 gate=0.000 gn=0.02 moe_cv=0.64 trainable=219.21M lr=1.25e-07 fp8=False nvfp4=True tok=628736 tok/s=1306 mem=30789MiB
CAT-YOKO-12B B0 step 186/- nll=16.6493 ppl=17009368.3 aux=0.0000 gate=0.000 gn=0.00 moe_cv=0.57 trainable=219.21M lr=1.26e-07 fp8=False nvfp4=True tok=632832 tok/s=1355 mem=30789MiB
CAT-YOKO-12B B0 step 187/- nll=17.8097 ppl=54279340.1 aux=0.0000 gate=0.000 gn=0.00 moe_cv=0.58 trainable=219.21M lr=1.27e-07 fp8=False nvfp4=True tok=636928 tok/s=1351 mem=30789MiB
CAT-YOKO-12B B0 step 188/- nll=17.0482 ppl=25347316.9 aux=0.0000 gate=0.000 gn=0.00 moe_cv=0.62 trainable=219.21M lr=1.27e-07 fp8=False nvfp4=True tok=641024 tok/s=1295 mem=30789MiB
CAT-YOKO-12B B0 step 189/- nll=17.6707 ppl=47239190.1 aux=0.0000 gate=0.000 gn=0.00 moe_cv=0.57 trainable=219.21M lr=1.28e-07 fp8=False nvfp4=True tok=645120 tok/s=1346 mem=30789MiB
CAT-YOKO-12B B0 step 190/- nll=17.2292 ppl=30377239.3 aux=0.0000 gate=0.000 gn=0.00 moe_cv=0.58 trainable=219.21M lr=1.29e-07 fp8=False nvfp4=True tok=649216 tok/s=1341 mem=30789MiB
CAT-YOKO-12B B0 step 191/- nll=17.0392 ppl=25119715.9 aux=0.0000 gate=0.000 gn=0.01 moe_cv=0.67 trainable=219.21M lr=1.30e-07 fp8=False nvfp4=True tok=653312 tok/s=1325 mem=30789MiB
CAT-YOKO-12B B0 step 192/- nll=18.3500 ppl=93171701.8 aux=0.0000 gate=0.000 gn=0.01 moe_cv=0.53 trainable=219.21M lr=1.31e-07 fp8=False nvfp4=True tok=657408 tok/s=1341 mem=30789MiB
CAT-YOKO-12B B0 step 193/- nll=17.6581 ppl=46647357.2 aux=0.0000 gate=0.000 gn=0.00 moe_cv=0.57 trainable=219.21M lr=1.31e-07 fp8=False nvfp4=True tok=661504 tok/s=1349 mem=30789MiB
CAT-YOKO-12B B0 step 194/- nll=18.4926 ppl=107454138.1 aux=0.0000 gate=0.000 gn=0.01 moe_cv=0.55 trainable=219.21M lr=1.32e-07 fp8=False nvfp4=True tok=665600 tok/s=1301 mem=30789MiB
CAT-YOKO-12B B0 step 195/- nll=18.1951 ppl=79807760.1 aux=0.0000 gate=0.000 gn=0.01 moe_cv=0.63 trainable=219.21M lr=1.33e-07 fp8=False nvfp4=True tok=669696 tok/s=1368 mem=30789MiB
CAT-YOKO-12B B0 step 196/- nll=17.6355 ppl=45601985.1 aux=0.0000 gate=0.000 gn=0.00 moe_cv=0.66 trainable=219.21M lr=1.34e-07 fp8=False nvfp4=True tok=673792 tok/s=1365 mem=30789MiB
CAT-YOKO-12B B0 step 197/- nll=16.4459 ppl=13879623.5 aux=0.0000 gate=0.000 gn=0.01 moe_cv=0.57 trainable=219.21M lr=1.35e-07 fp8=False nvfp4=True tok=677888 tok/s=1304 mem=30789MiB
CAT-YOKO-12B B0 step 198/- nll=16.6796 ppl=17533110.3 aux=0.0000 gate=0.000 gn=0.00 moe_cv=0.65 trainable=219.21M lr=1.36e-07 fp8=False nvfp4=True tok=681984 tok/s=1363 mem=30789MiB
CAT-YOKO-12B B0 step 199/- nll=17.1202 ppl=27240474.6 aux=0.0000 gate=0.000 gn=0.00 moe_cv=0.64 trainable=219.21M lr=1.36e-07 fp8=False nvfp4=True tok=686080 tok/s=1357 mem=30789MiB
CAT-YOKO-12B B0 step 200/- nll=17.5878 ppl=43477381.2 aux=0.0000 gate=0.000 gn=0.00 moe_cv=0.63 trainable=219.21M lr=1.37e-07 fp8=False nvfp4=True tok=690176 tok/s=1325 mem=30789MiB
CAT-YOKO-12B B0 step 201/- nll=17.8603 ppl=57096878.7 aux=0.0000 gate=0.000 gn=0.00 moe_cv=0.59 trainable=219.21M lr=1.38e-07 fp8=False nvfp4=True tok=694272 tok/s=1344 mem=30789MiB
CAT-YOKO-12B B0 step 202/- nll=17.7200 ppl=49627069.4 aux=0.0000 gate=0.000 gn=0.01 moe_cv=0.65 trainable=219.21M lr=1.39e-07 fp8=False nvfp4=True tok=698368 tok/s=1347 mem=30789MiB
CAT-YOKO-12B B0 step 203/- nll=18.5528 ppl=114125441.1 aux=0.0000 gate=0.000 gn=0.01 moe_cv=0.68 trainable=219.21M lr=1.40e-07 fp8=False nvfp4=True tok=702464 tok/s=1322 mem=30789MiB
CAT-YOKO-12B B0 step 204/- nll=17.2402 ppl=30712579.3 aux=0.0000 gate=0.000 gn=0.00 moe_cv=0.65 trainable=219.21M lr=1.40e-07 fp8=False nvfp4=True tok=706560 tok/s=1359 mem=30789MiB
CAT-YOKO-12B B0 step 205/- nll=17.8150 ppl=54568749.5 aux=0.0000 gate=0.000 gn=0.01 moe_cv=0.68 trainable=219.21M lr=1.41e-07 fp8=False nvfp4=True tok=710656 tok/s=1358 mem=30789MiB
CAT-YOKO-12B B0 step 206/- nll=17.5451 ppl=41660459.3 aux=0.0000 gate=0.000 gn=0.01 moe_cv=0.60 trainable=219.21M lr=1.42e-07 fp8=False nvfp4=True tok=714752 tok/s=1307 mem=30789MiB
CAT-YOKO-12B B0 step 207/- nll=17.1426 ppl=27857703.3 aux=0.0000 gate=0.000 gn=0.00 moe_cv=0.66 trainable=219.21M lr=1.43e-07 fp8=False nvfp4=True tok=718848 tok/s=1368 mem=30789MiB
CAT-YOKO-12B B0 step 208/- nll=16.7897 ppl=19574302.5 aux=0.0000 gate=0.000 gn=0.01 moe_cv=0.59 trainable=219.21M lr=1.44e-07 fp8=False nvfp4=True tok=722944 tok/s=1352 mem=30789MiB
CAT-YOKO-12B B0 step 209/- nll=15.6703 ppl=6390398.3 aux=0.0000 gate=0.000 gn=0.01 moe_cv=0.67 trainable=219.21M lr=1.45e-07 fp8=False nvfp4=True tok=727040 tok/s=1331 mem=30789MiB
CAT-YOKO-12B B0 step 210/- nll=17.6319 ppl=45438757.7 aux=0.0000 gate=0.000 gn=0.01 moe_cv=0.57 trainable=219.21M lr=1.45e-07 fp8=False nvfp4=True tok=731136 tok/s=1341 mem=30789MiB
CAT-YOKO-12B B0 step 211/- nll=17.7894 ppl=53190206.1 aux=0.0000 gate=0.000 gn=0.00 moe_cv=0.60 trainable=219.21M lr=1.46e-07 fp8=False nvfp4=True tok=735232 tok/s=1313 mem=30789MiB
CAT-YOKO-12B B0 step 212/- nll=16.0080 ppl=8957735.6 aux=0.0000 gate=0.000 gn=0.01 moe_cv=0.62 trainable=219.21M lr=1.47e-07 fp8=False nvfp4=True tok=739328 tok/s=1301 mem=30789MiB
CAT-YOKO-12B B0 step 213/- nll=17.4594 ppl=38239485.7 aux=0.0000 gate=0.000 gn=0.00 moe_cv=0.66 trainable=219.21M lr=1.48e-07 fp8=False nvfp4=True tok=743424 tok/s=1321 mem=30789MiB
CAT-YOKO-12B B0 step 214/- nll=17.9077 ppl=59868980.1 aux=0.0000 gate=0.000 gn=0.01 moe_cv=0.59 trainable=219.21M lr=1.49e-07 fp8=False nvfp4=True tok=747520 tok/s=1327 mem=30789MiB
CAT-YOKO-12B B0 step 215/- nll=17.8090 ppl=54242909.9 aux=0.0000 gate=0.000 gn=0.00 moe_cv=0.58 trainable=219.21M lr=1.50e-07 fp8=False nvfp4=True tok=751616 tok/s=1266 mem=30789MiB
CAT-YOKO-12B B0 step 216/- nll=17.4216 ppl=36823054.0 aux=0.0000 gate=0.000 gn=0.01 moe_cv=0.64 trainable=219.21M lr=1.50e-07 fp8=False nvfp4=True tok=755712 tok/s=1346 mem=30789MiB
CAT-YOKO-12B B0 step 217/- nll=17.2761 ppl=31834952.0 aux=0.0000 gate=0.000 gn=0.01 moe_cv=0.65 trainable=219.21M lr=1.51e-07 fp8=False nvfp4=True tok=759808 tok/s=1356 mem=30789MiB
CAT-YOKO-12B B0 step 218/- nll=17.8621 ppl=57204795.2 aux=0.0000 gate=0.000 gn=0.00 moe_cv=0.62 trainable=219.21M lr=1.52e-07 fp8=False nvfp4=True tok=763904 tok/s=1310 mem=30789MiB
CAT-YOKO-12B B0 step 219/- nll=16.9820 ppl=23723835.4 aux=0.0000 gate=0.000 gn=0.01 moe_cv=0.65 trainable=219.21M lr=1.53e-07 fp8=False nvfp4=True tok=768000 tok/s=1361 mem=30789MiB
CAT-YOKO-12B B0 step 220/- nll=17.5723 ppl=42812308.3 aux=0.0000 gate=0.000 gn=0.00 moe_cv=0.65 trainable=219.21M lr=1.54e-07 fp8=False nvfp4=True tok=772096 tok/s=1349 mem=30789MiB
CAT-YOKO-12B B0 step 221/- nll=17.2624 ppl=31402131.2 aux=0.0000 gate=0.000 gn=0.00 moe_cv=0.65 trainable=219.21M lr=1.54e-07 fp8=False nvfp4=True tok=776192 tok/s=1302 mem=30789MiB
CAT-YOKO-12B B0 step 222/- nll=17.2128 ppl=29882221.9 aux=0.0000 gate=0.000 gn=0.00 moe_cv=0.66 trainable=219.21M lr=1.55e-07 fp8=False nvfp4=True tok=780288 tok/s=1362 mem=30789MiB
CAT-YOKO-12B B0 step 223/- nll=18.3074 ppl=89291164.7 aux=0.0000 gate=0.000 gn=0.01 moe_cv=0.65 trainable=219.21M lr=1.56e-07 fp8=False nvfp4=True tok=784384 tok/s=1356 mem=30789MiB
CAT-YOKO-12B B0 step 224/- nll=17.0914 ppl=26466759.5 aux=0.0000 gate=0.000 gn=0.01 moe_cv=0.63 trainable=219.21M lr=1.57e-07 fp8=False nvfp4=True tok=788480 tok/s=1282 mem=30789MiB
CAT-YOKO-12B B0 step 225/- nll=17.9453 ppl=62167150.8 aux=0.0000 gate=0.000 gn=0.00 moe_cv=0.66 trainable=219.21M lr=1.58e-07 fp8=False nvfp4=True tok=792576 tok/s=1355 mem=30789MiB
CAT-YOKO-12B B0 step 226/- nll=16.9606 ppl=23220687.1 aux=0.0000 gate=0.000 gn=0.01 moe_cv=0.63 trainable=219.21M lr=1.59e-07 fp8=False nvfp4=True tok=796672 tok/s=1357 mem=30789MiB
CAT-YOKO-12B B0 step 227/- nll=17.5623 ppl=42382913.7 aux=0.0000 gate=0.000 gn=0.01 moe_cv=0.65 trainable=219.21M lr=1.59e-07 fp8=False nvfp4=True tok=800768 tok/s=1330 mem=30789MiB
CAT-YOKO-12B B0 step 228/- nll=17.5941 ppl=43755991.0 aux=0.0000 gate=0.000 gn=0.01 moe_cv=0.69 trainable=219.21M lr=1.60e-07 fp8=False nvfp4=True tok=804864 tok/s=1378 mem=30789MiB
CAT-YOKO-12B B0 step 229/- nll=17.3788 ppl=35280111.7 aux=0.0000 gate=0.000 gn=0.00 moe_cv=0.66 trainable=219.21M lr=1.61e-07 fp8=False nvfp4=True tok=808960 tok/s=1358 mem=30789MiB
CAT-YOKO-12B B0 step 230/- nll=17.2294 ppl=30382338.4 aux=0.0000 gate=0.000 gn=0.00 moe_cv=0.63 trainable=219.21M lr=1.62e-07 fp8=False nvfp4=True tok=813056 tok/s=1302 mem=30789MiB
CAT-YOKO-12B B0 step 231/- nll=17.4165 ppl=36633559.2 aux=0.0000 gate=0.000 gn=0.00 moe_cv=0.63 trainable=219.21M lr=1.63e-07 fp8=False nvfp4=True tok=817152 tok/s=1368 mem=30789MiB
CAT-YOKO-12B B0 step 232/- nll=17.1485 ppl=28022747.4 aux=0.0000 gate=0.000 gn=0.00 moe_cv=0.63 trainable=219.21M lr=1.63e-07 fp8=False nvfp4=True tok=821248 tok/s=1360 mem=30789MiB
CAT-YOKO-12B B0 step 233/- nll=15.4674 ppl=5216984.5 aux=0.0000 gate=0.000 gn=0.01 moe_cv=0.68 trainable=219.21M lr=1.64e-07 fp8=False nvfp4=True tok=825344 tok/s=1317 mem=30789MiB
CAT-YOKO-12B B0 step 234/- nll=18.1683 ppl=77691378.6 aux=0.0000 gate=0.000 gn=0.01 moe_cv=0.64 trainable=219.21M lr=1.65e-07 fp8=False nvfp4=True tok=829440 tok/s=1346 mem=30789MiB
CAT-YOKO-12B B0 step 235/- nll=15.8346 ppl=7531639.7 aux=0.0000 gate=0.000 gn=0.02 moe_cv=0.70 trainable=219.21M lr=1.66e-07 fp8=False nvfp4=True tok=833536 tok/s=1364 mem=30789MiB
CAT-YOKO-12B B0 step 236/- nll=18.1583 ppl=76924921.1 aux=0.0000 gate=0.000 gn=0.01 moe_cv=0.59 trainable=219.21M lr=1.67e-07 fp8=False nvfp4=True tok=837632 tok/s=1274 mem=30789MiB
CAT-YOKO-12B B0 step 237/- nll=17.1945 ppl=29341943.8 aux=0.0000 gate=0.000 gn=0.00 moe_cv=0.60 trainable=219.21M lr=1.68e-07 fp8=False nvfp4=True tok=841728 tok/s=1335 mem=30789MiB
CAT-YOKO-12B B0 step 238/- nll=17.5293 ppl=41006908.0 aux=0.0000 gate=0.000 gn=0.00 moe_cv=0.63 trainable=219.21M lr=1.68e-07 fp8=False nvfp4=True tok=845824 tok/s=1366 mem=30789MiB
CAT-YOKO-12B B0 step 239/- nll=16.6597 ppl=17186808.7 aux=0.0000 gate=0.000 gn=0.01 moe_cv=0.57 trainable=219.21M lr=1.69e-07 fp8=False nvfp4=True tok=849920 tok/s=1301 mem=30789MiB
CAT-YOKO-12B B0 step 240/- nll=17.7019 ppl=48735748.3 aux=0.0000 gate=0.000 gn=0.01 moe_cv=0.59 trainable=219.21M lr=1.70e-07 fp8=False nvfp4=True tok=854016 tok/s=1354 mem=30789MiB
CAT-YOKO-12B B0 step 241/- nll=16.7843 ppl=19467629.4 aux=0.0000 gate=0.000 gn=0.01 moe_cv=0.67 trainable=219.21M lr=1.71e-07 fp8=False nvfp4=True tok=858112 tok/s=1337 mem=30789MiB
CAT-YOKO-12B B0 step 242/- nll=15.9311 ppl=8294195.7 aux=0.0000 gate=0.000 gn=0.01 moe_cv=0.62 trainable=219.21M lr=1.72e-07 fp8=False nvfp4=True tok=862208 tok/s=1319 mem=30789MiB
CAT-YOKO-12B B0 step 243/- nll=18.0223 ppl=67137993.6 aux=0.0000 gate=0.000 gn=0.02 moe_cv=0.51 trainable=219.21M lr=1.72e-07 fp8=False nvfp4=True tok=866304 tok/s=1341 mem=30789MiB
CAT-YOKO-12B B0 step 244/- nll=17.1198 ppl=27229877.4 aux=0.0000 gate=0.000 gn=0.01 moe_cv=0.64 trainable=219.21M lr=1.73e-07 fp8=False nvfp4=True tok=870400 tok/s=1356 mem=30789MiB
CAT-YOKO-12B B0 step 245/- nll=16.4049 ppl=13321223.6 aux=0.0000 gate=0.000 gn=0.02 moe_cv=0.65 trainable=219.21M lr=1.74e-07 fp8=False nvfp4=True tok=874496 tok/s=1316 mem=30789MiB
CAT-YOKO-12B B0 step 246/- nll=17.0819 ppl=26215852.6 aux=0.0000 gate=0.000 gn=0.00 moe_cv=0.64 trainable=219.21M lr=1.75e-07 fp8=False nvfp4=True tok=878592 tok/s=1349 mem=30789MiB
CAT-YOKO-12B B0 step 247/- nll=17.9285 ppl=61128906.1 aux=0.0000 gate=0.000 gn=0.01 moe_cv=0.60 trainable=219.21M lr=1.76e-07 fp8=False nvfp4=True tok=882688 tok/s=1358 mem=30789MiB
CAT-YOKO-12B B0 step 248/- nll=17.0845 ppl=26284395.9 aux=0.0000 gate=0.000 gn=0.02 moe_cv=0.56 trainable=219.21M lr=1.77e-07 fp8=False nvfp4=True tok=886784 tok/s=1305 mem=30789MiB
CAT-YOKO-12B B0 step 249/- nll=15.9420 ppl=8385461.0 aux=0.0000 gate=0.000 gn=0.04 moe_cv=0.62 trainable=219.21M lr=1.77e-07 fp8=False nvfp4=True tok=890880 tok/s=1356 mem=30789MiB
CAT-YOKO-12B B0 step 250/- nll=17.4392 ppl=37477343.4 aux=0.0000 gate=0.000 gn=0.00 moe_cv=0.56 trainable=219.21M lr=1.78e-07 fp8=False nvfp4=True tok=894976 tok/s=1351 mem=30789MiB
CAT-YOKO-12B B0 step 251/- nll=20.7340 ppl=- aux=0.0000 gate=0.000 gn=0.02 moe_cv=0.54 trainable=219.21M lr=1.79e-07 fp8=False nvfp4=True tok=899072 tok/s=1289 mem=30789MiB
CAT-YOKO-12B B0 step 252/- nll=17.1541 ppl=28178663.1 aux=0.0000 gate=0.000 gn=0.01 moe_cv=0.66 trainable=219.21M lr=1.80e-07 fp8=False nvfp4=True tok=903168 tok/s=1356 mem=30789MiB
CAT-YOKO-12B B0 step 253/- nll=18.2941 ppl=88112468.1 aux=0.0000 gate=0.000 gn=0.01 moe_cv=0.62 trainable=219.21M lr=1.81e-07 fp8=False nvfp4=True tok=907264 tok/s=1358 mem=30789MiB
CAT-YOKO-12B B0 step 254/- nll=15.8636 ppl=7753065.1 aux=0.0000 gate=0.000 gn=0.02 moe_cv=0.63 trainable=219.21M lr=1.81e-07 fp8=False nvfp4=True tok=911360 tok/s=1322 mem=30789MiB
CAT-YOKO-12B B0 step 255/- nll=17.2242 ppl=30225815.2 aux=0.0000 gate=0.000 gn=0.00 moe_cv=0.62 trainable=219.21M lr=1.82e-07 fp8=False nvfp4=True tok=915456 tok/s=1320 mem=30789MiB
CAT-YOKO-12B B0 step 256/- nll=17.6539 ppl=46449546.4 aux=0.0000 gate=0.000 gn=0.01 moe_cv=0.58 trainable=219.21M lr=1.83e-07 fp8=False nvfp4=True tok=919552 tok/s=1333 mem=30789MiB
CAT-YOKO-12B B0 step 257/- nll=18.5328 ppl=111859367.3 aux=0.0000 gate=0.000 gn=0.01 moe_cv=0.59 trainable=219.21M lr=1.84e-07 fp8=False nvfp4=True tok=923648 tok/s=1297 mem=30789MiB
CAT-YOKO-12B B0 step 258/- nll=18.8365 ppl=151556590.9 aux=0.0000 gate=0.000 gn=0.01 moe_cv=0.57 trainable=219.21M lr=1.85e-07 fp8=False nvfp4=True tok=927744 tok/s=1348 mem=30789MiB
CAT-YOKO-12B B0 step 259/- nll=17.5992 ppl=43979308.2 aux=0.0000 gate=0.000 gn=0.01 moe_cv=0.66 trainable=219.21M lr=1.86e-07 fp8=False nvfp4=True tok=931840 tok/s=1366 mem=30789MiB
CAT-YOKO-12B B0 step 260/- nll=17.1339 ppl=27616830.0 aux=0.0000 gate=0.000 gn=0.01 moe_cv=0.64 trainable=219.21M lr=1.86e-07 fp8=False nvfp4=True tok=935936 tok/s=1305 mem=30789MiB
CAT-YOKO-12B B0 step 261/- nll=16.5540 ppl=15463710.5 aux=0.0000 gate=0.000 gn=0.01 moe_cv=0.59 trainable=219.21M lr=1.87e-07 fp8=False nvfp4=True tok=940032 tok/s=1365 mem=30789MiB
CAT-YOKO-12B B0 step 262/- nll=17.6780 ppl=47581821.7 aux=0.0000 gate=0.000 gn=0.00 moe_cv=0.65 trainable=219.21M lr=1.88e-07 fp8=False nvfp4=True tok=944128 tok/s=1351 mem=30789MiB
CAT-YOKO-12B B0 step 263/- nll=15.0477 ppl=3428868.7 aux=0.0000 gate=0.000 gn=0.00 moe_cv=0.60 trainable=219.21M lr=1.89e-07 fp8=False nvfp4=True tok=948224 tok/s=1305 mem=30789MiB
CAT-YOKO-12B B0 step 264/- nll=17.1389 ppl=27755236.7 aux=0.0000 gate=0.000 gn=0.01 moe_cv=0.63 trainable=219.21M lr=1.90e-07 fp8=False nvfp4=True tok=952320 tok/s=1359 mem=30789MiB
CAT-YOKO-12B B0 step 265/- nll=15.8837 ppl=7910603.8 aux=0.0000 gate=0.000 gn=0.03 moe_cv=0.65 trainable=219.21M lr=1.90e-07 fp8=False nvfp4=True tok=956416 tok/s=1378 mem=30789MiB
CAT-YOKO-12B B0 step 266/- nll=18.0694 ppl=70381220.2 aux=0.0000 gate=0.000 gn=0.02 moe_cv=0.62 trainable=219.21M lr=1.91e-07 fp8=False nvfp4=True tok=960512 tok/s=1305 mem=30789MiB
CAT-YOKO-12B B0 step 267/- nll=17.7525 ppl=51264160.6 aux=0.0000 gate=0.000 gn=0.00 moe_cv=0.59 trainable=219.21M lr=1.92e-07 fp8=False nvfp4=True tok=964608 tok/s=1342 mem=30789MiB
CAT-YOKO-12B B0 step 268/- nll=16.4896 ppl=14499351.6 aux=0.0000 gate=0.000 gn=0.01 moe_cv=0.58 trainable=219.21M lr=1.93e-07 fp8=False nvfp4=True tok=968704 tok/s=1337 mem=30789MiB
CAT-YOKO-12B B0 step 269/- nll=17.6455 ppl=46062323.9 aux=0.0000 gate=0.000 gn=0.01 moe_cv=0.65 trainable=219.21M lr=1.94e-07 fp8=False nvfp4=True tok=972800 tok/s=1298 mem=30789MiB
CAT-YOKO-12B B0 step 270/- nll=16.5224 ppl=14983254.5 aux=0.0000 gate=0.000 gn=0.01 moe_cv=0.63 trainable=219.21M lr=1.95e-07 fp8=False nvfp4=True tok=976896 tok/s=1365 mem=30789MiB
CAT-YOKO-12B B0 step 271/- nll=16.5632 ppl=15607036.4 aux=0.0000 gate=0.000 gn=0.01 moe_cv=0.63 trainable=219.21M lr=1.95e-07 fp8=False nvfp4=True tok=980992 tok/s=1366 mem=30789MiB
CAT-YOKO-12B B0 step 272/- nll=17.3582 ppl=34558556.8 aux=0.0000 gate=0.000 gn=0.01 moe_cv=0.53 trainable=219.21M lr=1.96e-07 fp8=False nvfp4=True tok=985088 tok/s=1293 mem=30789MiB
CAT-YOKO-12B B0 step 273/- nll=16.0258 ppl=9118153.0 aux=0.0000 gate=0.000 gn=0.01 moe_cv=0.62 trainable=219.21M lr=1.97e-07 fp8=False nvfp4=True tok=989184 tok/s=1358 mem=30789MiB
CAT-YOKO-12B B0 step 274/- nll=16.6846 ppl=17621249.5 aux=0.0000 gate=0.000 gn=0.05 moe_cv=0.68 trainable=219.21M lr=1.98e-07 fp8=False nvfp4=True tok=993280 tok/s=1375 mem=30789MiB
CAT-YOKO-12B B0 step 275/- nll=18.1097 ppl=73272184.5 aux=0.0000 gate=0.000 gn=0.01 moe_cv=0.57 trainable=219.21M lr=1.99e-07 fp8=False nvfp4=True tok=997376 tok/s=1298 mem=30789MiB
CAT-YOKO-12B B0 step 276/- nll=17.6254 ppl=45145644.1 aux=0.0000 gate=0.000 gn=0.01 moe_cv=0.66 trainable=219.21M lr=1.99e-07 fp8=False nvfp4=True tok=1001472 tok/s=1372 mem=30789MiB
CAT-YOKO-12B B0 step 277/- nll=17.1700 ppl=28631694.8 aux=0.0000 gate=0.000 gn=0.01 moe_cv=0.59 trainable=219.21M lr=2.00e-07 fp8=False nvfp4=True tok=1005568 tok/s=1351 mem=30789MiB
CAT-YOKO-12B B0 step 278/- nll=17.0695 ppl=25894174.5 aux=0.0000 gate=0.000 gn=0.02 moe_cv=0.63 trainable=219.21M lr=2.01e-07 fp8=False nvfp4=True tok=1009664 tok/s=1316 mem=30789MiB
CAT-YOKO-12B B0 step 279/- nll=18.0994 ppl=72524558.9 aux=0.0000 gate=0.000 gn=0.01 moe_cv=0.60 trainable=219.21M lr=2.02e-07 fp8=False nvfp4=True tok=1013760 tok/s=1343 mem=30789MiB
CAT-YOKO-12B B0 step 280/- nll=17.5239 ppl=40786235.2 aux=0.0000 gate=0.000 gn=0.00 moe_cv=0.61 trainable=219.21M lr=2.03e-07 fp8=False nvfp4=True tok=1017856 tok/s=1347 mem=30789MiB
CAT-YOKO-12B B0 step 281/- nll=18.6123 ppl=121126577.2 aux=0.0000 gate=0.000 gn=0.01 moe_cv=0.54 trainable=219.21M lr=2.04e-07 fp8=False nvfp4=True tok=1021952 tok/s=1290 mem=30789MiB
CAT-YOKO-12B B0 step 282/- nll=17.7933 ppl=53399303.4 aux=0.0000 gate=0.000 gn=0.01 moe_cv=0.54 trainable=219.21M lr=2.04e-07 fp8=False nvfp4=True tok=1026048 tok/s=1348 mem=30789MiB
CAT-YOKO-12B B0 step 283/- nll=17.0702 ppl=25911763.1 aux=0.0000 gate=0.000 gn=0.01 moe_cv=0.65 trainable=219.21M lr=2.05e-07 fp8=False nvfp4=True tok=1030144 tok/s=1353 mem=30789MiB
CAT-YOKO-12B B0 step 284/- nll=17.6177 ppl=44796966.6 aux=0.0000 gate=0.000 gn=0.01 moe_cv=0.66 trainable=219.21M lr=2.06e-07 fp8=False nvfp4=True tok=1034240 tok/s=1319 mem=30789MiB
CAT-YOKO-12B B0 step 285/- nll=16.8512 ppl=20815604.0 aux=0.0000 gate=0.000 gn=0.01 moe_cv=0.65 trainable=219.21M lr=2.07e-07 fp8=False nvfp4=True tok=1038336 tok/s=1368 mem=30789MiB
CAT-YOKO-12B B0 step 286/- nll=15.6233 ppl=6097132.7 aux=0.0000 gate=0.000 gn=0.02 moe_cv=0.62 trainable=219.21M lr=2.08e-07 fp8=False nvfp4=True tok=1042432 tok/s=1349 mem=30789MiB
CAT-YOKO-12B B0 step 287/- nll=17.2874 ppl=32197559.0 aux=0.0000 gate=0.000 gn=0.01 moe_cv=0.59 trainable=219.21M lr=2.08e-07 fp8=False nvfp4=True tok=1046528 tok/s=1309 mem=30789MiB
CAT-YOKO-12B B0 step 288/- nll=17.0344 ppl=25000554.7 aux=0.0000 gate=0.000 gn=0.01 moe_cv=0.59 trainable=219.21M lr=2.09e-07 fp8=False nvfp4=True tok=1050624 tok/s=1360 mem=30789MiB
CAT-YOKO-12B B0 step 289/- nll=17.9095 ppl=59976415.9 aux=0.0000 gate=0.000 gn=0.01 moe_cv=0.64 trainable=219.21M lr=2.10e-07 fp8=False nvfp4=True tok=1054720 tok/s=1349 mem=30789MiB
CAT-YOKO-12B B0 step 290/- nll=17.2447 ppl=30851491.8 aux=0.0000 gate=0.000 gn=0.00 moe_cv=0.61 trainable=219.21M lr=2.11e-07 fp8=False nvfp4=True tok=1058816 tok/s=1308 mem=30789MiB
CAT-YOKO-12B B0 step 291/- nll=17.0789 ppl=26138761.9 aux=0.0000 gate=0.000 gn=0.01 moe_cv=0.60 trainable=219.21M lr=2.12e-07 fp8=False nvfp4=True tok=1062912 tok/s=1364 mem=30789MiB
CAT-YOKO-12B B0 step 292/- nll=17.3571 ppl=34520347.1 aux=0.0000 gate=0.000 gn=0.01 moe_cv=0.68 trainable=219.21M lr=2.13e-07 fp8=False nvfp4=True tok=1067008 tok/s=1375 mem=30789MiB
CAT-YOKO-12B B0 step 293/- nll=17.4281 ppl=37062414.9 aux=0.0000 gate=0.000 gn=0.02 moe_cv=0.60 trainable=219.21M lr=2.13e-07 fp8=False nvfp4=True tok=1071104 tok/s=1318 mem=30789MiB
CAT-YOKO-12B B0 step 294/- nll=17.0849 ppl=26295327.2 aux=0.0000 gate=0.000 gn=0.05 moe_cv=0.65 trainable=219.21M lr=2.14e-07 fp8=False nvfp4=True tok=1075200 tok/s=1375 mem=30789MiB
CAT-YOKO-12B B0 step 295/- nll=17.4306 ppl=37153293.3 aux=0.0000 gate=0.000 gn=0.01 moe_cv=0.67 trainable=219.21M lr=2.15e-07 fp8=False nvfp4=True tok=1079296 tok/s=1345 mem=30789MiB
CAT-YOKO-12B B0 step 296/- nll=17.1894 ppl=29192061.1 aux=0.0000 gate=0.000 gn=0.00 moe_cv=0.65 trainable=219.21M lr=2.16e-07 fp8=False nvfp4=True tok=1083392 tok/s=1328 mem=30789MiB
CAT-YOKO-12B B0 step 297/- nll=15.9766 ppl=8680346.8 aux=0.0000 gate=0.000 gn=0.01 moe_cv=0.61 trainable=219.21M lr=2.17e-07 fp8=False nvfp4=True tok=1087488 tok/s=1358 mem=30789MiB
CAT-YOKO-12B B0 step 298/- nll=17.0141 ppl=24497087.4 aux=0.0000 gate=0.000 gn=0.01 moe_cv=0.58 trainable=219.21M lr=2.17e-07 fp8=False nvfp4=True tok=1091584 tok/s=1344 mem=30789MiB
CAT-YOKO-12B B0 step 299/- nll=16.5586 ppl=15534541.5 aux=0.0000 gate=0.000 gn=0.01 moe_cv=0.63 trainable=219.21M lr=2.18e-07 fp8=False nvfp4=True tok=1095680 tok/s=1305 mem=30789MiB
CAT-YOKO-12B B0 step 300/- nll=16.3225 ppl=12267803.5 aux=0.0000 gate=0.000 gn=0.01 moe_cv=0.60 trainable=219.21M lr=2.19e-07 fp8=False nvfp4=True tok=1099776 tok/s=1341 mem=30789MiB
CAT-YOKO-12B B0 step 301/- nll=17.5514 ppl=41927106.1 aux=0.0000 gate=0.000 gn=0.01 moe_cv=0.65 trainable=219.21M lr=2.20e-07 fp8=False nvfp4=True tok=1103872 tok/s=1356 mem=30789MiB
CAT-YOKO-12B B0 step 302/- nll=15.9208 ppl=8209754.6 aux=0.0000 gate=0.000 gn=0.02 moe_cv=0.67 trainable=219.21M lr=2.21e-07 fp8=False nvfp4=True tok=1107968 tok/s=1321 mem=30789MiB
CAT-YOKO-12B B0 step 303/- nll=17.6621 ppl=46835378.6 aux=0.0000 gate=0.000 gn=0.01 moe_cv=0.61 trainable=219.21M lr=2.22e-07 fp8=False nvfp4=True tok=1112064 tok/s=1363 mem=30789MiB
CAT-YOKO-12B B0 step 304/- nll=17.1921 ppl=29270395.6 aux=0.0000 gate=0.000 gn=0.01 moe_cv=0.65 trainable=219.21M lr=2.22e-07 fp8=False nvfp4=True tok=1116160 tok/s=1360 mem=30789MiB
CAT-YOKO-12B B0 step 305/- nll=17.8645 ppl=57340579.2 aux=0.0000 gate=0.000 gn=0.01 moe_cv=0.69 trainable=219.21M lr=2.23e-07 fp8=False nvfp4=True tok=1120256 tok/s=1310 mem=30789MiB
CAT-YOKO-12B B0 step 306/- nll=17.6280 ppl=45260831.8 aux=0.0000 gate=0.000 gn=0.01 moe_cv=0.64 trainable=219.21M lr=2.24e-07 fp8=False nvfp4=True tok=1124352 tok/s=1360 mem=30789MiB
CAT-YOKO-12B B0 step 307/- nll=18.1026 ppl=72757880.5 aux=0.0000 gate=0.000 gn=0.01 moe_cv=0.59 trainable=219.21M lr=2.25e-07 fp8=False nvfp4=True tok=1128448 tok/s=1360 mem=30789MiB
CAT-YOKO-12B B0 step 308/- nll=17.3694 ppl=34949719.7 aux=0.0000 gate=0.000 gn=0.00 moe_cv=0.63 trainable=219.21M lr=2.26e-07 fp8=False nvfp4=True tok=1132544 tok/s=1321 mem=30789MiB
CAT-YOKO-12B B0 step 309/- nll=16.3515 ppl=12628673.8 aux=0.0000 gate=0.000 gn=0.01 moe_cv=0.57 trainable=219.21M lr=2.27e-07 fp8=False nvfp4=True tok=1136640 tok/s=1361 mem=30789MiB
CAT-YOKO-12B B0 step 310/- nll=17.3266 ppl=33486358.7 aux=0.0000 gate=0.000 gn=0.01 moe_cv=0.58 trainable=219.21M lr=2.27e-07 fp8=False nvfp4=True tok=1140736 tok/s=1337 mem=30789MiB
CAT-YOKO-12B B0 step 311/- nll=17.5212 ppl=40679952.3 aux=0.0000 gate=0.000 gn=0.01 moe_cv=0.62 trainable=219.21M lr=2.28e-07 fp8=False nvfp4=True tok=1144832 tok/s=1301 mem=30789MiB
CAT-YOKO-12B B0 step 312/- nll=16.1260 ppl=10078889.8 aux=0.0000 gate=0.000 gn=0.01 moe_cv=0.66 trainable=219.21M lr=2.29e-07 fp8=False nvfp4=True tok=1148928 tok/s=1356 mem=30789MiB
CAT-YOKO-12B B0 step 313/- nll=17.4000 ppl=36036041.1 aux=0.0000 gate=0.000 gn=0.00 moe_cv=0.65 trainable=219.21M lr=2.30e-07 fp8=False nvfp4=True tok=1153024 tok/s=1343 mem=30789MiB
CAT-YOKO-12B B0 step 314/- nll=17.4462 ppl=37738228.5 aux=0.0000 gate=0.000 gn=0.01 moe_cv=0.56 trainable=219.21M lr=2.31e-07 fp8=False nvfp4=True tok=1157120 tok/s=1309 mem=30789MiB
CAT-YOKO-12B B0 step 315/- nll=18.3082 ppl=89361018.8 aux=0.0000 gate=0.000 gn=0.02 moe_cv=0.61 trainable=219.21M lr=2.31e-07 fp8=False nvfp4=True tok=1161216 tok/s=1359 mem=30789MiB
CAT-YOKO-12B B0 step 316/- nll=16.9283 ppl=22484550.9 aux=0.0000 gate=0.000 gn=0.04 moe_cv=0.68 trainable=219.21M lr=2.32e-07 fp8=False nvfp4=True tok=1165312 tok/s=1357 mem=30789MiB
CAT-YOKO-12B B0 step 317/- nll=17.0779 ppl=26110658.4 aux=0.0000 gate=0.000 gn=0.01 moe_cv=0.62 trainable=219.21M lr=2.33e-07 fp8=False nvfp4=True tok=1169408 tok/s=1305 mem=30789MiB
CAT-YOKO-12B B0 step 318/- nll=17.9073 ppl=59849799.1 aux=0.0000 gate=0.000 gn=0.02 moe_cv=0.64 trainable=219.21M lr=2.34e-07 fp8=False nvfp4=True tok=1173504 tok/s=1350 mem=30789MiB
CAT-YOKO-12B B0 step 319/- nll=17.4931 ppl=39550983.5 aux=0.0000 gate=0.000 gn=0.01 moe_cv=0.62 trainable=219.21M lr=2.35e-07 fp8=False nvfp4=True tok=1177600 tok/s=1345 mem=30789MiB
CAT-YOKO-12B B0 step 320/- nll=18.0436 ppl=68585420.8 aux=0.0000 gate=0.000 gn=0.01 moe_cv=0.62 trainable=219.21M lr=2.36e-07 fp8=False nvfp4=True tok=1181696 tok/s=1307 mem=30789MiB
CAT-YOKO-12B B0 step 321/- nll=17.1136 ppl=27060675.6 aux=0.0000 gate=0.000 gn=0.01 moe_cv=0.65 trainable=219.21M lr=2.36e-07 fp8=False nvfp4=True tok=1185792 tok/s=1337 mem=30789MiB
CAT-YOKO-12B B0 step 322/- nll=17.0195 ppl=24631695.4 aux=0.0000 gate=0.000 gn=0.01 moe_cv=0.61 trainable=219.21M lr=2.37e-07 fp8=False nvfp4=True tok=1189888 tok/s=1362 mem=30789MiB
CAT-YOKO-12B B0 step 323/- nll=17.1567 ppl=28254008.8 aux=0.0000 gate=0.000 gn=0.01 moe_cv=0.61 trainable=219.21M lr=2.38e-07 fp8=False nvfp4=True tok=1193984 tok/s=1296 mem=30789MiB
CAT-YOKO-12B B0 step 324/- nll=17.6015 ppl=44080420.4 aux=0.0000 gate=0.000 gn=0.01 moe_cv=0.57 trainable=219.21M lr=2.39e-07 fp8=False nvfp4=True tok=1198080 tok/s=1352 mem=30789MiB
CAT-YOKO-12B B0 step 325/- nll=17.5206 ppl=40653580.0 aux=0.0000 gate=0.000 gn=0.01 moe_cv=0.62 trainable=219.21M lr=2.40e-07 fp8=False nvfp4=True tok=1202176 tok/s=1339 mem=30789MiB
CAT-YOKO-12B B0 step 326/- nll=17.9383 ppl=61729852.1 aux=0.0000 gate=0.000 gn=0.01 moe_cv=0.66 trainable=219.21M lr=2.40e-07 fp8=False nvfp4=True tok=1206272 tok/s=1304 mem=30789MiB
CAT-YOKO-12B B0 step 327/- nll=16.2243 ppl=11119965.0 aux=0.0000 gate=0.000 gn=0.02 moe_cv=0.67 trainable=219.21M lr=2.41e-07 fp8=False nvfp4=True tok=1210368 tok/s=1372 mem=30789MiB
CAT-YOKO-12B B0 step 328/- nll=17.1740 ppl=28744414.0 aux=0.0000 gate=0.000 gn=0.01 moe_cv=0.69 trainable=219.21M lr=2.42e-07 fp8=False nvfp4=True tok=1214464 tok/s=1354 mem=30789MiB
CAT-YOKO-12B B0 step 329/- nll=16.6749 ppl=17450137.6 aux=0.0000 gate=0.000 gn=0.01 moe_cv=0.61 trainable=219.21M lr=2.43e-07 fp8=False nvfp4=True tok=1218560 tok/s=1301 mem=30789MiB
CAT-YOKO-12B B0 step 330/- nll=17.5005 ppl=39843626.9 aux=0.0000 gate=0.000 gn=0.01 moe_cv=0.63 trainable=219.21M lr=2.44e-07 fp8=False nvfp4=True tok=1222656 tok/s=1352 mem=30789MiB
CAT-YOKO-12B B0 step 331/- nll=15.9964 ppl=8854227.6 aux=0.0000 gate=0.000 gn=0.03 moe_cv=0.64 trainable=219.21M lr=2.45e-07 fp8=False nvfp4=True tok=1226752 tok/s=1356 mem=30789MiB
CAT-YOKO-12B B0 step 332/- nll=17.3290 ppl=33564115.0 aux=0.0000 gate=0.000 gn=0.01 moe_cv=0.63 trainable=219.21M lr=2.45e-07 fp8=False nvfp4=True tok=1230848 tok/s=1310 mem=30789MiB
CAT-YOKO-12B B0 step 333/- nll=17.4515 ppl=37937778.9 aux=0.0000 gate=0.000 gn=0.01 moe_cv=0.66 trainable=219.21M lr=2.46e-07 fp8=False nvfp4=True tok=1234944 tok/s=1355 mem=30789MiB
CAT-YOKO-12B B0 step 334/- nll=17.1113 ppl=26998552.0 aux=0.0000 gate=0.000 gn=0.01 moe_cv=0.66 trainable=219.21M lr=2.47e-07 fp8=False nvfp4=True tok=1239040 tok/s=1342 mem=30789MiB
CAT-YOKO-12B B0 step 335/- nll=17.5401 ppl=41455241.8 aux=0.0000 gate=0.000 gn=0.00 moe_cv=0.65 trainable=219.21M lr=2.48e-07 fp8=False nvfp4=True tok=1243136 tok/s=1295 mem=30789MiB
CAT-YOKO-12B B0 step 336/- nll=18.1965 ppl=79916215.2 aux=0.0000 gate=0.000 gn=0.01 moe_cv=0.66 trainable=219.21M lr=2.49e-07 fp8=False nvfp4=True tok=1247232 tok/s=1351 mem=30789MiB
CAT-YOKO-12B B0 step 337/- nll=16.3940 ppl=13177834.7 aux=0.0000 gate=0.000 gn=0.01 moe_cv=0.60 trainable=219.21M lr=2.49e-07 fp8=False nvfp4=True tok=1251328 tok/s=1350 mem=30789MiB
CAT-YOKO-12B B0 step 338/- nll=18.1813 ppl=78711151.1 aux=0.0000 gate=0.000 gn=0.02 moe_cv=0.64 trainable=219.21M lr=2.50e-07 fp8=False nvfp4=True tok=1255424 tok/s=1314 mem=30789MiB
CAT-YOKO-12B B0 step 339/- nll=18.5177 ppl=110190282.3 aux=0.0000 gate=0.000 gn=0.02 moe_cv=0.58 trainable=219.21M lr=2.51e-07 fp8=False nvfp4=True tok=1259520 tok/s=1337 mem=30789MiB
CAT-YOKO-12B B0 step 340/- nll=18.0477 ppl=68864889.0 aux=0.0000 gate=0.000 gn=0.01 moe_cv=0.67 trainable=219.21M lr=2.52e-07 fp8=False nvfp4=True tok=1263616 tok/s=1355 mem=30789MiB
CAT-YOKO-12B B0 step 341/- nll=17.5131 ppl=40348984.4 aux=0.0000 gate=0.000 gn=0.01 moe_cv=0.60 trainable=219.21M lr=2.53e-07 fp8=False nvfp4=True tok=1267712 tok/s=1285 mem=30789MiB
CAT-YOKO-12B B0 step 342/- nll=16.9865 ppl=23831228.9 aux=0.0000 gate=0.000 gn=0.01 moe_cv=0.64 trainable=219.21M lr=2.54e-07 fp8=False nvfp4=True tok=1271808 tok/s=1333 mem=30789MiB
CAT-YOKO-12B B0 step 343/- nll=17.0155 ppl=24532249.5 aux=0.0000 gate=0.000 gn=0.01 moe_cv=0.63 trainable=219.21M lr=2.54e-07 fp8=False nvfp4=True tok=1275904 tok/s=1345 mem=30789MiB
CAT-YOKO-12B B0 step 344/- nll=17.3732 ppl=35082828.5 aux=0.0000 gate=0.000 gn=0.01 moe_cv=0.53 trainable=219.21M lr=2.55e-07 fp8=False nvfp4=True tok=1280000 tok/s=1297 mem=30789MiB
CAT-YOKO-12B B0 step 345/- nll=18.1175 ppl=73848133.0 aux=0.0000 gate=0.000 gn=0.01 moe_cv=0.61 trainable=219.21M lr=2.56e-07 fp8=False nvfp4=True tok=1284096 tok/s=1346 mem=30789MiB
CAT-YOKO-12B B0 step 346/- nll=17.9947 ppl=65313106.9 aux=0.0000 gate=0.000 gn=0.03 moe_cv=0.65 trainable=219.21M lr=2.57e-07 fp8=False nvfp4=True tok=1288192 tok/s=1344 mem=30789MiB
CAT-YOKO-12B B0 step 347/- nll=17.6680 ppl=47110700.1 aux=0.0000 gate=0.000 gn=0.01 moe_cv=0.58 trainable=219.21M lr=2.58e-07 fp8=False nvfp4=True tok=1292288 tok/s=1277 mem=30789MiB
CAT-YOKO-12B B0 step 348/- nll=17.5068 ppl=40095891.8 aux=0.0000 gate=0.000 gn=0.01 moe_cv=0.68 trainable=219.21M lr=2.58e-07 fp8=False nvfp4=True tok=1296384 tok/s=1360 mem=30789MiB
CAT-YOKO-12B B0 step 349/- nll=17.1614 ppl=28385861.6 aux=0.0000 gate=0.000 gn=0.01 moe_cv=0.71 trainable=219.21M lr=2.59e-07 fp8=False nvfp4=True tok=1300480 tok/s=1370 mem=30789MiB
CAT-YOKO-12B B0 step 350/- nll=17.5440 ppl=41615349.9 aux=0.0000 gate=0.000 gn=0.01 moe_cv=0.61 trainable=219.21M lr=2.60e-07 fp8=False nvfp4=True tok=1304576 tok/s=1312 mem=30789MiB
CAT-YOKO-12B B0 step 351/- nll=16.6978 ppl=17854860.6 aux=0.0000 gate=0.000 gn=0.02 moe_cv=0.64 trainable=219.21M lr=2.61e-07 fp8=False nvfp4=True tok=1308672 tok/s=1388 mem=30789MiB
CAT-YOKO-12B B0 step 352/- nll=17.6925 ppl=48280819.9 aux=0.0000 gate=0.000 gn=0.01 moe_cv=0.62 trainable=219.21M lr=2.62e-07 fp8=False nvfp4=True tok=1312768 tok/s=1358 mem=30789MiB
CAT-YOKO-12B B0 step 353/- nll=16.7217 ppl=18287866.3 aux=0.0000 gate=0.000 gn=0.01 moe_cv=0.65 trainable=219.21M lr=2.63e-07 fp8=False nvfp4=True tok=1316864 tok/s=1321 mem=30789MiB
CAT-YOKO-12B B0 step 354/- nll=17.5763 ppl=42983232.2 aux=0.0000 gate=0.000 gn=0.01 moe_cv=0.58 trainable=219.21M lr=2.63e-07 fp8=False nvfp4=True tok=1320960 tok/s=1346 mem=30789MiB
CAT-YOKO-12B B0 step 355/- nll=17.6178 ppl=44805169.9 aux=0.0000 gate=0.000 gn=0.01 moe_cv=0.60 trainable=219.21M lr=2.64e-07 fp8=False nvfp4=True tok=1325056 tok/s=1354 mem=30789MiB
CAT-YOKO-12B B0 step 356/- nll=17.6788 ppl=47621407.4 aux=0.0000 gate=0.000 gn=0.01 moe_cv=0.66 trainable=219.21M lr=2.65e-07 fp8=False nvfp4=True tok=1329152 tok/s=1317 mem=30789MiB
CAT-YOKO-12B B0 step 357/- nll=17.5305 ppl=41057622.3 aux=0.0000 gate=0.000 gn=0.01 moe_cv=0.66 trainable=219.21M lr=2.66e-07 fp8=False nvfp4=True tok=1333248 tok/s=1370 mem=30789MiB
CAT-YOKO-12B B0 step 358/- nll=16.8065 ppl=19906154.9 aux=0.0000 gate=0.000 gn=0.03 moe_cv=0.57 trainable=219.21M lr=2.67e-07 fp8=False nvfp4=True tok=1337344 tok/s=1359 mem=30789MiB
CAT-YOKO-12B B0 step 359/- nll=17.2480 ppl=30954110.4 aux=0.0000 gate=0.000 gn=0.03 moe_cv=0.63 trainable=219.21M lr=2.67e-07 fp8=False nvfp4=True tok=1341440 tok/s=1314 mem=30789MiB
CAT-YOKO-12B B0 step 360/- nll=15.7468 ppl=6898520.9 aux=0.0000 gate=0.000 gn=0.02 moe_cv=0.59 trainable=219.21M lr=2.68e-07 fp8=False nvfp4=True tok=1345536 tok/s=1351 mem=30789MiB
CAT-YOKO-12B B0 step 361/- nll=15.3880 ppl=4818755.4 aux=0.0000 gate=0.000 gn=0.02 moe_cv=0.63 trainable=219.21M lr=2.69e-07 fp8=False nvfp4=True tok=1349632 tok/s=1351 mem=30789MiB
CAT-YOKO-12B B0 step 362/- nll=16.3453 ppl=12550464.7 aux=0.0000 gate=0.000 gn=0.01 moe_cv=0.59 trainable=219.21M lr=2.70e-07 fp8=False nvfp4=True tok=1353728 tok/s=1300 mem=30789MiB
CAT-YOKO-12B B0 step 363/- nll=18.0810 ppl=71202295.4 aux=0.0000 gate=0.000 gn=0.01 moe_cv=0.60 trainable=219.21M lr=2.71e-07 fp8=False nvfp4=True tok=1357824 tok/s=1344 mem=30789MiB
CAT-YOKO-12B B0 step 364/- nll=17.6549 ppl=46499186.4 aux=0.0000 gate=0.000 gn=0.02 moe_cv=0.65 trainable=219.21M lr=2.72e-07 fp8=False nvfp4=True tok=1361920 tok/s=1329 mem=30789MiB
CAT-YOKO-12B B0 step 365/- nll=17.1020 ppl=26748368.1 aux=0.0000 gate=0.000 gn=0.01 moe_cv=0.61 trainable=219.21M lr=2.72e-07 fp8=False nvfp4=True tok=1366016 tok/s=1306 mem=30789MiB
CAT-YOKO-12B B0 step 366/- nll=17.7313 ppl=50186971.6 aux=0.0000 gate=0.000 gn=0.02 moe_cv=0.66 trainable=219.21M lr=2.73e-07 fp8=False nvfp4=True tok=1370112 tok/s=1349 mem=30789MiB
CAT-YOKO-12B B0 step 367/- nll=17.4140 ppl=36544230.9 aux=0.0000 gate=0.000 gn=0.01 moe_cv=0.65 trainable=219.21M lr=2.74e-07 fp8=False nvfp4=True tok=1374208 tok/s=1353 mem=30789MiB
CAT-YOKO-12B B0 step 368/- nll=19.4976 ppl=293561213.9 aux=0.0000 gate=0.000 gn=0.04 moe_cv=0.60 trainable=219.21M lr=2.75e-07 fp8=False nvfp4=True tok=1378304 tok/s=1298 mem=30789MiB
CAT-YOKO-12B B0 step 369/- nll=18.1952 ppl=79811413.5 aux=0.0000 gate=0.000 gn=0.02 moe_cv=0.60 trainable=219.21M lr=2.76e-07 fp8=False nvfp4=True tok=1382400 tok/s=1349 mem=30789MiB
CAT-YOKO-12B B0 step 370/- nll=17.5371 ppl=41330499.9 aux=0.0000 gate=0.000 gn=0.01 moe_cv=0.59 trainable=219.21M lr=2.76e-07 fp8=False nvfp4=True tok=1386496 tok/s=1350 mem=30789MiB
CAT-YOKO-12B B0 step 371/- nll=17.6296 ppl=45334875.5 aux=0.0000 gate=0.000 gn=0.01 moe_cv=0.60 trainable=219.21M lr=2.77e-07 fp8=False nvfp4=True tok=1390592 tok/s=1302 mem=30789MiB
CAT-YOKO-12B B0 step 372/- nll=16.3864 ppl=13077254.3 aux=0.0000 gate=0.000 gn=0.02 moe_cv=0.60 trainable=219.21M lr=2.78e-07 fp8=False nvfp4=True tok=1394688 tok/s=1345 mem=30789MiB
CAT-YOKO-12B B0 step 373/- nll=15.9450 ppl=8410392.6 aux=0.0000 gate=0.000 gn=0.03 moe_cv=0.67 trainable=219.21M lr=2.79e-07 fp8=False nvfp4=True tok=1398784 tok/s=1371 mem=30789MiB
CAT-YOKO-12B B0 step 374/- nll=16.8182 ppl=20138881.7 aux=0.0000 gate=0.000 gn=0.01 moe_cv=0.60 trainable=219.21M lr=2.80e-07 fp8=False nvfp4=True tok=1402880 tok/s=1297 mem=30789MiB
CAT-YOKO-12B B0 step 375/- nll=17.5157 ppl=40453631.0 aux=0.0000 gate=0.000 gn=0.01 moe_cv=0.69 trainable=219.21M lr=2.81e-07 fp8=False nvfp4=True tok=1406976 tok/s=1358 mem=30789MiB
CAT-YOKO-12B B0 step 376/- nll=16.1032 ppl=9852419.5 aux=0.0000 gate=0.000 gn=0.02 moe_cv=0.60 trainable=219.21M lr=2.81e-07 fp8=False nvfp4=True tok=1411072 tok/s=1335 mem=30789MiB
CAT-YOKO-12B B0 step 377/- nll=16.8897 ppl=21632297.9 aux=0.0000 gate=0.000 gn=0.01 moe_cv=0.69 trainable=219.21M lr=2.82e-07 fp8=False nvfp4=True tok=1415168 tok/s=1327 mem=30789MiB
CAT-YOKO-12B B0 step 378/- nll=16.4293 ppl=13650112.8 aux=0.0000 gate=0.000 gn=0.01 moe_cv=0.61 trainable=219.21M lr=2.83e-07 fp8=False nvfp4=True tok=1419264 tok/s=1340 mem=30789MiB
CAT-YOKO-12B B0 step 379/- nll=17.3997 ppl=36024220.9 aux=0.0000 gate=0.000 gn=0.01 moe_cv=0.60 trainable=219.21M lr=2.84e-07 fp8=False nvfp4=True tok=1423360 tok/s=1302 mem=30789MiB
CAT-YOKO-12B B0 step 380/- nll=15.8580 ppl=7709409.2 aux=0.0000 gate=0.000 gn=0.02 moe_cv=0.60 trainable=219.21M lr=2.85e-07 fp8=False nvfp4=True tok=1427456 tok/s=1298 mem=30789MiB
CAT-YOKO-12B B0 step 381/- nll=17.0254 ppl=24776445.4 aux=0.0000 gate=0.000 gn=0.01 moe_cv=0.61 trainable=219.21M lr=2.85e-07 fp8=False nvfp4=True tok=1431552 tok/s=1333 mem=30789MiB
CAT-YOKO-12B B0 step 382/- nll=17.2235 ppl=30204491.8 aux=0.0000 gate=0.000 gn=0.01 moe_cv=0.60 trainable=219.21M lr=2.86e-07 fp8=False nvfp4=True tok=1435648 tok/s=1364 mem=30789MiB
CAT-YOKO-12B B0 step 383/- nll=17.5359 ppl=41279448.6 aux=0.0000 gate=0.000 gn=0.01 moe_cv=0.68 trainable=219.21M lr=2.87e-07 fp8=False nvfp4=True tok=1439744 tok/s=1302 mem=30789MiB
CAT-YOKO-12B B0 step 384/- nll=17.3611 ppl=34658893.3 aux=0.0000 gate=0.000 gn=0.01 moe_cv=0.64 trainable=219.21M lr=2.88e-07 fp8=False nvfp4=True tok=1443840 tok/s=1339 mem=30789MiB
CAT-YOKO-12B B0 step 385/- nll=17.4088 ppl=36355061.4 aux=0.0000 gate=0.000 gn=0.01 moe_cv=0.61 trainable=219.21M lr=2.89e-07 fp8=False nvfp4=True tok=1447936 tok/s=1356 mem=30789MiB
CAT-YOKO-12B B0 step 386/- nll=17.5058 ppl=40055226.8 aux=0.0000 gate=0.000 gn=0.01 moe_cv=0.55 trainable=219.21M lr=2.90e-07 fp8=False nvfp4=True tok=1452032 tok/s=1307 mem=30789MiB
CAT-YOKO-12B B0 step 387/- nll=17.3231 ppl=33368725.4 aux=0.0000 gate=0.000 gn=0.02 moe_cv=0.64 trainable=219.21M lr=2.90e-07 fp8=False nvfp4=True tok=1456128 tok/s=1341 mem=30789MiB
CAT-YOKO-12B B0 step 388/- nll=17.1767 ppl=28822426.9 aux=0.0000 gate=0.000 gn=0.01 moe_cv=0.57 trainable=219.21M lr=2.91e-07 fp8=False nvfp4=True tok=1460224 tok/s=1341 mem=30789MiB
CAT-YOKO-12B B0 step 389/- nll=16.3516 ppl=12630697.3 aux=0.0000 gate=0.000 gn=0.02 moe_cv=0.61 trainable=219.21M lr=2.92e-07 fp8=False nvfp4=True tok=1464320 tok/s=1316 mem=30789MiB
CAT-YOKO-12B B0 step 390/- nll=17.5868 ppl=43433949.4 aux=0.0000 gate=0.000 gn=0.01 moe_cv=0.69 trainable=219.21M lr=2.93e-07 fp8=False nvfp4=True tok=1468416 tok/s=1367 mem=30789MiB
CAT-YOKO-12B B0 step 391/- nll=16.2956 ppl=11942662.1 aux=0.0000 gate=0.000 gn=0.03 moe_cv=0.57 trainable=219.21M lr=2.94e-07 fp8=False nvfp4=True tok=1472512 tok/s=1352 mem=30789MiB
CAT-YOKO-12B B0 step 392/- nll=16.6271 ppl=16636688.6 aux=0.0000 gate=0.000 gn=0.01 moe_cv=0.56 trainable=219.21M lr=2.95e-07 fp8=False nvfp4=True tok=1476608 tok/s=1300 mem=30789MiB
CAT-YOKO-12B B0 step 393/- nll=17.4238 ppl=36901237.5 aux=0.0000 gate=0.000 gn=0.01 moe_cv=0.66 trainable=219.21M lr=2.95e-07 fp8=False nvfp4=True tok=1480704 tok/s=1374 mem=30789MiB
CAT-YOKO-12B B0 step 394/- nll=17.4273 ppl=37031182.6 aux=0.0000 gate=0.000 gn=0.01 moe_cv=0.64 trainable=219.21M lr=2.96e-07 fp8=False nvfp4=True tok=1484800 tok/s=1360 mem=30789MiB
CAT-YOKO-12B B0 step 395/- nll=17.7206 ppl=49656610.9 aux=0.0000 gate=0.000 gn=0.01 moe_cv=0.65 trainable=219.21M lr=2.97e-07 fp8=False nvfp4=True tok=1488896 tok/s=1311 mem=30789MiB
CAT-YOKO-12B B0 step 396/- nll=16.8665 ppl=21136386.2 aux=0.0000 gate=0.000 gn=0.01 moe_cv=0.58 trainable=219.21M lr=2.98e-07 fp8=False nvfp4=True tok=1492992 tok/s=1346 mem=30789MiB
CAT-YOKO-12B B0 step 397/- nll=16.8966 ppl=21782218.7 aux=0.0000 gate=0.000 gn=0.01 moe_cv=0.63 trainable=219.21M lr=2.99e-07 fp8=False nvfp4=True tok=1497088 tok/s=1350 mem=30789MiB
CAT-YOKO-12B B0 step 398/- nll=18.1746 ppl=78184315.8 aux=0.0000 gate=0.000 gn=0.02 moe_cv=0.67 trainable=219.21M lr=2.99e-07 fp8=False nvfp4=True tok=1501184 tok/s=1329 mem=30789MiB
CAT-YOKO-12B B0 step 399/- nll=17.2599 ppl=31323946.2 aux=0.0000 gate=0.000 gn=0.01 moe_cv=0.61 trainable=219.21M lr=3.00e-07 fp8=False nvfp4=True tok=1505280 tok/s=1360 mem=30789MiB
CAT-YOKO-12B B0 step 400/- nll=16.6981 ppl=17859629.0 aux=0.0000 gate=0.000 gn=0.01 moe_cv=0.66 trainable=219.21M lr=3.01e-07 fp8=False nvfp4=True tok=1509376 tok/s=1370 mem=30789MiB
CAT-YOKO-12B B0 step 401/- nll=17.7457 ppl=50916373.7 aux=0.0000 gate=0.000 gn=0.01 moe_cv=0.62 trainable=219.21M lr=3.02e-07 fp8=False nvfp4=True tok=1513472 tok/s=1294 mem=30789MiB
CAT-YOKO-12B B0 step 402/- nll=18.0257 ppl=67368889.8 aux=0.0000 gate=0.000 gn=0.01 moe_cv=0.68 trainable=219.21M lr=3.03e-07 fp8=False nvfp4=True tok=1517568 tok/s=1355 mem=30789MiB
CAT-YOKO-12B B0 step 403/- nll=17.1600 ppl=28345987.2 aux=0.0000 gate=0.000 gn=0.02 moe_cv=0.63 trainable=219.21M lr=3.04e-07 fp8=False nvfp4=True tok=1521664 tok/s=1355 mem=30789MiB
CAT-YOKO-12B B0 step 404/- nll=18.1343 ppl=75098969.7 aux=0.0000 gate=0.000 gn=0.04 moe_cv=0.67 trainable=219.21M lr=3.04e-07 fp8=False nvfp4=True tok=1525760 tok/s=1312 mem=30789MiB
CAT-YOKO-12B B0 step 405/- nll=17.7717 ppl=52255616.9 aux=0.0000 gate=0.000 gn=0.02 moe_cv=0.64 trainable=219.21M lr=3.05e-07 fp8=False nvfp4=True tok=1529856 tok/s=1367 mem=30789MiB
CAT-YOKO-12B B0 step 406/- nll=17.1017 ppl=26739594.4 aux=0.0000 gate=0.000 gn=0.01 moe_cv=0.65 trainable=219.21M lr=3.06e-07 fp8=False nvfp4=True tok=1533952 tok/s=1346 mem=30789MiB
CAT-YOKO-12B B0 step 407/- nll=18.3401 ppl=92262554.7 aux=0.0000 gate=0.000 gn=0.03 moe_cv=0.66 trainable=219.21M lr=3.07e-07 fp8=False nvfp4=True tok=1538048 tok/s=1327 mem=30789MiB
CAT-YOKO-12B B0 step 408/- nll=16.0205 ppl=9070486.2 aux=0.0000 gate=0.000 gn=0.04 moe_cv=0.57 trainable=219.21M lr=3.08e-07 fp8=False nvfp4=True tok=1542144 tok/s=1343 mem=30789MiB
CAT-YOKO-12B B0 step 409/- nll=18.1809 ppl=78679330.1 aux=0.0000 gate=0.000 gn=0.03 moe_cv=0.64 trainable=219.21M lr=3.08e-07 fp8=False nvfp4=True tok=1546240 tok/s=1359 mem=30789MiB
CAT-YOKO-12B B0 step 410/- nll=17.7106 ppl=49158194.9 aux=0.0000 gate=0.000 gn=0.01 moe_cv=0.57 trainable=219.21M lr=3.09e-07 fp8=False nvfp4=True tok=1550336 tok/s=1292 mem=30789MiB
CAT-YOKO-12B B0 step 411/- nll=17.8832 ppl=58419795.8 aux=0.0000 gate=0.000 gn=0.02 moe_cv=0.61 trainable=219.21M lr=3.10e-07 fp8=False nvfp4=True tok=1554432 tok/s=1353 mem=30789MiB
CAT-YOKO-12B B0 step 412/- nll=16.8709 ppl=21229637.0 aux=0.0000 gate=0.000 gn=0.01 moe_cv=0.66 trainable=219.21M lr=3.11e-07 fp8=False nvfp4=True tok=1558528 tok/s=1357 mem=30789MiB
CAT-YOKO-12B B0 step 413/- nll=15.3666 ppl=4716669.0 aux=0.0000 gate=0.000 gn=0.02 moe_cv=0.66 trainable=219.21M lr=3.12e-07 fp8=False nvfp4=True tok=1562624 tok/s=1314 mem=30789MiB
CAT-YOKO-12B B0 step 414/- nll=17.1755 ppl=28789406.2 aux=0.0000 gate=0.000 gn=0.01 moe_cv=0.66 trainable=219.21M lr=3.13e-07 fp8=False nvfp4=True tok=1566720 tok/s=1366 mem=30789MiB
CAT-YOKO-12B B0 step 415/- nll=18.3383 ppl=92091488.0 aux=0.0000 gate=0.000 gn=0.02 moe_cv=0.59 trainable=219.21M lr=3.13e-07 fp8=False nvfp4=True tok=1570816 tok/s=1338 mem=30789MiB
CAT-YOKO-12B B0 step 416/- nll=17.6176 ppl=44796624.8 aux=0.0000 gate=0.000 gn=0.01 moe_cv=0.53 trainable=219.21M lr=3.14e-07 fp8=False nvfp4=True tok=1574912 tok/s=1302 mem=30789MiB
CAT-YOKO-12B B0 step 417/- nll=17.4907 ppl=39457401.0 aux=0.0000 gate=0.000 gn=0.01 moe_cv=0.61 trainable=219.21M lr=3.15e-07 fp8=False nvfp4=True tok=1579008 tok/s=1353 mem=30789MiB
CAT-YOKO-12B B0 step 418/- nll=17.3027 ppl=32692996.3 aux=0.0000 gate=0.000 gn=0.01 moe_cv=0.65 trainable=219.21M lr=3.16e-07 fp8=False nvfp4=True tok=1583104 tok/s=1364 mem=30789MiB
CAT-YOKO-12B B0 step 419/- nll=20.1393 ppl=- aux=0.0000 gate=0.000 gn=0.04 moe_cv=0.60 trainable=219.21M lr=3.17e-07 fp8=False nvfp4=True tok=1587200 tok/s=1311 mem=30789MiB
CAT-YOKO-12B B0 step 420/- nll=16.8778 ppl=21376278.0 aux=0.0000 gate=0.000 gn=0.02 moe_cv=0.60 trainable=219.21M lr=3.17e-07 fp8=False nvfp4=True tok=1591296 tok/s=1355 mem=30789MiB
CAT-YOKO-12B B0 step 421/- nll=15.6260 ppl=6113435.5 aux=0.0000 gate=0.000 gn=0.01 moe_cv=0.64 trainable=219.21M lr=3.18e-07 fp8=False nvfp4=True tok=1595392 tok/s=1350 mem=30789MiB
CAT-YOKO-12B B0 step 422/- nll=16.3901 ppl=13126058.6 aux=0.0000 gate=0.000 gn=0.01 moe_cv=0.63 trainable=219.21M lr=3.19e-07 fp8=False nvfp4=True tok=1599488 tok/s=1305 mem=30789MiB
CAT-YOKO-12B B0 step 423/- nll=17.3036 ppl=32724439.3 aux=0.0000 gate=0.000 gn=0.01 moe_cv=0.68 trainable=219.21M lr=3.20e-07 fp8=False nvfp4=True tok=1603584 tok/s=1352 mem=30789MiB
CAT-YOKO-12B B0 step 424/- nll=16.9872 ppl=23848053.0 aux=0.0000 gate=0.000 gn=0.01 moe_cv=0.65 trainable=219.21M lr=3.21e-07 fp8=False nvfp4=True tok=1607680 tok/s=1353 mem=30789MiB
CAT-YOKO-12B B0 step 425/- nll=16.7600 ppl=19000310.8 aux=0.0000 gate=0.000 gn=0.01 moe_cv=0.60 trainable=219.21M lr=3.22e-07 fp8=False nvfp4=True tok=1611776 tok/s=1310 mem=30789MiB
CAT-YOKO-12B B0 step 426/- nll=17.0741 ppl=26012781.9 aux=0.0000 gate=0.000 gn=0.04 moe_cv=0.58 trainable=219.21M lr=3.22e-07 fp8=False nvfp4=True tok=1615872 tok/s=1351 mem=30789MiB
CAT-YOKO-12B B0 step 427/- nll=16.4419 ppl=13823297.1 aux=0.0000 gate=0.000 gn=0.05 moe_cv=0.65 trainable=219.21M lr=3.23e-07 fp8=False nvfp4=True tok=1619968 tok/s=1374 mem=30789MiB
CAT-YOKO-12B B0 step 428/- nll=17.1306 ppl=27523647.6 aux=0.0000 gate=0.000 gn=0.03 moe_cv=0.63 trainable=219.21M lr=3.24e-07 fp8=False nvfp4=True tok=1624064 tok/s=1312 mem=30789MiB
CAT-YOKO-12B B0 step 429/- nll=17.6110 ppl=44501541.8 aux=0.0000 gate=0.000 gn=0.01 moe_cv=0.63 trainable=219.21M lr=3.25e-07 fp8=False nvfp4=True tok=1628160 tok/s=1352 mem=30789MiB
CAT-YOKO-12B B0 step 430/- nll=17.4049 ppl=36211116.3 aux=0.0000 gate=0.000 gn=0.00 moe_cv=0.59 trainable=219.21M lr=3.26e-07 fp8=False nvfp4=True tok=1632256 tok/s=1341 mem=30789MiB
CAT-YOKO-12B B0 step 431/- nll=16.8672 ppl=21151872.6 aux=0.0000 gate=0.000 gn=0.02 moe_cv=0.58 trainable=219.21M lr=3.26e-07 fp8=False nvfp4=True tok=1636352 tok/s=1310 mem=30789MiB
CAT-YOKO-12B B0 step 432/- nll=17.0671 ppl=25830836.4 aux=0.0000 gate=0.000 gn=0.01 moe_cv=0.68 trainable=219.21M lr=3.27e-07 fp8=False nvfp4=True tok=1640448 tok/s=1369 mem=30789MiB
CAT-YOKO-12B B0 step 433/- nll=17.3781 ppl=35252936.4 aux=0.0000 gate=0.000 gn=0.01 moe_cv=0.60 trainable=219.21M lr=3.28e-07 fp8=False nvfp4=True tok=1644544 tok/s=1333 mem=30789MiB
CAT-YOKO-12B B0 step 434/- nll=17.9141 ppl=60254468.6 aux=0.0000 gate=0.000 gn=0.01 moe_cv=0.65 trainable=219.21M lr=3.29e-07 fp8=False nvfp4=True tok=1648640 tok/s=1301 mem=30789MiB
CAT-YOKO-12B B0 step 435/- nll=17.6240 ppl=45080593.0 aux=0.0000 gate=0.000 gn=0.01 moe_cv=0.66 trainable=219.21M lr=3.30e-07 fp8=False nvfp4=True tok=1652736 tok/s=1354 mem=30789MiB
CAT-YOKO-12B B0 step 436/- nll=17.6419 ppl=45898411.7 aux=0.0000 gate=0.000 gn=0.03 moe_cv=0.63 trainable=219.21M lr=3.31e-07 fp8=False nvfp4=True tok=1656832 tok/s=1355 mem=30789MiB
CAT-YOKO-12B B0 step 437/- nll=17.4664 ppl=38510083.1 aux=0.0000 gate=0.000 gn=0.01 moe_cv=0.68 trainable=219.21M lr=3.31e-07 fp8=False nvfp4=True tok=1660928 tok/s=1333 mem=30789MiB
CAT-YOKO-12B B0 step 438/- nll=18.4567 ppl=103665933.9 aux=0.0000 gate=0.000 gn=0.03 moe_cv=0.63 trainable=219.21M lr=3.32e-07 fp8=False nvfp4=True tok=1665024 tok/s=1367 mem=30789MiB
CAT-YOKO-12B B0 step 439/- nll=17.5828 ppl=43261975.9 aux=0.0000 gate=0.000 gn=0.01 moe_cv=0.65 trainable=219.21M lr=3.33e-07 fp8=False nvfp4=True tok=1669120 tok/s=1356 mem=30789MiB
CAT-YOKO-12B B0 step 440/- nll=16.0162 ppl=9031660.5 aux=0.0000 gate=0.000 gn=0.01 moe_cv=0.63 trainable=219.21M lr=3.34e-07 fp8=False nvfp4=True tok=1673216 tok/s=1319 mem=30789MiB
CAT-YOKO-12B B0 step 441/- nll=17.3642 ppl=34767278.9 aux=0.0000 gate=0.000 gn=0.01 moe_cv=0.66 trainable=219.21M lr=3.35e-07 fp8=False nvfp4=True tok=1677312 tok/s=1354 mem=30789MiB
CAT-YOKO-12B B0 step 442/- nll=20.5004 ppl=- aux=0.0000 gate=0.000 gn=0.07 moe_cv=0.59 trainable=219.21M lr=3.35e-07 fp8=False nvfp4=True tok=1681408 tok/s=1352 mem=30789MiB
CAT-YOKO-12B B0 step 443/- nll=16.8551 ppl=20896755.1 aux=0.0000 gate=0.000 gn=0.01 moe_cv=0.63 trainable=219.21M lr=3.36e-07 fp8=False nvfp4=True tok=1685504 tok/s=1312 mem=30789MiB
CAT-YOKO-12B B0 step 444/- nll=17.5057 ppl=40050948.7 aux=0.0000 gate=0.000 gn=0.01 moe_cv=0.62 trainable=219.21M lr=3.37e-07 fp8=False nvfp4=True tok=1689600 tok/s=1356 mem=30789MiB
CAT-YOKO-12B B0 step 445/- nll=17.5399 ppl=41443857.4 aux=0.0000 gate=0.000 gn=0.04 moe_cv=0.66 trainable=219.21M lr=3.38e-07 fp8=False nvfp4=True tok=1693696 tok/s=1371 mem=30789MiB
CAT-YOKO-12B B0 step 446/- nll=17.3397 ppl=33926934.1 aux=0.0000 gate=0.000 gn=0.01 moe_cv=0.60 trainable=219.21M lr=3.39e-07 fp8=False nvfp4=True tok=1697792 tok/s=1304 mem=30789MiB
CAT-YOKO-12B B0 step 447/- nll=17.3212 ppl=33304632.1 aux=0.0000 gate=0.000 gn=0.03 moe_cv=0.58 trainable=219.21M lr=3.40e-07 fp8=False nvfp4=True tok=1701888 tok/s=1351 mem=30789MiB
CAT-YOKO-12B B0 step 448/- nll=17.3478 ppl=34201505.7 aux=0.0000 gate=0.000 gn=0.01 moe_cv=0.60 trainable=219.21M lr=3.40e-07 fp8=False nvfp4=True tok=1705984 tok/s=1334 mem=30789MiB
CAT-YOKO-12B B0 step 449/- nll=17.4434 ppl=37634145.4 aux=0.0000 gate=0.000 gn=0.01 moe_cv=0.62 trainable=219.21M lr=3.41e-07 fp8=False nvfp4=True tok=1710080 tok/s=1311 mem=30789MiB
CAT-YOKO-12B B0 step 450/- nll=17.6630 ppl=46877204.4 aux=0.0000 gate=0.000 gn=0.05 moe_cv=0.62 trainable=219.21M lr=3.42e-07 fp8=False nvfp4=True tok=1714176 tok/s=1349 mem=30789MiB
CAT-YOKO-12B B0 step 451/- nll=17.1361 ppl=27676522.5 aux=0.0000 gate=0.000 gn=0.02 moe_cv=0.62 trainable=219.21M lr=3.43e-07 fp8=False nvfp4=True tok=1718272 tok/s=1357 mem=30789MiB
CAT-YOKO-12B B0 step 452/- nll=17.2804 ppl=31972293.2 aux=0.0000 gate=0.000 gn=0.02 moe_cv=0.63 trainable=219.21M lr=3.44e-07 fp8=False nvfp4=True tok=1722368 tok/s=1310 mem=30789MiB
CAT-YOKO-12B B0 step 453/- nll=17.4730 ppl=38763071.7 aux=0.0000 gate=0.000 gn=0.01 moe_cv=0.62 trainable=219.21M lr=3.44e-07 fp8=False nvfp4=True tok=1726464 tok/s=1352 mem=30789MiB
CAT-YOKO-12B B0 step 454/- nll=17.5497 ppl=41853518.8 aux=0.0000 gate=0.000 gn=0.01 moe_cv=0.60 trainable=219.21M lr=3.45e-07 fp8=False nvfp4=True tok=1730560 tok/s=1358 mem=30789MiB
CAT-YOKO-12B B0 step 455/- nll=17.2566 ppl=31221471.1 aux=0.0000 gate=0.000 gn=0.01 moe_cv=0.65 trainable=219.21M lr=3.46e-07 fp8=False nvfp4=True tok=1734656 tok/s=1337 mem=30789MiB
CAT-YOKO-12B B0 step 456/- nll=14.4856 ppl=1954381.4 aux=0.0000 gate=0.000 gn=0.04 moe_cv=0.67 trainable=219.21M lr=3.47e-07 fp8=False nvfp4=True tok=1738752 tok/s=1369 mem=30789MiB
CAT-YOKO-12B B0 step 457/- nll=15.6700 ppl=6388399.7 aux=0.0000 gate=0.000 gn=0.01 moe_cv=0.62 trainable=219.21M lr=3.48e-07 fp8=False nvfp4=True tok=1742848 tok/s=1368 mem=30789MiB
CAT-YOKO-12B B0 step 458/- nll=17.4372 ppl=37402504.7 aux=0.0000 gate=0.000 gn=0.04 moe_cv=0.64 trainable=219.21M lr=3.49e-07 fp8=False nvfp4=True tok=1746944 tok/s=1333 mem=30789MiB
CAT-YOKO-12B B0 step 459/- nll=17.0233 ppl=24725082.7 aux=0.0000 gate=0.000 gn=0.01 moe_cv=0.61 trainable=219.21M lr=3.49e-07 fp8=False nvfp4=True tok=1751040 tok/s=1350 mem=30789MiB
CAT-YOKO-12B B0 step 460/- nll=17.2855 ppl=32137921.8 aux=0.0000 gate=0.000 gn=0.02 moe_cv=0.59 trainable=219.21M lr=3.50e-07 fp8=False nvfp4=True tok=1755136 tok/s=1352 mem=30789MiB
CAT-YOKO-12B B0 step 461/- nll=17.7153 ppl=49391369.2 aux=0.0000 gate=0.000 gn=0.01 moe_cv=0.57 trainable=219.21M lr=3.51e-07 fp8=False nvfp4=True tok=1759232 tok/s=1306 mem=30789MiB
CAT-YOKO-12B B0 step 462/- nll=17.3799 ppl=35316804.7 aux=0.0000 gate=0.000 gn=0.01 moe_cv=0.69 trainable=219.21M lr=3.52e-07 fp8=False nvfp4=True tok=1763328 tok/s=1378 mem=30789MiB
CAT-YOKO-12B B0 step 463/- nll=17.2909 ppl=32309523.0 aux=0.0000 gate=0.000 gn=0.01 moe_cv=0.67 trainable=219.21M lr=3.53e-07 fp8=False nvfp4=True tok=1767424 tok/s=1378 mem=30789MiB
CAT-YOKO-12B B0 step 464/- nll=17.3806 ppl=35342141.6 aux=0.0000 gate=0.000 gn=0.03 moe_cv=0.68 trainable=219.21M lr=3.53e-07 fp8=False nvfp4=True tok=1771520 tok/s=1315 mem=30789MiB
CAT-YOKO-12B B0 step 465/- nll=19.0129 ppl=180799183.8 aux=0.0000 gate=0.000 gn=0.03 moe_cv=0.60 trainable=219.21M lr=3.54e-07 fp8=False nvfp4=True tok=1775616 tok/s=1350 mem=30789MiB
CAT-YOKO-12B B0 step 466/- nll=17.5174 ppl=40523133.9 aux=0.0000 gate=0.000 gn=0.01 moe_cv=0.61 trainable=219.21M lr=3.55e-07 fp8=False nvfp4=True tok=1779712 tok/s=1353 mem=30789MiB
CAT-YOKO-12B B0 step 467/- nll=16.9058 ppl=21982850.0 aux=0.0000 gate=0.000 gn=0.01 moe_cv=0.61 trainable=219.21M lr=3.56e-07 fp8=False nvfp4=True tok=1783808 tok/s=1300 mem=30789MiB
CAT-YOKO-12B B0 step 468/- nll=17.8301 ppl=55399122.4 aux=0.0000 gate=0.000 gn=0.01 moe_cv=0.69 trainable=219.21M lr=3.57e-07 fp8=False nvfp4=True tok=1787904 tok/s=1354 mem=30789MiB
CAT-YOKO-12B B0 step 469/- nll=17.5009 ppl=39861870.0 aux=0.0000 gate=0.000 gn=0.01 moe_cv=0.60 trainable=219.21M lr=3.58e-07 fp8=False nvfp4=True tok=1792000 tok/s=1348 mem=30789MiB
CAT-YOKO-12B B0 step 470/- nll=17.3887 ppl=35631088.8 aux=0.0000 gate=0.000 gn=0.01 moe_cv=0.61 trainable=219.21M lr=3.58e-07 fp8=False nvfp4=True tok=1796096 tok/s=1318 mem=30789MiB
CAT-YOKO-12B B0 step 471/- nll=17.4496 ppl=37868954.1 aux=0.0000 gate=0.000 gn=0.01 moe_cv=0.65 trainable=219.21M lr=3.59e-07 fp8=False nvfp4=True tok=1800192 tok/s=1350 mem=30789MiB
CAT-YOKO-12B B0 step 472/- nll=17.8881 ppl=58706306.1 aux=0.0000 gate=0.000 gn=0.01 moe_cv=0.64 trainable=219.21M lr=3.60e-07 fp8=False nvfp4=True tok=1804288 tok/s=1359 mem=30789MiB
CAT-YOKO-12B B0 step 473/- nll=17.5328 ppl=41153273.2 aux=0.0000 gate=0.000 gn=0.01 moe_cv=0.64 trainable=219.21M lr=3.61e-07 fp8=False nvfp4=True tok=1808384 tok/s=1325 mem=30789MiB
CAT-YOKO-12B B0 step 474/- nll=17.0212 ppl=24672132.4 aux=0.0000 gate=0.000 gn=0.03 moe_cv=0.58 trainable=219.21M lr=3.62e-07 fp8=False nvfp4=True tok=1812480 tok/s=1359 mem=30789MiB
CAT-YOKO-12B B0 step 475/- nll=16.9259 ppl=22429296.1 aux=0.0000 gate=0.000 gn=0.04 moe_cv=0.71 trainable=219.21M lr=3.62e-07 fp8=False nvfp4=True tok=1816576 tok/s=1380 mem=30789MiB
CAT-YOKO-12B B0 step 476/- nll=16.8296 ppl=20371181.8 aux=0.0000 gate=0.000 gn=0.08 moe_cv=0.62 trainable=219.21M lr=3.63e-07 fp8=False nvfp4=True tok=1820672 tok/s=1301 mem=30789MiB
CAT-YOKO-12B B0 step 477/- nll=17.8598 ppl=57069223.9 aux=0.0000 gate=0.000 gn=0.02 moe_cv=0.53 trainable=219.21M lr=3.64e-07 fp8=False nvfp4=True tok=1824768 tok/s=1352 mem=30789MiB
CAT-YOKO-12B B0 step 478/- nll=16.1431 ppl=10253594.5 aux=0.0000 gate=0.000 gn=0.07 moe_cv=0.73 trainable=219.21M lr=3.65e-07 fp8=False nvfp4=True tok=1828864 tok/s=1380 mem=30789MiB
CAT-YOKO-12B B0 step 479/- nll=18.0023 ppl=65810927.1 aux=0.0000 gate=0.000 gn=0.03 moe_cv=0.61 trainable=219.21M lr=3.66e-07 fp8=False nvfp4=True tok=1832960 tok/s=1313 mem=30789MiB
CAT-YOKO-12B B0 step 480/- nll=17.5636 ppl=42441157.7 aux=0.0000 gate=0.000 gn=0.01 moe_cv=0.61 trainable=219.21M lr=3.67e-07 fp8=False nvfp4=True tok=1837056 tok/s=1351 mem=30789MiB
CAT-YOKO-12B B0 step 481/- nll=15.9890 ppl=8789262.2 aux=0.0000 gate=0.000 gn=0.01 moe_cv=0.64 trainable=219.21M lr=3.67e-07 fp8=False nvfp4=True tok=1841152 tok/s=1363 mem=30789MiB
CAT-YOKO-12B B0 step 482/- nll=15.1169 ppl=3674438.7 aux=0.0000 gate=0.000 gn=0.03 moe_cv=0.66 trainable=219.21M lr=3.68e-07 fp8=False nvfp4=True tok=1845248 tok/s=1315 mem=30789MiB
CAT-YOKO-12B B0 step 483/- nll=16.4448 ppl=13864383.3 aux=0.0000 gate=0.000 gn=0.01 moe_cv=0.65 trainable=219.21M lr=3.69e-07 fp8=False nvfp4=True tok=1849344 tok/s=1361 mem=30789MiB
CAT-YOKO-12B B0 step 484/- nll=17.1198 ppl=27229254.2 aux=0.0000 gate=0.000 gn=0.01 moe_cv=0.65 trainable=219.21M lr=3.70e-07 fp8=False nvfp4=True tok=1853440 tok/s=1367 mem=30789MiB
CAT-YOKO-12B B0 step 485/- nll=17.5686 ppl=42652882.9 aux=0.0000 gate=0.000 gn=0.02 moe_cv=0.60 trainable=219.21M lr=3.71e-07 fp8=False nvfp4=True tok=1857536 tok/s=1309 mem=30789MiB
CAT-YOKO-12B B0 step 486/- nll=17.9275 ppl=61065977.7 aux=0.0000 gate=0.000 gn=0.03 moe_cv=0.60 trainable=219.21M lr=3.72e-07 fp8=False nvfp4=True tok=1861632 tok/s=1355 mem=30789MiB
CAT-YOKO-12B B0 step 487/- nll=17.3949 ppl=35852852.9 aux=0.0000 gate=0.000 gn=0.01 moe_cv=0.59 trainable=219.21M lr=3.72e-07 fp8=False nvfp4=True tok=1865728 tok/s=1360 mem=30789MiB
CAT-YOKO-12B B0 step 488/- nll=17.1524 ppl=28130332.7 aux=0.0000 gate=0.000 gn=0.03 moe_cv=0.65 trainable=219.21M lr=3.73e-07 fp8=False nvfp4=True tok=1869824 tok/s=1311 mem=30789MiB
CAT-YOKO-12B B0 step 489/- nll=17.7739 ppl=52371761.3 aux=0.0000 gate=0.000 gn=0.02 moe_cv=0.55 trainable=219.21M lr=3.74e-07 fp8=False nvfp4=True tok=1873920 tok/s=1346 mem=30789MiB
CAT-YOKO-12B B0 step 490/- nll=16.6011 ppl=16209848.2 aux=0.0000 gate=0.000 gn=0.02 moe_cv=0.60 trainable=219.21M lr=3.75e-07 fp8=False nvfp4=True tok=1878016 tok/s=1364 mem=30789MiB
CAT-YOKO-12B B0 step 491/- nll=16.7097 ppl=18068429.4 aux=0.0000 gate=0.000 gn=0.02 moe_cv=0.61 trainable=219.21M lr=3.76e-07 fp8=False nvfp4=True tok=1882112 tok/s=1322 mem=30789MiB
CAT-YOKO-12B B0 step 492/- nll=17.6681 ppl=47116451.3 aux=0.0000 gate=0.000 gn=0.01 moe_cv=0.66 trainable=219.21M lr=3.76e-07 fp8=False nvfp4=True tok=1886208 tok/s=1361 mem=30789MiB
CAT-YOKO-12B B0 step 493/- nll=17.8793 ppl=58194702.5 aux=0.0000 gate=0.000 gn=0.02 moe_cv=0.64 trainable=219.21M lr=3.77e-07 fp8=False nvfp4=True tok=1890304 tok/s=1358 mem=30789MiB
CAT-YOKO-12B B0 step 494/- nll=19.4868 ppl=290416846.4 aux=0.0000 gate=0.000 gn=0.04 moe_cv=0.67 trainable=219.21M lr=3.78e-07 fp8=False nvfp4=True tok=1894400 tok/s=1312 mem=30789MiB
CAT-YOKO-12B B0 step 495/- nll=17.6198 ppl=44892423.0 aux=0.0000 gate=0.000 gn=0.01 moe_cv=0.57 trainable=219.21M lr=3.79e-07 fp8=False nvfp4=True tok=1898496 tok/s=1332 mem=30789MiB
CAT-YOKO-12B B0 step 496/- nll=17.4173 ppl=36662917.6 aux=0.0000 gate=0.000 gn=0.01 moe_cv=0.62 trainable=219.21M lr=3.80e-07 fp8=False nvfp4=True tok=1902592 tok/s=1350 mem=30789MiB
CAT-YOKO-12B B0 step 497/- nll=18.0241 ppl=67264631.8 aux=0.0000 gate=0.000 gn=0.02 moe_cv=0.57 trainable=219.21M lr=3.81e-07 fp8=False nvfp4=True tok=1906688 tok/s=1298 mem=30789MiB
CAT-YOKO-12B B0 step 498/- nll=17.2177 ppl=30028774.4 aux=0.0000 gate=0.000 gn=0.01 moe_cv=0.59 trainable=219.21M lr=3.81e-07 fp8=False nvfp4=True tok=1910784 tok/s=1361 mem=30789MiB
CAT-YOKO-12B B0 step 499/- nll=17.4908 ppl=39459357.8 aux=0.0000 gate=0.000 gn=0.02 moe_cv=0.63 trainable=219.21M lr=3.82e-07 fp8=False nvfp4=True tok=1914880 tok/s=1360 mem=30789MiB
CAT-YOKO-12B B0 step 500/- nll=16.9414 ppl=22780854.9 aux=0.0000 gate=0.000 gn=0.02 moe_cv=0.59 trainable=219.21M lr=3.83e-07 fp8=False nvfp4=True tok=1918976 tok/s=1305 mem=30789MiB
CAT-YOKO-12B B0 step 501/- nll=18.2752 ppl=86458500.6 aux=0.0000 gate=0.000 gn=0.01 moe_cv=0.65 trainable=219.21M lr=3.84e-07 fp8=False nvfp4=True tok=1923072 tok/s=1342 mem=30789MiB
CAT-YOKO-12B B0 step 502/- nll=15.4205 ppl=4977777.6 aux=0.0000 gate=0.000 gn=0.01 moe_cv=0.66 trainable=219.21M lr=3.85e-07 fp8=False nvfp4=True tok=1927168 tok/s=1361 mem=30789MiB
CAT-YOKO-12B B0 step 503/- nll=17.4269 ppl=37018329.9 aux=0.0000 gate=0.000 gn=0.03 moe_cv=0.60 trainable=219.21M lr=3.85e-07 fp8=False nvfp4=True tok=1931264 tok/s=1320 mem=30789MiB
CAT-YOKO-12B B0 step 504/- nll=19.0097 ppl=180229361.7 aux=0.0000 gate=0.000 gn=0.05 moe_cv=0.59 trainable=219.21M lr=3.86e-07 fp8=False nvfp4=True tok=1935360 tok/s=1342 mem=30789MiB
CAT-YOKO-12B B0 step 505/- nll=17.1815 ppl=28961737.8 aux=0.0000 gate=0.000 gn=0.01 moe_cv=0.61 trainable=219.21M lr=3.87e-07 fp8=False nvfp4=True tok=1939456 tok/s=1356 mem=30789MiB
CAT-YOKO-12B B0 step 506/- nll=16.3763 ppl=12945797.0 aux=0.0000 gate=0.000 gn=0.02 moe_cv=0.60 trainable=219.21M lr=3.88e-07 fp8=False nvfp4=True tok=1943552 tok/s=1308 mem=30789MiB
CAT-YOKO-12B B0 step 507/- nll=17.3369 ppl=33831555.7 aux=0.0000 gate=0.000 gn=0.01 moe_cv=0.59 trainable=219.21M lr=3.89e-07 fp8=False nvfp4=True tok=1947648 tok/s=1349 mem=30789MiB
CAT-YOKO-12B B0 step 508/- nll=16.0180 ppl=9047453.8 aux=0.0000 gate=0.000 gn=0.05 moe_cv=0.69 trainable=219.21M lr=3.90e-07 fp8=False nvfp4=True tok=1951744 tok/s=1373 mem=30789MiB
CAT-YOKO-12B B0 step 509/- nll=17.8510 ppl=56572318.4 aux=0.0000 gate=0.000 gn=0.01 moe_cv=0.58 trainable=219.21M lr=3.90e-07 fp8=False nvfp4=True tok=1955840 tok/s=1305 mem=30789MiB
CAT-YOKO-12B B0 step 510/- nll=18.1824 ppl=78795268.6 aux=0.0000 gate=0.000 gn=0.02 moe_cv=0.60 trainable=219.21M lr=3.91e-07 fp8=False nvfp4=True tok=1959936 tok/s=1352 mem=30789MiB
CAT-YOKO-12B B0 step 511/- nll=17.7809 ppl=52740754.7 aux=0.0000 gate=0.000 gn=0.01 moe_cv=0.58 trainable=219.21M lr=3.92e-07 fp8=False nvfp4=True tok=1964032 tok/s=1343 mem=30789MiB
CAT-YOKO-12B B0 step 512/- nll=17.6200 ppl=44903727.0 aux=0.0000 gate=0.000 gn=0.01 moe_cv=0.60 trainable=219.21M lr=3.93e-07 fp8=False nvfp4=True tok=1968128 tok/s=1308 mem=30789MiB
CAT-YOKO-12B B0 step 513/- nll=16.6427 ppl=16898613.9 aux=0.0000 gate=0.000 gn=0.01 moe_cv=0.68 trainable=219.21M lr=3.94e-07 fp8=False nvfp4=True tok=1972224 tok/s=1360 mem=30789MiB
CAT-YOKO-12B B0 step 514/- nll=16.6232 ppl=16571069.7 aux=0.0000 gate=0.000 gn=0.02 moe_cv=0.65 trainable=219.21M lr=3.94e-07 fp8=False nvfp4=True tok=1976320 tok/s=1344 mem=30789MiB
CAT-YOKO-12B B0 step 515/- nll=16.7910 ppl=19598734.8 aux=0.0000 gate=0.000 gn=0.01 moe_cv=0.64 trainable=219.21M lr=3.95e-07 fp8=False nvfp4=True tok=1980416 tok/s=1320 mem=30789MiB
CAT-YOKO-12B B0 step 516/- nll=16.8854 ppl=21539209.1 aux=0.0000 gate=0.000 gn=0.02 moe_cv=0.60 trainable=219.21M lr=3.96e-07 fp8=False nvfp4=True tok=1984512 tok/s=1347 mem=30789MiB
CAT-YOKO-12B B0 step 517/- nll=17.8322 ppl=55518547.2 aux=0.0000 gate=0.000 gn=0.03 moe_cv=0.59 trainable=219.21M lr=3.97e-07 fp8=False nvfp4=True tok=1988608 tok/s=1343 mem=30789MiB
CAT-YOKO-12B B0 step 518/- nll=17.0119 ppl=24444998.4 aux=0.0000 gate=0.000 gn=0.02 moe_cv=0.62 trainable=219.21M lr=3.98e-07 fp8=False nvfp4=True tok=1992704 tok/s=1311 mem=30789MiB
CAT-YOKO-12B B0 step 519/- nll=17.2179 ppl=30036106.5 aux=0.0000 gate=0.000 gn=0.02 moe_cv=0.67 trainable=219.21M lr=3.99e-07 fp8=False nvfp4=True tok=1996800 tok/s=1362 mem=30789MiB
CAT-YOKO-12B B0 step 520/- nll=17.3048 ppl=32762910.7 aux=0.0000 gate=0.000 gn=0.01 moe_cv=0.63 trainable=219.21M lr=3.99e-07 fp8=False nvfp4=True tok=2000896 tok/s=1358 mem=30789MiB
CAT-YOKO-12B B0 step 521/- nll=17.6070 ppl=44320945.2 aux=0.0000 gate=0.000 gn=0.02 moe_cv=0.61 trainable=219.21M lr=4.00e-07 fp8=False nvfp4=True tok=2004992 tok/s=1314 mem=30789MiB
CAT-YOKO-12B B0 step 522/- nll=17.4493 ppl=37854799.8 aux=0.0000 gate=0.000 gn=0.01 moe_cv=0.65 trainable=219.21M lr=4.01e-07 fp8=False nvfp4=True tok=2009088 tok/s=1367 mem=30789MiB
CAT-YOKO-12B B0 step 523/- nll=16.7128 ppl=18124552.9 aux=0.0000 gate=0.000 gn=0.01 moe_cv=0.60 trainable=219.21M lr=4.02e-07 fp8=False nvfp4=True tok=2013184 tok/s=1363 mem=30789MiB
CAT-YOKO-12B B0 step 524/- nll=16.9950 ppl=24033949.5 aux=0.0000 gate=0.000 gn=0.01 moe_cv=0.64 trainable=219.21M lr=4.03e-07 fp8=False nvfp4=True tok=2017280 tok/s=1335 mem=30789MiB
CAT-YOKO-12B B0 step 525/- nll=15.8009 ppl=7281886.0 aux=0.0000 gate=0.000 gn=0.04 moe_cv=0.63 trainable=219.21M lr=4.03e-07 fp8=False nvfp4=True tok=2021376 tok/s=1353 mem=30789MiB
CAT-YOKO-12B B0 step 526/- nll=16.9709 ppl=23461849.4 aux=0.0000 gate=0.000 gn=0.01 moe_cv=0.64 trainable=219.21M lr=4.04e-07 fp8=False nvfp4=True tok=2025472 tok/s=1331 mem=30789MiB
CAT-YOKO-12B B0 step 527/- nll=17.4152 ppl=36586634.6 aux=0.0000 gate=0.000 gn=0.01 moe_cv=0.66 trainable=219.21M lr=4.05e-07 fp8=False nvfp4=True tok=2029568 tok/s=1332 mem=30789MiB
CAT-YOKO-12B B0 step 528/- nll=16.0290 ppl=9147435.0 aux=0.0000 gate=0.000 gn=0.02 moe_cv=0.67 trainable=219.21M lr=4.06e-07 fp8=False nvfp4=True tok=2033664 tok/s=1341 mem=30789MiB
CAT-YOKO-12B B0 step 529/- nll=15.8000 ppl=7275111.3 aux=0.0000 gate=0.000 gn=0.11 moe_cv=0.65 trainable=219.21M lr=4.07e-07 fp8=False nvfp4=True tok=2037760 tok/s=1367 mem=30789MiB
CAT-YOKO-12B B0 step 530/- nll=17.3050 ppl=32769410.4 aux=0.0000 gate=0.000 gn=0.02 moe_cv=0.60 trainable=219.21M lr=4.08e-07 fp8=False nvfp4=True tok=2041856 tok/s=1301 mem=30789MiB
CAT-YOKO-12B B0 step 531/- nll=17.5046 ppl=40008192.5 aux=0.0000 gate=0.000 gn=0.01 moe_cv=0.63 trainable=219.21M lr=4.08e-07 fp8=False nvfp4=True tok=2045952 tok/s=1339 mem=30789MiB
CAT-YOKO-12B B0 step 532/- nll=16.7593 ppl=18987703.4 aux=0.0000 gate=0.000 gn=0.01 moe_cv=0.67 trainable=219.21M lr=4.09e-07 fp8=False nvfp4=True tok=2050048 tok/s=1376 mem=30789MiB
CAT-YOKO-12B B0 step 533/- nll=17.2587 ppl=31285851.6 aux=0.0000 gate=0.000 gn=0.04 moe_cv=0.61 trainable=219.21M lr=4.10e-07 fp8=False nvfp4=True tok=2054144 tok/s=1300 mem=30789MiB
CAT-YOKO-12B B0 step 534/- nll=17.6102 ppl=44463531.8 aux=0.0000 gate=0.000 gn=0.02 moe_cv=0.65 trainable=219.21M lr=4.11e-07 fp8=False nvfp4=True tok=2058240 tok/s=1364 mem=30789MiB
CAT-YOKO-12B B0 step 535/- nll=17.9029 ppl=59583727.5 aux=0.0000 gate=0.000 gn=0.02 moe_cv=0.68 trainable=219.21M lr=4.12e-07 fp8=False nvfp4=True tok=2062336 tok/s=1368 mem=30789MiB
CAT-YOKO-12B B0 step 536/- nll=17.7493 ppl=51102494.6 aux=0.0000 gate=0.000 gn=0.01 moe_cv=0.60 trainable=219.21M lr=4.12e-07 fp8=False nvfp4=True tok=2066432 tok/s=1314 mem=30789MiB
CAT-YOKO-12B B0 step 537/- nll=17.3217 ppl=33320135.4 aux=0.0000 gate=0.000 gn=0.01 moe_cv=0.67 trainable=219.21M lr=4.13e-07 fp8=False nvfp4=True tok=2070528 tok/s=1347 mem=30789MiB
CAT-YOKO-12B B0 step 538/- nll=17.3099 ppl=32928615.2 aux=0.0000 gate=0.000 gn=0.01 moe_cv=0.64 trainable=219.21M lr=4.14e-07 fp8=False nvfp4=True tok=2074624 tok/s=1354 mem=30789MiB
CAT-YOKO-12B B0 step 539/- nll=16.5170 ppl=14901373.7 aux=0.0000 gate=0.000 gn=0.01 moe_cv=0.58 trainable=219.21M lr=4.15e-07 fp8=False nvfp4=True tok=2078720 tok/s=1295 mem=30789MiB
CAT-YOKO-12B B0 step 540/- nll=17.0567 ppl=25563129.2 aux=0.0000 gate=0.000 gn=0.02 moe_cv=0.59 trainable=219.21M lr=4.16e-07 fp8=False nvfp4=True tok=2082816 tok/s=1347 mem=30789MiB
CAT-YOKO-12B B0 step 541/- nll=17.6225 ppl=45016666.0 aux=0.0000 gate=0.000 gn=0.01 moe_cv=0.60 trainable=219.21M lr=4.17e-07 fp8=False nvfp4=True tok=2086912 tok/s=1338 mem=30789MiB
CAT-YOKO-12B B0 step 542/- nll=17.3722 ppl=35046178.1 aux=0.0000 gate=0.000 gn=0.02 moe_cv=0.62 trainable=219.21M lr=4.17e-07 fp8=False nvfp4=True tok=2091008 tok/s=1308 mem=30789MiB
CAT-YOKO-12B B0 step 543/- nll=16.6577 ppl=17153142.6 aux=0.0000 gate=0.000 gn=0.01 moe_cv=0.64 trainable=219.21M lr=4.18e-07 fp8=False nvfp4=True tok=2095104 tok/s=1344 mem=30789MiB
CAT-YOKO-12B B0 step 544/- nll=17.1671 ppl=28547881.2 aux=0.0000 gate=0.000 gn=0.02 moe_cv=0.59 trainable=219.21M lr=4.19e-07 fp8=False nvfp4=True tok=2099200 tok/s=1353 mem=30789MiB
CAT-YOKO-12B B0 step 545/- nll=17.5784 ppl=43071537.6 aux=0.0000 gate=0.000 gn=0.01 moe_cv=0.64 trainable=219.21M lr=4.20e-07 fp8=False nvfp4=True tok=2103296 tok/s=1329 mem=30789MiB
CAT-YOKO-12B B0 step 546/- nll=17.2794 ppl=31941085.5 aux=0.0000 gate=0.000 gn=0.03 moe_cv=0.60 trainable=219.21M lr=4.21e-07 fp8=False nvfp4=True tok=2107392 tok/s=1337 mem=30789MiB
CAT-YOKO-12B B0 step 547/- nll=18.0129 ppl=66515347.5 aux=0.0000 gate=0.000 gn=0.01 moe_cv=0.56 trainable=219.21M lr=4.21e-07 fp8=False nvfp4=True tok=2111488 tok/s=1347 mem=30789MiB
CAT-YOKO-12B B0 step 548/- nll=17.1430 ppl=27868970.1 aux=0.0000 gate=0.000 gn=0.03 moe_cv=0.65 trainable=219.21M lr=4.22e-07 fp8=False nvfp4=True tok=2115584 tok/s=1295 mem=30789MiB
CAT-YOKO-12B B0 step 549/- nll=17.7556 ppl=51422120.3 aux=0.0000 gate=0.000 gn=0.02 moe_cv=0.65 trainable=219.21M lr=4.23e-07 fp8=False nvfp4=True tok=2119680 tok/s=1355 mem=30789MiB
CAT-YOKO-12B B0 step 550/- nll=15.6239 ppl=6100389.7 aux=0.0000 gate=0.000 gn=0.09 moe_cv=0.60 trainable=219.21M lr=4.24e-07 fp8=False nvfp4=True tok=2123776 tok/s=1348 mem=30789MiB
CAT-YOKO-12B B0 step 551/- nll=17.7440 ppl=50830208.4 aux=0.0000 gate=0.000 gn=0.01 moe_cv=0.61 trainable=219.21M lr=4.25e-07 fp8=False nvfp4=True tok=2127872 tok/s=1303 mem=30789MiB
CAT-YOKO-12B B0 step 552/- nll=17.1798 ppl=28914049.6 aux=0.0000 gate=0.000 gn=0.01 moe_cv=0.64 trainable=219.21M lr=4.26e-07 fp8=False nvfp4=True tok=2131968 tok/s=1363 mem=30789MiB
CAT-YOKO-12B B0 step 553/- nll=18.6830 ppl=129995214.2 aux=0.0000 gate=0.000 gn=0.02 moe_cv=0.67 trainable=219.21M lr=4.26e-07 fp8=False nvfp4=True tok=2136064 tok/s=1360 mem=30789MiB
CAT-YOKO-12B B0 step 554/- nll=17.3294 ppl=33577945.8 aux=0.0000 gate=0.000 gn=0.02 moe_cv=0.63 trainable=219.21M lr=4.27e-07 fp8=False nvfp4=True tok=2140160 tok/s=1310 mem=30789MiB
CAT-YOKO-12B B0 step 555/- nll=17.1401 ppl=27787018.2 aux=0.0000 gate=0.000 gn=0.02 moe_cv=0.62 trainable=219.21M lr=4.28e-07 fp8=False nvfp4=True tok=2144256 tok/s=1377 mem=30789MiB
CAT-YOKO-12B B0 step 556/- nll=17.2177 ppl=30030607.2 aux=0.0000 gate=0.000 gn=0.01 moe_cv=0.59 trainable=219.21M lr=4.29e-07 fp8=False nvfp4=True tok=2148352 tok/s=1349 mem=30789MiB
CAT-YOKO-12B B0 step 557/- nll=18.8462 ppl=153045345.6 aux=0.0000 gate=0.000 gn=0.02 moe_cv=0.62 trainable=219.21M lr=4.30e-07 fp8=False nvfp4=True tok=2152448 tok/s=1287 mem=30789MiB
CAT-YOKO-12B B0 step 558/- nll=16.7919 ppl=19616012.7 aux=0.0000 gate=0.000 gn=0.02 moe_cv=0.57 trainable=219.21M lr=4.30e-07 fp8=False nvfp4=True tok=2156544 tok/s=1313 mem=30789MiB
CAT-YOKO-12B B0 step 559/- nll=17.7868 ppl=53053826.5 aux=0.0000 gate=0.000 gn=0.01 moe_cv=0.67 trainable=219.21M lr=4.31e-07 fp8=False nvfp4=True tok=2160640 tok/s=1361 mem=30789MiB
CAT-YOKO-12B B0 step 560/- nll=18.0064 ppl=66078711.8 aux=0.0000 gate=0.000 gn=0.02 moe_cv=0.71 trainable=219.21M lr=4.32e-07 fp8=False nvfp4=True tok=2164736 tok/s=1315 mem=30789MiB
CAT-YOKO-12B B0 step 561/- nll=17.3543 ppl=34426386.5 aux=0.0000 gate=0.000 gn=0.01 moe_cv=0.62 trainable=219.21M lr=4.33e-07 fp8=False nvfp4=True tok=2168832 tok/s=1337 mem=30789MiB
CAT-YOKO-12B B0 step 562/- nll=17.3232 ppl=33372035.1 aux=0.0000 gate=0.000 gn=0.01 moe_cv=0.63 trainable=219.21M lr=4.34e-07 fp8=False nvfp4=True tok=2172928 tok/s=1330 mem=30789MiB
CAT-YOKO-12B B0 step 563/- nll=16.8795 ppl=21411901.6 aux=0.0000 gate=0.000 gn=0.01 moe_cv=0.55 trainable=219.21M lr=4.35e-07 fp8=False nvfp4=True tok=2177024 tok/s=1266 mem=30789MiB
CAT-YOKO-12B B0 step 564/- nll=17.4905 ppl=39447317.6 aux=0.0000 gate=0.000 gn=0.02 moe_cv=0.61 trainable=219.21M lr=4.35e-07 fp8=False nvfp4=True tok=2181120 tok/s=1329 mem=30789MiB
CAT-YOKO-12B B0 step 565/- nll=17.2448 ppl=30855964.3 aux=0.0000 gate=0.000 gn=0.02 moe_cv=0.54 trainable=219.21M lr=4.36e-07 fp8=False nvfp4=True tok=2185216 tok/s=1326 mem=30789MiB
CAT-YOKO-12B B0 step 566/- nll=17.5884 ppl=43503925.8 aux=0.0000 gate=0.000 gn=0.02 moe_cv=0.66 trainable=219.21M lr=4.37e-07 fp8=False nvfp4=True tok=2189312 tok/s=1283 mem=30789MiB
CAT-YOKO-12B B0 step 567/- nll=17.5457 ppl=41685576.6 aux=0.0000 gate=0.000 gn=0.02 moe_cv=0.59 trainable=219.21M lr=4.38e-07 fp8=False nvfp4=True tok=2193408 tok/s=1317 mem=30789MiB
CAT-YOKO-12B B0 step 568/- nll=17.4724 ppl=38740528.2 aux=0.0000 gate=0.000 gn=0.03 moe_cv=0.57 trainable=219.21M lr=4.39e-07 fp8=False nvfp4=True tok=2197504 tok/s=1333 mem=30789MiB
CAT-YOKO-12B B0 step 569/- nll=15.5697 ppl=5778564.8 aux=0.0000 gate=0.000 gn=0.03 moe_cv=0.59 trainable=219.21M lr=4.40e-07 fp8=False nvfp4=True tok=2201600 tok/s=1291 mem=30789MiB
CAT-YOKO-12B B0 step 570/- nll=17.5820 ppl=43228899.8 aux=0.0000 gate=0.000 gn=0.01 moe_cv=0.60 trainable=219.21M lr=4.40e-07 fp8=False nvfp4=True tok=2205696 tok/s=1346 mem=30789MiB
CAT-YOKO-12B B0 step 571/- nll=17.5315 ppl=41101186.4 aux=0.0000 gate=0.000 gn=0.01 moe_cv=0.72 trainable=219.21M lr=4.41e-07 fp8=False nvfp4=True tok=2209792 tok/s=1355 mem=30789MiB
CAT-YOKO-12B B0 step 572/- nll=17.2172 ppl=30015031.4 aux=0.0000 gate=0.000 gn=0.02 moe_cv=0.60 trainable=219.21M lr=4.42e-07 fp8=False nvfp4=True tok=2213888 tok/s=1309 mem=30789MiB
CAT-YOKO-12B B0 step 573/- nll=17.3722 ppl=35048584.6 aux=0.0000 gate=0.000 gn=0.01 moe_cv=0.62 trainable=219.21M lr=4.43e-07 fp8=False nvfp4=True tok=2217984 tok/s=1342 mem=30789MiB
CAT-YOKO-12B B0 step 574/- nll=18.5908 ppl=118548838.3 aux=0.0000 gate=0.000 gn=0.04 moe_cv=0.58 trainable=219.21M lr=4.44e-07 fp8=False nvfp4=True tok=2222080 tok/s=1352 mem=30789MiB
CAT-YOKO-12B B0 step 575/- nll=17.9960 ppl=65394879.2 aux=0.0000 gate=0.000 gn=0.02 moe_cv=0.67 trainable=219.21M lr=4.44e-07 fp8=False nvfp4=True tok=2226176 tok/s=1317 mem=30789MiB
CAT-YOKO-12B B0 step 576/- nll=17.4256 ppl=36969431.7 aux=0.0000 gate=0.000 gn=0.02 moe_cv=0.58 trainable=219.21M lr=4.45e-07 fp8=False nvfp4=True tok=2230272 tok/s=1345 mem=30789MiB
CAT-YOKO-12B B0 step 577/- nll=17.7230 ppl=49774668.1 aux=0.0000 gate=0.000 gn=0.03 moe_cv=0.67 trainable=219.21M lr=4.46e-07 fp8=False nvfp4=True tok=2234368 tok/s=1362 mem=30789MiB
CAT-YOKO-12B B0 step 578/- nll=17.7208 ppl=49663809.6 aux=0.0000 gate=0.000 gn=0.01 moe_cv=0.62 trainable=219.21M lr=4.47e-07 fp8=False nvfp4=True tok=2238464 tok/s=1311 mem=30789MiB
CAT-YOKO-12B B0 step 579/- nll=18.3309 ppl=91417187.1 aux=0.0000 gate=0.000 gn=0.04 moe_cv=0.65 trainable=219.21M lr=4.48e-07 fp8=False nvfp4=True tok=2242560 tok/s=1355 mem=30789MiB
CAT-YOKO-12B B0 step 580/- nll=17.8068 ppl=54126642.0 aux=0.0000 gate=0.000 gn=0.01 moe_cv=0.65 trainable=219.21M lr=4.49e-07 fp8=False nvfp4=True tok=2246656 tok/s=1352 mem=30789MiB
CAT-YOKO-12B B0 step 581/- nll=17.5462 ppl=41706254.0 aux=0.0000 gate=0.000 gn=0.03 moe_cv=0.57 trainable=219.21M lr=4.49e-07 fp8=False nvfp4=True tok=2250752 tok/s=1298 mem=30789MiB
CAT-YOKO-12B B0 step 582/- nll=17.1137 ppl=27064392.1 aux=0.0000 gate=0.000 gn=0.01 moe_cv=0.65 trainable=219.21M lr=4.50e-07 fp8=False nvfp4=True tok=2254848 tok/s=1363 mem=30789MiB
CAT-YOKO-12B B0 step 583/- nll=17.2540 ppl=31138687.1 aux=0.0000 gate=0.000 gn=0.01 moe_cv=0.62 trainable=219.21M lr=4.51e-07 fp8=False nvfp4=True tok=2258944 tok/s=1362 mem=30789MiB
CAT-YOKO-12B B0 step 584/- nll=17.8592 ppl=57035272.5 aux=0.0000 gate=0.000 gn=0.02 moe_cv=0.59 trainable=219.21M lr=4.52e-07 fp8=False nvfp4=True tok=2263040 tok/s=1296 mem=30789MiB
CAT-YOKO-12B B0 step 585/- nll=17.2446 ppl=30847608.3 aux=0.0000 gate=0.000 gn=0.01 moe_cv=0.61 trainable=219.21M lr=4.53e-07 fp8=False nvfp4=True tok=2267136 tok/s=1351 mem=30789MiB
CAT-YOKO-12B B0 step 586/- nll=17.1042 ppl=26808637.7 aux=0.0000 gate=0.000 gn=0.01 moe_cv=0.63 trainable=219.21M lr=4.53e-07 fp8=False nvfp4=True tok=2271232 tok/s=1365 mem=30789MiB
CAT-YOKO-12B B0 step 587/- nll=15.4157 ppl=4953918.7 aux=0.0000 gate=0.000 gn=0.08 moe_cv=0.66 trainable=219.21M lr=4.54e-07 fp8=False nvfp4=True tok=2275328 tok/s=1326 mem=30789MiB
CAT-YOKO-12B B0 step 588/- nll=15.6197 ppl=6074839.3 aux=0.0000 gate=0.000 gn=0.02 moe_cv=0.69 trainable=219.21M lr=4.55e-07 fp8=False nvfp4=True tok=2279424 tok/s=1373 mem=30789MiB
CAT-YOKO-12B B0 step 589/- nll=18.7272 ppl=135865851.9 aux=0.0000 gate=0.000 gn=0.04 moe_cv=0.62 trainable=219.21M lr=4.56e-07 fp8=False nvfp4=True tok=2283520 tok/s=1337 mem=30789MiB
CAT-YOKO-12B B0 step 590/- nll=17.4037 ppl=36166940.2 aux=0.0000 gate=0.000 gn=0.03 moe_cv=0.60 trainable=219.21M lr=4.57e-07 fp8=False nvfp4=True tok=2287616 tok/s=1300 mem=30789MiB
CAT-YOKO-12B B0 step 591/- nll=17.6524 ppl=46379785.6 aux=0.0000 gate=0.000 gn=0.01 moe_cv=0.62 trainable=219.21M lr=4.58e-07 fp8=False nvfp4=True tok=2291712 tok/s=1353 mem=30789MiB
CAT-YOKO-12B B0 step 592/- nll=17.1801 ppl=28922874.8 aux=0.0000 gate=0.000 gn=0.01 moe_cv=0.63 trainable=219.21M lr=4.58e-07 fp8=False nvfp4=True tok=2295808 tok/s=1366 mem=30789MiB
CAT-YOKO-12B B0 step 593/- nll=16.7620 ppl=19038364.9 aux=0.0000 gate=0.000 gn=0.01 moe_cv=0.72 trainable=219.21M lr=4.59e-07 fp8=False nvfp4=True tok=2299904 tok/s=1320 mem=30789MiB
CAT-YOKO-12B B0 step 594/- nll=18.0870 ppl=71624682.6 aux=0.0000 gate=0.000 gn=0.02 moe_cv=0.57 trainable=219.21M lr=4.60e-07 fp8=False nvfp4=True tok=2304000 tok/s=1348 mem=30789MiB
CAT-YOKO-12B B0 step 595/- nll=17.6210 ppl=44945885.2 aux=0.0000 gate=0.000 gn=0.02 moe_cv=0.63 trainable=219.21M lr=4.61e-07 fp8=False nvfp4=True tok=2308096 tok/s=1349 mem=30789MiB
CAT-YOKO-12B B0 step 596/- nll=17.5087 ppl=40172135.2 aux=0.0000 gate=0.000 gn=0.05 moe_cv=0.57 trainable=219.21M lr=4.62e-07 fp8=False nvfp4=True tok=2312192 tok/s=1307 mem=30789MiB
CAT-YOKO-12B B0 step 597/- nll=16.8445 ppl=20676752.7 aux=0.0000 gate=0.000 gn=0.09 moe_cv=0.64 trainable=219.21M lr=4.62e-07 fp8=False nvfp4=True tok=2316288 tok/s=1359 mem=30789MiB
CAT-YOKO-12B B0 step 598/- nll=16.5330 ppl=15142677.6 aux=0.0000 gate=0.000 gn=0.04 moe_cv=0.65 trainable=219.21M lr=4.63e-07 fp8=False nvfp4=True tok=2320384 tok/s=1351 mem=30789MiB
CAT-YOKO-12B B0 step 599/- nll=17.4915 ppl=39487516.1 aux=0.0000 gate=0.000 gn=0.01 moe_cv=0.69 trainable=219.21M lr=4.64e-07 fp8=False nvfp4=True tok=2324480 tok/s=1332 mem=30789MiB
CAT-YOKO-12B B0 step 600/- nll=18.4849 ppl=106627481.6 aux=0.0000 gate=0.000 gn=0.04 moe_cv=0.54 trainable=219.21M lr=4.65e-07 fp8=False nvfp4=True tok=2328576 tok/s=1335 mem=30789MiB
CAT-YOKO-12B B0 step 601/- nll=15.5197 ppl=5496907.6 aux=0.0000 gate=0.000 gn=0.02 moe_cv=0.62 trainable=219.21M lr=4.66e-07 fp8=False nvfp4=True tok=2332672 tok/s=1337 mem=30789MiB
CAT-YOKO-12B B0 step 602/- nll=17.0248 ppl=24760949.8 aux=0.0000 gate=0.000 gn=0.02 moe_cv=0.65 trainable=219.21M lr=4.67e-07 fp8=False nvfp4=True tok=2336768 tok/s=1312 mem=30789MiB
CAT-YOKO-12B B0 step 603/- nll=17.1727 ppl=28709128.0 aux=0.0000 gate=0.000 gn=0.02 moe_cv=0.65 trainable=219.21M lr=4.67e-07 fp8=False nvfp4=True tok=2340864 tok/s=1364 mem=30789MiB
CAT-YOKO-12B B0 step 604/- nll=17.0632 ppl=25729689.8 aux=0.0000 gate=0.000 gn=0.02 moe_cv=0.61 trainable=219.21M lr=4.68e-07 fp8=False nvfp4=True tok=2344960 tok/s=1358 mem=30789MiB
CAT-YOKO-12B B0 step 605/- nll=17.7419 ppl=50724835.1 aux=0.0000 gate=0.000 gn=0.02 moe_cv=0.56 trainable=219.21M lr=4.69e-07 fp8=False nvfp4=True tok=2349056 tok/s=1258 mem=30789MiB
CAT-YOKO-12B B0 step 606/- nll=18.2412 ppl=83570521.4 aux=0.0000 gate=0.000 gn=0.03 moe_cv=0.62 trainable=219.21M lr=4.70e-07 fp8=False nvfp4=True tok=2353152 tok/s=1339 mem=30789MiB
CAT-YOKO-12B B0 step 607/- nll=17.4403 ppl=37515677.5 aux=0.0000 gate=0.000 gn=0.01 moe_cv=0.60 trainable=219.21M lr=4.71e-07 fp8=False nvfp4=True tok=2357248 tok/s=1357 mem=30789MiB
CAT-YOKO-12B B0 step 608/- nll=17.3859 ppl=35530309.6 aux=0.0000 gate=0.000 gn=0.02 moe_cv=0.68 trainable=219.21M lr=4.71e-07 fp8=False nvfp4=True tok=2361344 tok/s=1337 mem=30789MiB
CAT-YOKO-12B B0 step 609/- nll=17.4398 ppl=37497935.9 aux=0.0000 gate=0.000 gn=0.02 moe_cv=0.59 trainable=219.21M lr=4.72e-07 fp8=False nvfp4=True tok=2365440 tok/s=1354 mem=30789MiB
CAT-YOKO-12B B0 step 610/- nll=17.2712 ppl=31681578.7 aux=0.0000 gate=0.000 gn=0.02 moe_cv=0.61 trainable=219.21M lr=4.73e-07 fp8=False nvfp4=True tok=2369536 tok/s=1336 mem=30789MiB
CAT-YOKO-12B B0 step 611/- nll=16.9347 ppl=22627513.2 aux=0.0000 gate=0.000 gn=0.02 moe_cv=0.64 trainable=219.21M lr=4.74e-07 fp8=False nvfp4=True tok=2373632 tok/s=1303 mem=30789MiB
CAT-YOKO-12B B0 step 612/- nll=17.4845 ppl=39212892.6 aux=0.0000 gate=0.000 gn=0.02 moe_cv=0.63 trainable=219.21M lr=4.75e-07 fp8=False nvfp4=True tok=2377728 tok/s=1352 mem=30789MiB
CAT-YOKO-12B B0 step 613/- nll=17.2379 ppl=30641487.5 aux=0.0000 gate=0.000 gn=0.02 moe_cv=0.62 trainable=219.21M lr=4.76e-07 fp8=False nvfp4=True tok=2381824 tok/s=1353 mem=30789MiB
CAT-YOKO-12B B0 step 614/- nll=17.9042 ppl=59661512.7 aux=0.0000 gate=0.000 gn=0.04 moe_cv=0.57 trainable=219.21M lr=4.76e-07 fp8=False nvfp4=True tok=2385920 tok/s=1309 mem=30789MiB
CAT-YOKO-12B B0 step 615/- nll=16.8259 ppl=20295013.5 aux=0.0000 gate=0.000 gn=0.02 moe_cv=0.66 trainable=219.21M lr=4.77e-07 fp8=False nvfp4=True tok=2390016 tok/s=1359 mem=30789MiB
CAT-YOKO-12B B0 step 616/- nll=17.3332 ppl=33706601.6 aux=0.0000 gate=0.000 gn=0.06 moe_cv=0.68 trainable=219.21M lr=4.78e-07 fp8=False nvfp4=True tok=2394112 tok/s=1357 mem=30789MiB
CAT-YOKO-12B B0 step 617/- nll=17.8557 ppl=56837191.3 aux=0.0000 gate=0.000 gn=0.02 moe_cv=0.61 trainable=219.21M lr=4.79e-07 fp8=False nvfp4=True tok=2398208 tok/s=1309 mem=30789MiB
CAT-YOKO-12B B0 step 618/- nll=16.1264 ppl=10083427.7 aux=0.0000 gate=0.000 gn=0.04 moe_cv=0.63 trainable=219.21M lr=4.80e-07 fp8=False nvfp4=True tok=2402304 tok/s=1351 mem=30789MiB
CAT-YOKO-12B B0 step 619/- nll=15.8113 ppl=7357913.3 aux=0.0000 gate=0.000 gn=0.09 moe_cv=0.66 trainable=219.21M lr=4.80e-07 fp8=False nvfp4=True tok=2406400 tok/s=1369 mem=30789MiB
CAT-YOKO-12B B0 step 620/- nll=17.1266 ppl=27416290.8 aux=0.0000 gate=0.000 gn=0.02 moe_cv=0.61 trainable=219.21M lr=4.81e-07 fp8=False nvfp4=True tok=2410496 tok/s=1318 mem=30789MiB
CAT-YOKO-12B B0 step 621/- nll=17.1598 ppl=28340581.1 aux=0.0000 gate=0.000 gn=0.02 moe_cv=0.67 trainable=219.21M lr=4.82e-07 fp8=False nvfp4=True tok=2414592 tok/s=1359 mem=30789MiB
CAT-YOKO-12B B0 step 622/- nll=17.4663 ppl=38504501.2 aux=0.0000 gate=0.000 gn=0.01 moe_cv=0.61 trainable=219.21M lr=4.83e-07 fp8=False nvfp4=True tok=2418688 tok/s=1337 mem=30789MiB
CAT-YOKO-12B B0 step 623/- nll=17.6973 ppl=48510480.3 aux=0.0000 gate=0.000 gn=0.02 moe_cv=0.63 trainable=219.21M lr=4.84e-07 fp8=False nvfp4=True tok=2422784 tok/s=1284 mem=30789MiB
CAT-YOKO-12B B0 step 624/- nll=16.8340 ppl=20460471.3 aux=0.0000 gate=0.000 gn=0.01 moe_cv=0.67 trainable=219.21M lr=4.85e-07 fp8=False nvfp4=True tok=2426880 tok/s=1351 mem=30789MiB
CAT-YOKO-12B B0 step 625/- nll=17.4071 ppl=36290215.4 aux=0.0000 gate=0.000 gn=0.02 moe_cv=0.61 trainable=219.21M lr=4.85e-07 fp8=False nvfp4=True tok=2430976 tok/s=1363 mem=30789MiB
CAT-YOKO-12B B0 step 626/- nll=18.1623 ppl=77228795.5 aux=0.0000 gate=0.000 gn=0.02 moe_cv=0.59 trainable=219.21M lr=4.86e-07 fp8=False nvfp4=True tok=2435072 tok/s=1310 mem=30789MiB
CAT-YOKO-12B B0 step 627/- nll=18.0306 ppl=67699289.5 aux=0.0000 gate=0.000 gn=0.01 moe_cv=0.61 trainable=219.21M lr=4.87e-07 fp8=False nvfp4=True tok=2439168 tok/s=1358 mem=30789MiB
CAT-YOKO-12B B0 step 628/- nll=16.1406 ppl=10227577.4 aux=0.0000 gate=0.000 gn=0.02 moe_cv=0.65 trainable=219.21M lr=4.88e-07 fp8=False nvfp4=True tok=2443264 tok/s=1356 mem=30789MiB
CAT-YOKO-12B B0 step 629/- nll=18.2149 ppl=81399679.8 aux=0.0000 gate=0.000 gn=0.04 moe_cv=0.59 trainable=219.21M lr=4.89e-07 fp8=False nvfp4=True tok=2447360 tok/s=1308 mem=30789MiB
CAT-YOKO-12B B0 step 630/- nll=17.1378 ppl=27724126.0 aux=0.0000 gate=0.000 gn=0.09 moe_cv=0.68 trainable=219.21M lr=4.89e-07 fp8=False nvfp4=True tok=2451456 tok/s=1375 mem=30789MiB
CAT-YOKO-12B B0 step 631/- nll=17.1709 ppl=28655678.9 aux=0.0000 gate=0.000 gn=0.02 moe_cv=0.65 trainable=219.21M lr=4.90e-07 fp8=False nvfp4=True tok=2455552 tok/s=1348 mem=30789MiB
CAT-YOKO-12B B0 step 632/- nll=17.7633 ppl=51818806.6 aux=0.0000 gate=0.000 gn=0.02 moe_cv=0.58 trainable=219.21M lr=4.91e-07 fp8=False nvfp4=True tok=2459648 tok/s=1301 mem=30789MiB
CAT-YOKO-12B B0 step 633/- nll=17.5555 ppl=42096342.6 aux=0.0000 gate=0.000 gn=0.04 moe_cv=0.60 trainable=219.21M lr=4.92e-07 fp8=False nvfp4=True tok=2463744 tok/s=1349 mem=30789MiB
CAT-YOKO-12B B0 step 634/- nll=17.3789 ppl=35284216.7 aux=0.0000 gate=0.000 gn=0.01 moe_cv=0.59 trainable=219.21M lr=4.93e-07 fp8=False nvfp4=True tok=2467840 tok/s=1352 mem=30789MiB
CAT-YOKO-12B B0 step 635/- nll=17.6592 ppl=46695427.2 aux=0.0000 gate=0.000 gn=0.02 moe_cv=0.62 trainable=219.21M lr=4.94e-07 fp8=False nvfp4=True tok=2471936 tok/s=1284 mem=30789MiB
CAT-YOKO-12B B0 step 636/- nll=17.5175 ppl=40526225.6 aux=0.0000 gate=0.000 gn=0.03 moe_cv=0.56 trainable=219.21M lr=4.94e-07 fp8=False nvfp4=True tok=2476032 tok/s=1332 mem=30789MiB
CAT-YOKO-12B B0 step 637/- nll=17.2770 ppl=31864597.3 aux=0.0000 gate=0.000 gn=0.02 moe_cv=0.70 trainable=219.21M lr=4.95e-07 fp8=False nvfp4=True tok=2480128 tok/s=1374 mem=30789MiB
CAT-YOKO-12B B0 step 638/- nll=17.8284 ppl=55303683.1 aux=0.0000 gate=0.000 gn=0.02 moe_cv=0.61 trainable=219.21M lr=4.96e-07 fp8=False nvfp4=True tok=2484224 tok/s=1316 mem=30789MiB
CAT-YOKO-12B B0 step 639/- nll=17.5269 ppl=40912455.7 aux=0.0000 gate=0.000 gn=0.01 moe_cv=0.64 trainable=219.21M lr=4.97e-07 fp8=False nvfp4=True tok=2488320 tok/s=1367 mem=30789MiB
CAT-YOKO-12B B0 step 640/- nll=18.0026 ppl=65833023.1 aux=0.0000 gate=0.000 gn=0.03 moe_cv=0.58 trainable=219.21M lr=4.98e-07 fp8=False nvfp4=True tok=2492416 tok/s=1342 mem=30789MiB
CAT-YOKO-12B B0 step 641/- nll=16.3262 ppl=12312929.3 aux=0.0000 gate=0.000 gn=0.02 moe_cv=0.54 trainable=219.21M lr=4.98e-07 fp8=False nvfp4=True tok=2496512 tok/s=1296 mem=30789MiB
CAT-YOKO-12B B0 step 642/- nll=17.6165 ppl=44744023.0 aux=0.0000 gate=0.000 gn=0.02 moe_cv=0.62 trainable=219.21M lr=4.99e-07 fp8=False nvfp4=True tok=2500608 tok/s=1360 mem=30789MiB
CAT-YOKO-12B B0 step 643/- nll=18.3574 ppl=93871118.4 aux=0.0000 gate=0.000 gn=0.03 moe_cv=0.64 trainable=219.21M lr=5.00e-07 fp8=False nvfp4=True tok=2504704 tok/s=1339 mem=30789MiB
CAT-YOKO-12B B0 step 644/- nll=16.8683 ppl=21173508.0 aux=0.0000 gate=0.000 gn=0.01 moe_cv=0.62 trainable=219.21M lr=5.01e-07 fp8=False nvfp4=True tok=2508800 tok/s=1330 mem=30789MiB
CAT-YOKO-12B B0 step 645/- nll=16.8275 ppl=20327090.4 aux=0.0000 gate=0.000 gn=0.03 moe_cv=0.65 trainable=219.21M lr=5.02e-07 fp8=False nvfp4=True tok=2512896 tok/s=1347 mem=30789MiB
CAT-YOKO-12B B0 step 646/- nll=17.1711 ppl=28661855.7 aux=0.0000 gate=0.000 gn=0.02 moe_cv=0.60 trainable=219.21M lr=5.03e-07 fp8=False nvfp4=True tok=2516992 tok/s=1354 mem=30789MiB
CAT-YOKO-12B B0 step 647/- nll=17.0071 ppl=24327553.0 aux=0.0000 gate=0.000 gn=0.03 moe_cv=0.64 trainable=219.21M lr=5.03e-07 fp8=False nvfp4=True tok=2521088 tok/s=1327 mem=30789MiB
CAT-YOKO-12B B0 step 648/- nll=17.5998 ppl=44006159.2 aux=0.0000 gate=0.000 gn=0.01 moe_cv=0.69 trainable=219.21M lr=5.04e-07 fp8=False nvfp4=True tok=2525184 tok/s=1374 mem=30789MiB
CAT-YOKO-12B B0 step 649/- nll=17.8112 ppl=54362641.8 aux=0.0000 gate=0.000 gn=0.02 moe_cv=0.59 trainable=219.21M lr=5.05e-07 fp8=False nvfp4=True tok=2529280 tok/s=1350 mem=30789MiB
CAT-YOKO-12B B0 step 650/- nll=17.2099 ppl=29797759.7 aux=0.0000 gate=0.000 gn=0.03 moe_cv=0.63 trainable=219.21M lr=5.06e-07 fp8=False nvfp4=True tok=2533376 tok/s=1310 mem=30789MiB
CAT-YOKO-12B B0 step 651/- nll=18.3627 ppl=94367305.5 aux=0.0000 gate=0.000 gn=0.04 moe_cv=0.67 trainable=219.21M lr=5.07e-07 fp8=False nvfp4=True tok=2537472 tok/s=1378 mem=30789MiB
CAT-YOKO-12B B0 step 652/- nll=17.5878 ppl=43480366.7 aux=0.0000 gate=0.000 gn=0.02 moe_cv=0.65 trainable=219.21M lr=5.07e-07 fp8=False nvfp4=True tok=2541568 tok/s=1367 mem=30789MiB
CAT-YOKO-12B B0 step 653/- nll=18.3537 ppl=93521380.6 aux=0.0000 gate=0.000 gn=0.04 moe_cv=0.60 trainable=219.21M lr=5.08e-07 fp8=False nvfp4=True tok=2545664 tok/s=1289 mem=30789MiB
CAT-YOKO-12B B0 step 654/- nll=16.9689 ppl=23414462.4 aux=0.0000 gate=0.000 gn=0.03 moe_cv=0.58 trainable=219.21M lr=5.09e-07 fp8=False nvfp4=True tok=2549760 tok/s=1352 mem=30789MiB
CAT-YOKO-12B B0 step 655/- nll=16.7973 ppl=19722596.0 aux=0.0000 gate=0.000 gn=0.03 moe_cv=0.63 trainable=219.21M lr=5.10e-07 fp8=False nvfp4=True tok=2553856 tok/s=1334 mem=30789MiB
CAT-YOKO-12B B0 step 656/- nll=18.3777 ppl=95796715.0 aux=0.0000 gate=0.000 gn=0.02 moe_cv=0.65 trainable=219.21M lr=5.11e-07 fp8=False nvfp4=True tok=2557952 tok/s=1315 mem=30789MiB
CAT-YOKO-12B B0 step 657/- nll=17.5415 ppl=41513161.2 aux=0.0000 gate=0.000 gn=0.02 moe_cv=0.63 trainable=219.21M lr=5.12e-07 fp8=False nvfp4=True tok=2562048 tok/s=1355 mem=30789MiB
